ist_no,station,il,ilce,basin,enlem,boylam,veri_zamani,sicaklik_c,qc_flag,source,date_inferred
17486,İSKENDERUN KÖRFEZİ,Hatay,Payas,Akdeniz,36.59159,36.17992,2021-02-07T19:39:00.000Z,17.4,,mgm,0
17015,AKÇAKOCA,Düzce,Akçakoca,Karadeniz,41.089528,31.143039,2021-02-08T06:00:00.000Z,10.8,,mgm,0
17024,İNEBOLU,Kastamonu,İnebolu,Karadeniz,41.978937,33.762945,2021-02-08T06:00:00.000Z,10.4,,mgm,0
17026,SİNOP,Sinop,Merkez,Karadeniz,42.029821,35.154286,2021-02-08T06:00:00.000Z,11.2,,mgm,0
17030,SAMSUN BÖLGE,Samsun,Atakum,Karadeniz,41.344286,36.255794,2021-02-08T06:00:00.000Z,10.0,,mgm,0
17033,ORDU,Ordu,Altınordu,Karadeniz,40.983833,37.885833,2021-02-08T06:00:00.000Z,10.9,,mgm,0
17034,GİRESUN,Giresun,Merkez,Karadeniz,40.922667,38.387833,2021-02-08T06:00:00.000Z,10.5,,mgm,0
17038,TRABZON HAVALİMANI,Trabzon,Ortahisar,Karadeniz,40.999133,39.779248,2021-02-08T06:00:00.000Z,9.1,,mgm,0
17040,RİZE,Rize,Merkez,Karadeniz,41.04,40.501333,2021-02-08T06:00:00.000Z,9.3,,mgm,0
17042,HOPA,Artvin,Hopa,Karadeniz,41.4065,41.433,2021-02-08T06:00:00.000Z,11.6,,mgm,0
17056,TEKİRDAĞ,Tekirdağ,Süleymanpaşa,Marmara,40.957959,27.496181,2021-02-08T06:00:00.000Z,10.6,,mgm,0
17059,SARIYER/KUMKÖY-KİLYOS,İstanbul,Sarıyer,Karadeniz,41.25047,29.038367,2021-02-08T06:00:00.000Z,9.9,,mgm,0
17112,ÇANAKKALE,Çanakkale,Merkez,Marmara,40.141428,26.399616,2021-02-08T06:00:00.000Z,11.0,,mgm,0
17175,AYVALIK,Balıkesir,Ayvalık,Ege,39.311292,26.686445,2021-02-08T06:00:00.000Z,13.2,,mgm,0
17180,DİKİLİ,İzmir,Dikili,Ege,39.073861,26.888093,2021-02-08T06:00:00.000Z,14.7,,mgm,0
17220,İZMİR BÖLGE,İzmir,Konak,Ege,38.3945,27.0821,2021-02-08T06:00:00.000Z,13.8,,mgm,0
17221,ÇEŞME,İzmir,Çeşme,Ege,38.303858,26.372882,2021-02-08T06:00:00.000Z,16.6,,mgm,0
17232,KUŞADASI,Aydın,Kuşadası,Ege,37.859636,27.265115,2021-02-08T06:00:00.000Z,17.0,,mgm,0
17290,BODRUM,Muğla,Bodrum,Ege,37.032611,27.439801,2021-02-08T06:00:00.000Z,18.5,,mgm,0
17296,FETHİYE,Muğla,Fethiye,Akdeniz,36.626611,29.123804,2021-02-08T06:00:00.000Z,18.3,,mgm,0
17297,DATÇA,Muğla,Datça,Ege,36.707945,27.691918,2021-02-08T06:00:00.000Z,17.8,,mgm,0
17298,MARMARİS,Muğla,Marmaris,Akdeniz,36.83926,28.244995,2021-02-08T06:00:00.000Z,18.0,,mgm,0
17302,ANTALYA BÖLGE,Antalya,Muratpaşa,Akdeniz,36.885073,30.682793,2021-02-08T06:00:00.000Z,18.1,,mgm,0
17310,ALANYA,Antalya,Alanya,Akdeniz,36.54999,31.979822,2021-02-08T06:00:00.000Z,18.3,,mgm,0
17320,ANAMUR,Mersin,Anamur,Akdeniz,36.068614,32.864876,2021-02-08T06:00:00.000Z,17.4,,mgm,0
17340,MERSİN,Mersin,Yenişehir,Akdeniz,36.780904,34.603125,2021-02-08T06:00:00.000Z,16.5,,mgm,0
17370,İSKENDERUN,Hatay,İskenderun,Akdeniz,36.592358,36.158158,2021-02-08T06:00:00.000Z,17.4,,mgm,0
17375,FİNİKE,Antalya,Finike,Akdeniz,36.3024,30.1458,2021-02-08T06:00:00.000Z,18.0,,mgm,0
17380,KAŞ,Antalya,Kaş,Akdeniz,36.200579,29.649995,2021-02-08T06:00:00.000Z,17.9,,mgm,0
17427,BOZCAADA LİMAN GİRİŞİ GÜNEY MENDİREK FENERİ,Çanakkale,Bozcaada,Ege,39.8341,26.0748,2021-02-08T15:24:00.000Z,17.2,,mgm,0
17433,GÖKÇEADA UĞURLU LİMAN FENERİ,Çanakkale,Gökçeada,Ege,40.1153,25.6989,2021-02-08T19:06:00.000Z,10.7,,mgm,0
17421,AYVALIK KANAL SANCAK A FENERİ,Balıkesir,Ayvalık,Ege,39.323394,26.640546,2021-02-08T19:27:00.000Z,15.3,,mgm,0
17425,LAPSEKİ/ZİNCİRBOZAN FENERİ,Çanakkale,Lapseki,Marmara,40.4206,26.7536,2021-02-08T19:27:00.000Z,11.8,,mgm,0
17426,BARTIN GÜNEY MENDİREK FENERİ,Bartın,Merkez,Karadeniz,41.6864,32.2261,2021-02-08T19:27:00.000Z,9.5,,mgm,0
17428,AYVACIK/GÜLPINAR ANA MENDİREK FENERİ,Çanakkale,Ayvacık,Ege,39.5658,26.0967,2021-02-08T19:27:00.000Z,16.9,,mgm,0
17430,GÖKÇEADA KALEKÖY ANA MENDİREK FENERİ,Çanakkale,Gökçeada,Ege,40.2317,25.8914,2021-02-08T19:27:00.000Z,15.8,,mgm,0
17431,BİGA/KARABİGA BAR. (B) NOKTASI GÜNEY MEN. FENERİ,Çanakkale,Biga,Marmara,40.399583,27.305591,2021-02-08T19:27:00.000Z,11.6,,mgm,0
17434,EZİNE YENİKÖY BAL.BAR. ANA MENDİREK FENERİ,Çanakkale,Ezine,Ege,39.9447,26.1611,2021-02-08T19:27:00.000Z,17.1,,mgm,0
17445,CİDE KUZEY MENDİREK FENERİ,Kastamonu,Cide,Karadeniz,41.9006,32.9778,2021-02-08T19:27:00.000Z,10.0,,mgm,0
17446,İNEBOLU KUZEY MENDİREK FENERİ,Kastamonu,İnebolu,Karadeniz,41.9817,33.7769,2021-02-08T19:27:00.000Z,10.4,,mgm,0
17450,BODRUM YALIKAVAK GEMİTAŞI FENERİ,Muğla,Bodrum,Ege,37.150133,27.263333,2021-02-08T19:27:00.000Z,16.1,,mgm,0
17455,SARIYER/RUMELİ FENERİ BAL. BAR. ANA MENDİREK FENERİ,İstanbul,Sarıyer,Karadeniz,41.229151,29.114919,2021-02-08T19:27:00.000Z,10.9,,mgm,0
17459,İLKADIM/SAMSUN LİMAN KUZEY MENDİREK FENERİ,Samsun,İlkadım,Karadeniz,41.309587,36.355678,2021-02-08T19:27:00.000Z,10.8,,mgm,0
17474,FİNİKE BALIKÇI BARINAĞI ANA MENDİREK FENER,Antalya,Finike,Akdeniz,36.2953,30.1533,2021-02-08T19:27:00.000Z,17.9,,mgm,0
17482,VAN LİMAN,Van,Tuşba,Van Gölü,38.51486,43.307362,2021-02-08T19:27:00.000Z,5.5,,mgm,0
17489,MUDANYA/GÜZELYALI BALIKÇI BARINAĞI,Bursa,Mudanya,Marmara,40.35612,28.934036,2021-02-08T19:27:00.000Z,9.8,,mgm,0
17491,GEVAŞ AKDAMAR FENERİ,Van,Gevaş,Van Gölü,38.309988,43.041398,2021-02-08T19:27:00.000Z,5.6,,mgm,0
17386,BODRUM KARAADA SIĞLIK IŞIKLI ŞAMANDIRA,Muğla,Bodrum,Ege,37.0081,27.4142,2021-02-08T19:28:00.000Z,18.4,,mgm,0
17423,MARMARA BARINAK ANA MENDİREK FENERİ,Balıkesir,Marmara,Marmara,40.583839,27.560849,2021-02-08T19:28:00.000Z,10.7,,mgm,0
17435,AKÇAKOCA FENERİ,Düzce,Akçakoca,Karadeniz,41.0922,31.1197,2021-02-08T19:28:00.000Z,11.2,,mgm,0
17436,ENEZ TALİ MENDİREK FENERİ,Edirne,Enez,Ege,40.698218,26.051263,2021-02-08T19:28:00.000Z,13.1,,mgm,0
17437,TUZLA AYDINLI LİMAN FENERİ,İstanbul,Tuzla,Marmara,40.850611,29.271174,2021-02-08T19:28:00.000Z,10.2,,mgm,0
17438,SİLİVRİ ANA MENDİREK FENERİ,İstanbul,Silivri,Marmara,41.072866,28.238398,2021-02-08T19:28:00.000Z,10.8,,mgm,0
17442,KONAK/İZMİR PASAPORT MENDİREK FENERİ,İzmir,Konak,Ege,38.429236,27.131698,2021-02-08T19:28:00.000Z,14.0,,mgm,0
17444,KARABURUN/MORDOĞAN ANA MENDİREK (KUZEY) FENERİ,İzmir,Karaburun,Ege,38.517845,26.627861,2021-02-08T19:28:00.000Z,14.3,,mgm,0
17447,VİZE/MİDYE KIYIKÖY BATI MENDİREK FENERİ (ANA),Kırklareli,Vize,Karadeniz,41.630847,28.101353,2021-02-08T19:28:00.000Z,9.5,,mgm,0
17448,TUZLA İTÜ GÜNEY MENDİREK FENERİ,İstanbul,Tuzla,Marmara,40.811828,29.297373,2021-02-08T19:28:00.000Z,10.2,,mgm,0
17451,MARMARA EREĞLİSİ BAL.BAR.ANA MENDİREK FENERİ,Tekirdağ,Marmaraereğlisi,Marmara,40.970825,27.959676,2021-02-08T19:28:00.000Z,10.6,,mgm,0
17452,YALOVA SAMANLIDERE TALİ (DOĞU) MENDİREK FENERİ,Yalova,Merkez,Marmara,40.660597,29.246969,2021-02-08T19:28:00.000Z,10.3,,mgm,0
17453,ZONGULDAK GÜNEY MENDİREK FENERİ,Zonguldak,Merkez,Karadeniz,41.458611,31.779166,2021-02-08T19:28:00.000Z,9.5,,mgm,0
17460,ÜNYE BALIKÇI BARINAĞI ANA MENDİREK FENERİ,Ordu,Ünye,Karadeniz,41.116448,37.348722,2021-02-08T19:28:00.000Z,11.9,,mgm,0
17465,ARAKLI BALIKÇI BARINAĞI TALİ MENDİREK FENERİ,Trabzon,Araklı,Karadeniz,40.945081,40.053776,2021-02-08T19:28:00.000Z,9.0,,mgm,0
17475,KEMER SIĞLIK FENERİ,Antalya,Kemer,Akdeniz,36.612395,30.574242,2021-02-08T19:28:00.000Z,18.5,,mgm,0
17479,SİLİFKE/TAŞUCU SEKA ANA MENDİREK FENERİ,Mersin,Silifke,Akdeniz,36.309162,33.889845,2021-02-08T19:28:00.000Z,16.9,,mgm,0
17483,TATVAN LİMAN,Bitlis,Tatvan,Van Gölü,38.512592,42.302103,2021-02-08T19:28:00.000Z,3.3,,mgm,0
17484,ADİLCEVAZ LİMAN,Bitlis,Adilcevaz,Van Gölü,38.797236,42.729931,2021-02-08T19:28:00.000Z,4.1,,mgm,0
17454,FATİH/KUMKAPI FENERİ,İstanbul,Fatih,Marmara,41.000994,28.965432,2021-02-08T19:29:00.000Z,11.0,,mgm,0
17470,İNCEBURUN (YILDIZADASI) MARMARİS FENERİ,Muğla,Marmaris,Akdeniz,36.813936,28.265907,2021-02-08T19:29:00.000Z,17.6,,mgm,0
17464,TRABZON LİMANI ANA MENDİREK FENERİ,Trabzon,Ortahisar,Karadeniz,41.006776,39.750108,2021-02-08T19:30:00.000Z,9.7,,mgm,0
17472,FETHİYE/İBLİSBURNU DÖKÜNTÜTAŞ FENERİ,Muğla,Fethiye,Akdeniz,36.5455556,29.0108333,2021-02-08T19:30:00.000Z,18.4,,mgm,0
17477,ALANYA YENİ YAT LİMAN ANA MENDİREK FENERİ,Antalya,Alanya,Akdeniz,36.557404,31.951419,2021-02-08T19:30:00.000Z,18.5,,mgm,0
17466,ÇAYELİ BALIKÇI BARINAĞI TALİ MENDİREK FENERİ,Rize,Çayeli,Karadeniz,41.090095,40.722557,2021-02-08T19:31:00.000Z,10.5,,mgm,0
17471,FETHİYE/KIZILADA FENERİ,Muğla,Fethiye,Akdeniz,36.653003,29.044002,2021-02-08T19:31:00.000Z,18.3,,mgm,0
17480,KARATAŞ BALIKÇI BARINAĞI TALİ MENDİREK FENERİ,Adana,Karataş,Akdeniz,36.557986,35.383499,2021-02-08T19:31:00.000Z,15.2,,mgm,0
17015,AKÇAKOCA,Düzce,Akçakoca,Karadeniz,41.089528,31.143039,2021-02-26T06:00:00.000Z,10.2,,mgm,0
17024,İNEBOLU,Kastamonu,İnebolu,Karadeniz,41.978937,33.762945,2021-02-26T06:00:00.000Z,8.7,,mgm,0
17026,SİNOP,Sinop,Merkez,Karadeniz,42.029821,35.154286,2021-02-26T06:00:00.000Z,10.3,,mgm,0
17030,SAMSUN BÖLGE,Samsun,Atakum,Karadeniz,41.344286,36.255794,2021-02-26T06:00:00.000Z,8.2,,mgm,0
17033,ORDU,Ordu,Altınordu,Karadeniz,40.983833,37.885833,2021-02-26T06:00:00.000Z,8.5,,mgm,0
17034,GİRESUN,Giresun,Merkez,Karadeniz,40.922667,38.387833,2021-02-26T06:00:00.000Z,9.1,,mgm,0
17038,TRABZON HAVALİMANI,Trabzon,Ortahisar,Karadeniz,40.999133,39.779248,2021-02-26T06:00:00.000Z,8.2,,mgm,0
17040,RİZE,Rize,Merkez,Karadeniz,41.04,40.501333,2021-02-26T06:00:00.000Z,8.4,,mgm,0
17042,HOPA,Artvin,Hopa,Karadeniz,41.4065,41.433,2021-02-26T06:00:00.000Z,10.2,,mgm,0
17056,TEKİRDAĞ,Tekirdağ,Süleymanpaşa,Marmara,40.957959,27.496181,2021-02-26T06:00:00.000Z,9.4,,mgm,0
17059,SARIYER/KUMKÖY-KİLYOS,İstanbul,Sarıyer,Karadeniz,41.25047,29.038367,2021-02-26T06:00:00.000Z,8.4,,mgm,0
17112,ÇANAKKALE,Çanakkale,Merkez,Marmara,40.141428,26.399616,2021-02-26T06:00:00.000Z,11.2,,mgm,0
17175,AYVALIK,Balıkesir,Ayvalık,Ege,39.311292,26.686445,2021-02-26T06:00:00.000Z,12.7,,mgm,0
17180,DİKİLİ,İzmir,Dikili,Ege,39.073861,26.888093,2021-02-26T06:00:00.000Z,15.0,,mgm,0
17220,İZMİR BÖLGE,İzmir,Konak,Ege,38.3945,27.0821,2021-02-26T06:00:00.000Z,11.9,,mgm,0
17221,ÇEŞME,İzmir,Çeşme,Ege,38.303858,26.372882,2021-02-26T06:00:00.000Z,16.4,,mgm,0
17232,KUŞADASI,Aydın,Kuşadası,Ege,37.859636,27.265115,2021-02-26T06:00:00.000Z,16.6,,mgm,0
17290,BODRUM,Muğla,Bodrum,Ege,37.032611,27.439801,2021-02-26T06:00:00.000Z,17.8,,mgm,0
17296,FETHİYE,Muğla,Fethiye,Akdeniz,36.626611,29.123804,2021-02-26T06:00:00.000Z,17.9,,mgm,0
17297,DATÇA,Muğla,Datça,Ege,36.707945,27.691918,2021-02-26T06:00:00.000Z,16.9,,mgm,0
17298,MARMARİS,Muğla,Marmaris,Akdeniz,36.83926,28.244995,2021-02-26T06:00:00.000Z,17.8,,mgm,0
17302,ANTALYA BÖLGE,Antalya,Muratpaşa,Akdeniz,36.885073,30.682793,2021-02-26T06:00:00.000Z,17.8,,mgm,0
17310,ALANYA,Antalya,Alanya,Akdeniz,36.54999,31.979822,2021-02-26T06:00:00.000Z,17.0,,mgm,0
17320,ANAMUR,Mersin,Anamur,Akdeniz,36.068614,32.864876,2021-02-26T06:00:00.000Z,17.4,,mgm,0
17340,MERSİN,Mersin,Yenişehir,Akdeniz,36.780904,34.603125,2021-02-26T06:00:00.000Z,16.4,,mgm,0
17370,İSKENDERUN,Hatay,İskenderun,Akdeniz,36.592358,36.158158,2021-02-26T06:00:00.000Z,17.0,,mgm,0
17375,FİNİKE,Antalya,Finike,Akdeniz,36.3024,30.1458,2021-02-26T06:00:00.000Z,17.4,,mgm,0
17380,KAŞ,Antalya,Kaş,Akdeniz,36.200579,29.649995,2021-02-26T06:00:00.000Z,17.6,,mgm,0
17473,KAŞ BAYINDIR ANA MENDİREK FENERİ,Antalya,Kaş,Akdeniz,36.183225,29.642011,2021-02-26T07:54:00.000Z,17.7,,mgm,0
17459,İLKADIM/SAMSUN LİMAN KUZEY MENDİREK FENERİ,Samsun,İlkadım,Karadeniz,41.309587,36.355678,2021-02-26T10:27:00.000Z,8.3,,mgm,0
17486,İSKENDERUN KÖRFEZİ,Hatay,Payas,Akdeniz,36.59159,36.17992,2021-02-26T13:31:00.000Z,18.5,,mgm,0
17425,LAPSEKİ/ZİNCİRBOZAN FENERİ,Çanakkale,Lapseki,Marmara,40.4206,26.7536,2021-02-26T16:15:00.000Z,10.1,,mgm,0
17428,AYVACIK/GÜLPINAR ANA MENDİREK FENERİ,Çanakkale,Ayvacık,Ege,39.5658,26.0967,2021-02-26T16:15:00.000Z,16.0,,mgm,0
17430,GÖKÇEADA KALEKÖY ANA MENDİREK FENERİ,Çanakkale,Gökçeada,Ege,40.2317,25.8914,2021-02-26T16:15:00.000Z,13.8,,mgm,0
17431,BİGA/KARABİGA BAR. (B) NOKTASI GÜNEY MEN. FENERİ,Çanakkale,Biga,Marmara,40.399583,27.305591,2021-02-26T16:15:00.000Z,11.0,,mgm,0
17432,EZİNE/GEYİKLİ ODUNLUK İSKELE FENERİ,Çanakkale,Ezine,Ege,39.818998,26.160008,2021-02-26T16:15:00.000Z,13.5,,mgm,0
17434,EZİNE YENİKÖY BAL.BAR. ANA MENDİREK FENERİ,Çanakkale,Ezine,Ege,39.9447,26.1611,2021-02-26T16:15:00.000Z,15.2,,mgm,0
17445,CİDE KUZEY MENDİREK FENERİ,Kastamonu,Cide,Karadeniz,41.9006,32.9778,2021-02-26T16:15:00.000Z,11.2,,mgm,0
17446,İNEBOLU KUZEY MENDİREK FENERİ,Kastamonu,İnebolu,Karadeniz,41.9817,33.7769,2021-02-26T16:15:00.000Z,9.4,,mgm,0
17455,SARIYER/RUMELİ FENERİ BAL. BAR. ANA MENDİREK FENERİ,İstanbul,Sarıyer,Karadeniz,41.229151,29.114919,2021-02-26T16:15:00.000Z,9.3,,mgm,0
17491,GEVAŞ AKDAMAR FENERİ,Van,Gevaş,Van Gölü,38.309988,43.041398,2021-02-26T16:15:00.000Z,5.9,,mgm,0
17436,ENEZ TALİ MENDİREK FENERİ,Edirne,Enez,Ege,40.698218,26.051263,2021-02-26T16:16:00.000Z,12.2,,mgm,0
17450,BODRUM YALIKAVAK GEMİTAŞI FENERİ,Muğla,Bodrum,Ege,37.150133,27.263333,2021-02-26T16:16:00.000Z,15.2,,mgm,0
17465,ARAKLI BALIKÇI BARINAĞI TALİ MENDİREK FENERİ,Trabzon,Araklı,Karadeniz,40.945081,40.053776,2021-02-26T16:16:00.000Z,8.1,,mgm,0
17466,ÇAYELİ BALIKÇI BARINAĞI TALİ MENDİREK FENERİ,Rize,Çayeli,Karadeniz,41.090095,40.722557,2021-02-26T16:16:00.000Z,9.5,,mgm,0
17474,FİNİKE BALIKÇI BARINAĞI ANA MENDİREK FENER,Antalya,Finike,Akdeniz,36.2953,30.1533,2021-02-26T16:16:00.000Z,18.3,,mgm,0
17475,KEMER SIĞLIK FENERİ,Antalya,Kemer,Akdeniz,36.612395,30.574242,2021-02-26T16:16:00.000Z,18.0,,mgm,0
17482,VAN LİMAN,Van,Tuşba,Van Gölü,38.51486,43.307362,2021-02-26T16:16:00.000Z,5.2,,mgm,0
17484,ADİLCEVAZ LİMAN,Bitlis,Adilcevaz,Van Gölü,38.797236,42.729931,2021-02-26T16:16:00.000Z,2.6,,mgm,0
17489,MUDANYA/GÜZELYALI BALIKÇI BARINAĞI,Bursa,Mudanya,Marmara,40.35612,28.934036,2021-02-26T16:16:00.000Z,9.9,,mgm,0
17386,BODRUM KARAADA SIĞLIK IŞIKLI ŞAMANDIRA,Muğla,Bodrum,Ege,37.0081,27.4142,2021-02-26T16:17:00.000Z,18.0,,mgm,0
17460,ÜNYE BALIKÇI BARINAĞI ANA MENDİREK FENERİ,Ordu,Ünye,Karadeniz,41.116448,37.348722,2021-02-26T16:17:00.000Z,10.1,,mgm,0
17470,İNCEBURUN (YILDIZADASI) MARMARİS FENERİ,Muğla,Marmaris,Akdeniz,36.813936,28.265907,2021-02-26T16:17:00.000Z,18.3,,mgm,0
17479,SİLİFKE/TAŞUCU SEKA ANA MENDİREK FENERİ,Mersin,Silifke,Akdeniz,36.309162,33.889845,2021-02-26T16:17:00.000Z,15.5,,mgm,0
17483,TATVAN LİMAN,Bitlis,Tatvan,Van Gölü,38.512592,42.302103,2021-02-26T16:17:00.000Z,2.9,,mgm,0
17448,TUZLA İTÜ GÜNEY MENDİREK FENERİ,İstanbul,Tuzla,Marmara,40.811828,29.297373,2021-02-26T16:18:00.000Z,9.6,,mgm,0
17454,FATİH/KUMKAPI FENERİ,İstanbul,Fatih,Marmara,41.000994,28.965432,2021-02-26T16:18:00.000Z,10.3,,mgm,0
17464,TRABZON LİMANI ANA MENDİREK FENERİ,Trabzon,Ortahisar,Karadeniz,41.006776,39.750108,2021-02-26T16:18:00.000Z,8.4,,mgm,0
17421,AYVALIK KANAL SANCAK A FENERİ,Balıkesir,Ayvalık,Ege,39.323394,26.640546,2021-02-26T16:19:00.000Z,14.2,,mgm,0
17423,MARMARA BARINAK ANA MENDİREK FENERİ,Balıkesir,Marmara,Marmara,40.583839,27.560849,2021-02-26T16:19:00.000Z,9.9,,mgm,0
17426,BARTIN GÜNEY MENDİREK FENERİ,Bartın,Merkez,Karadeniz,41.6864,32.2261,2021-02-26T16:19:00.000Z,9.0,,mgm,0
17435,AKÇAKOCA FENERİ,Düzce,Akçakoca,Karadeniz,41.0922,31.1197,2021-02-26T16:19:00.000Z,10.5,,mgm,0
17437,TUZLA AYDINLI LİMAN FENERİ,İstanbul,Tuzla,Marmara,40.850611,29.271174,2021-02-26T16:19:00.000Z,9.9,,mgm,0
17438,SİLİVRİ ANA MENDİREK FENERİ,İstanbul,Silivri,Marmara,41.072866,28.238398,2021-02-26T16:19:00.000Z,9.0,,mgm,0
17442,KONAK/İZMİR PASAPORT MENDİREK FENERİ,İzmir,Konak,Ege,38.429236,27.131698,2021-02-26T16:19:00.000Z,12.5,,mgm,0
17444,KARABURUN/MORDOĞAN ANA MENDİREK (KUZEY) FENERİ,İzmir,Karaburun,Ege,38.517845,26.627861,2021-02-26T16:19:00.000Z,14.3,,mgm,0
17447,VİZE/MİDYE KIYIKÖY BATI MENDİREK FENERİ (ANA),Kırklareli,Vize,Karadeniz,41.630847,28.101353,2021-02-26T16:19:00.000Z,8.1,,mgm,0
17451,MARMARA EREĞLİSİ BAL.BAR.ANA MENDİREK FENERİ,Tekirdağ,Marmaraereğlisi,Marmara,40.970825,27.959676,2021-02-26T16:19:00.000Z,10.0,,mgm,0
17452,YALOVA SAMANLIDERE TALİ (DOĞU) MENDİREK FENERİ,Yalova,Merkez,Marmara,40.660597,29.246969,2021-02-26T16:19:00.000Z,9.9,,mgm,0
17453,ZONGULDAK GÜNEY MENDİREK FENERİ,Zonguldak,Merkez,Karadeniz,41.458611,31.779166,2021-02-26T16:19:00.000Z,8.3,,mgm,0
17471,FETHİYE/KIZILADA FENERİ,Muğla,Fethiye,Akdeniz,36.653003,29.044002,2021-02-26T16:19:00.000Z,18.2,,mgm,0
17472,FETHİYE/İBLİSBURNU DÖKÜNTÜTAŞ FENERİ,Muğla,Fethiye,Akdeniz,36.5455556,29.0108333,2021-02-26T16:19:00.000Z,18.4,,mgm,0
17477,ALANYA YENİ YAT LİMAN ANA MENDİREK FENERİ,Antalya,Alanya,Akdeniz,36.557404,31.951419,2021-02-26T16:19:00.000Z,18.0,,mgm,0
17480,KARATAŞ BALIKÇI BARINAĞI TALİ MENDİREK FENERİ,Adana,Karataş,Akdeniz,36.557986,35.383499,2021-02-26T16:20:00.000Z,13.4,,mgm,0
17015,AKÇAKOCA,Düzce,Akçakoca,Karadeniz,41.089528,31.143039,2021-03-06T06:00:00.000Z,9.2,,turkiye.gov.tr,1
17024,İNEBOLU,Kastamonu,İnebolu,Karadeniz,41.978937,33.762945,2021-03-06T06:00:00.000Z,9.1,,turkiye.gov.tr,1
17026,SİNOP,Sinop,Merkez,Karadeniz,42.029821,35.154286,2021-03-06T06:00:00.000Z,10.0,,turkiye.gov.tr,1
17030,SAMSUN BÖLGE,Samsun,Atakum,Karadeniz,41.344286,36.255794,2021-03-06T06:00:00.000Z,8.6,,turkiye.gov.tr,1
17033,ORDU,Ordu,Altınordu,Karadeniz,40.983833,37.885833,2021-03-06T06:00:00.000Z,9.6,,turkiye.gov.tr,1
17034,GİRESUN,Giresun,Merkez,Karadeniz,40.922667,38.387833,2021-03-06T06:00:00.000Z,9.1,,turkiye.gov.tr,1
17038,TRABZON HAVALİMANI,Trabzon,Ortahisar,Karadeniz,40.999133,39.779248,2021-03-06T06:00:00.000Z,8.0,,turkiye.gov.tr,1
17040,RİZE,Rize,Merkez,Karadeniz,41.04,40.501333,2021-03-06T06:00:00.000Z,8.0,,turkiye.gov.tr,1
17042,HOPA,Artvin,Hopa,Karadeniz,41.4065,41.433,2021-03-06T06:00:00.000Z,10.2,,turkiye.gov.tr,1
17056,TEKİRDAĞ,Tekirdağ,Süleymanpaşa,Marmara,40.957959,27.496181,2021-03-06T06:00:00.000Z,9.9,,turkiye.gov.tr,1
17059,SARIYER/KUMKÖY-KİLYOS,İstanbul,Sarıyer,Karadeniz,41.25047,29.038367,2021-03-06T06:00:00.000Z,9.0,,turkiye.gov.tr,1
17112,ÇANAKKALE,Çanakkale,Merkez,Marmara,40.141428,26.399616,2021-03-06T06:00:00.000Z,11.6,,turkiye.gov.tr,1
17175,AYVALIK,Balıkesir,Ayvalık,Ege,39.311292,26.686445,2021-03-06T06:00:00.000Z,12.4,,turkiye.gov.tr,1
17180,DİKİLİ,İzmir,Dikili,Ege,39.073861,26.888093,2021-03-06T06:00:00.000Z,15.5,,turkiye.gov.tr,1
17220,İZMİR BÖLGE,İzmir,Konak,Ege,38.3945,27.0821,2021-03-06T06:00:00.000Z,12.4,,turkiye.gov.tr,1
17221,ÇEŞME,İzmir,Çeşme,Ege,38.303858,26.372882,2021-03-06T06:00:00.000Z,15.8,,turkiye.gov.tr,1
17232,KUŞADASI,Aydın,Kuşadası,Ege,37.859636,27.265115,2021-03-06T06:00:00.000Z,16.6,,turkiye.gov.tr,1
17290,BODRUM,Muğla,Bodrum,Ege,37.032611,27.439801,2021-03-06T06:00:00.000Z,17.9,,turkiye.gov.tr,1
17296,FETHİYE,Muğla,Fethiye,Akdeniz,36.626611,29.123804,2021-03-06T06:00:00.000Z,17.7,,turkiye.gov.tr,1
17297,DATÇA,Muğla,Datça,Ege,36.707945,27.691918,2021-03-06T06:00:00.000Z,17.0,,turkiye.gov.tr,1
17298,MARMARİS,Muğla,Marmaris,Akdeniz,36.83926,28.244995,2021-03-06T06:00:00.000Z,17.8,,turkiye.gov.tr,1
17302,ANTALYA BÖLGE,Antalya,Muratpaşa,Akdeniz,36.885073,30.682793,2021-03-06T06:00:00.000Z,17.9,,turkiye.gov.tr,1
17310,ALANYA,Antalya,Alanya,Akdeniz,36.54999,31.979822,2021-03-06T06:00:00.000Z,17.0,,turkiye.gov.tr,1
17320,ANAMUR,Mersin,Anamur,Akdeniz,36.068614,32.864876,2021-03-06T06:00:00.000Z,17.4,,turkiye.gov.tr,1
17340,MERSİN,Mersin,Yenişehir,Akdeniz,36.780904,34.603125,2021-03-06T06:00:00.000Z,17.0,,turkiye.gov.tr,1
17370,İSKENDERUN,Hatay,İskenderun,Akdeniz,36.592358,36.158158,2021-03-06T06:00:00.000Z,17.4,,turkiye.gov.tr,1
17375,FİNİKE,Antalya,Finike,Akdeniz,36.3024,30.1458,2021-03-06T06:00:00.000Z,18.1,,turkiye.gov.tr,1
17380,KAŞ,Antalya,Kaş,Akdeniz,36.200579,29.649995,2021-03-06T06:00:00.000Z,17.8,,turkiye.gov.tr,1
17386,BODRUM KARAADA SIĞLIK IŞIKLI ŞAMANDIRA,Muğla,Bodrum,Ege,37.0081,27.4142,2021-03-06T06:00:00.000Z,17.8,,turkiye.gov.tr,1
17421,AYVALIK KANAL SANCAK A FENERİ,Balıkesir,Ayvalık,Ege,39.323394,26.640546,2021-03-06T06:00:00.000Z,12.1,,turkiye.gov.tr,1
17423,MARMARA BARINAK ANA MENDİREK FENERİ,Balıkesir,Marmara,Marmara,40.583839,27.560849,2021-03-06T06:00:00.000Z,9.5,,turkiye.gov.tr,1
17425,LAPSEKİ/ZİNCİRBOZAN FENERİ,Çanakkale,Lapseki,Marmara,40.4206,26.7536,2021-03-06T06:00:00.000Z,10.2,,turkiye.gov.tr,1
17427,BOZCAADA LİMAN GİRİŞİ GÜNEY MENDİREK FENERİ,Çanakkale,Bozcaada,Ege,39.8341,26.0748,2021-03-06T06:00:00.000Z,14.6,,turkiye.gov.tr,1
17428,AYVACIK/GÜLPINAR ANA MENDİREK FENERİ,Çanakkale,Ayvacık,Ege,39.5658,26.0967,2021-03-06T06:00:00.000Z,14.8,,turkiye.gov.tr,1
17430,GÖKÇEADA KALEKÖY ANA MENDİREK FENERİ,Çanakkale,Gökçeada,Ege,40.2317,25.8914,2021-03-06T06:00:00.000Z,12.8,,turkiye.gov.tr,1
17431,BİGA/KARABİGA BAR. (B) NOKTASI GÜNEY MEN. FENERİ,Çanakkale,Biga,Marmara,40.399583,27.305591,2021-03-06T06:00:00.000Z,10.5,,turkiye.gov.tr,1
17432,EZİNE/GEYİKLİ ODUNLUK İSKELE FENERİ,Çanakkale,Ezine,Ege,39.818998,26.160008,2021-03-06T06:00:00.000Z,14.7,,turkiye.gov.tr,1
17434,EZİNE YENİKÖY BAL.BAR. ANA MENDİREK FENERİ,Çanakkale,Ezine,Ege,39.9447,26.1611,2021-03-06T06:00:00.000Z,14.3,,turkiye.gov.tr,1
17435,AKÇAKOCA FENERİ,Düzce,Akçakoca,Karadeniz,41.0922,31.1197,2021-03-06T06:00:00.000Z,9.3,,turkiye.gov.tr,1
17436,ENEZ TALİ MENDİREK FENERİ,Edirne,Enez,Ege,40.698218,26.051263,2021-03-06T06:00:00.000Z,11.3,,turkiye.gov.tr,1
17437,TUZLA AYDINLI LİMAN FENERİ,İstanbul,Tuzla,Marmara,40.850611,29.271174,2021-03-06T06:00:00.000Z,10.1,,turkiye.gov.tr,1
17438,SİLİVRİ ANA MENDİREK FENERİ,İstanbul,Silivri,Marmara,41.072866,28.238398,2021-03-06T06:00:00.000Z,8.6,,turkiye.gov.tr,1
17442,KONAK/İZMİR PASAPORT MENDİREK FENERİ,İzmir,Konak,Ege,38.429236,27.131698,2021-03-06T06:00:00.000Z,12.6,,turkiye.gov.tr,1
17444,KARABURUN/MORDOĞAN ANA MENDİREK (KUZEY) FENERİ,İzmir,Karaburun,Ege,38.517845,26.627861,2021-03-06T06:00:00.000Z,13.6,,turkiye.gov.tr,1
17445,CİDE KUZEY MENDİREK FENERİ,Kastamonu,Cide,Karadeniz,41.9006,32.9778,2021-03-06T06:00:00.000Z,10.3,,turkiye.gov.tr,1
17446,İNEBOLU KUZEY MENDİREK FENERİ,Kastamonu,İnebolu,Karadeniz,41.9817,33.7769,2021-03-06T06:00:00.000Z,9.1,,turkiye.gov.tr,1
17447,VİZE/MİDYE KIYIKÖY BATI MENDİREK FENERİ (ANA),Kırklareli,Vize,Karadeniz,41.630847,28.101353,2021-03-06T06:00:00.000Z,7.3,,turkiye.gov.tr,1
17448,TUZLA İTÜ GÜNEY MENDİREK FENERİ,İstanbul,Tuzla,Marmara,40.811828,29.297373,2021-03-06T06:00:00.000Z,10.2,,turkiye.gov.tr,1
17450,BODRUM YALIKAVAK GEMİTAŞI FENERİ,Muğla,Bodrum,Ege,37.150133,27.263333,2021-03-06T06:00:00.000Z,14.8,,turkiye.gov.tr,1
17451,MARMARA EREĞLİSİ BAL.BAR.ANA MENDİREK FENERİ,Tekirdağ,Marmaraereğlisi,Marmara,40.970825,27.959676,2021-03-06T06:00:00.000Z,6.7,,turkiye.gov.tr,1
17452,YALOVA SAMANLIDERE TALİ (DOĞU) MENDİREK FENERİ,Yalova,Merkez,Marmara,40.660597,29.246969,2021-03-06T06:00:00.000Z,8.9,,turkiye.gov.tr,1
17453,ZONGULDAK GÜNEY MENDİREK FENERİ,Zonguldak,Merkez,Karadeniz,41.458611,31.779166,2021-03-06T06:00:00.000Z,8.4,,turkiye.gov.tr,1
17454,FATİH/KUMKAPI FENERİ,İstanbul,Fatih,Marmara,41.000994,28.965432,2021-03-06T06:00:00.000Z,9.8,,turkiye.gov.tr,1
17455,SARIYER/RUMELİ FENERİ BAL. BAR. ANA MENDİREK FENERİ,İstanbul,Sarıyer,Karadeniz,41.229151,29.114919,2021-03-06T06:00:00.000Z,8.9,,turkiye.gov.tr,1
17459,İLKADIM/SAMSUN LİMAN KUZEY MENDİREK FENERİ,Samsun,İlkadım,Karadeniz,41.309587,36.355678,2021-03-06T06:00:00.000Z,8.7,,turkiye.gov.tr,1
17460,ÜNYE BALIKÇI BARINAĞI ANA MENDİREK FENERİ,Ordu,Ünye,Karadeniz,41.116448,37.348722,2021-03-06T06:00:00.000Z,10.1,,turkiye.gov.tr,1
17464,TRABZON LİMANI ANA MENDİREK FENERİ,Trabzon,Ortahisar,Karadeniz,41.006776,39.750108,2021-03-06T06:00:00.000Z,8.2,,turkiye.gov.tr,1
17465,ARAKLI BALIKÇI BARINAĞI TALİ MENDİREK FENERİ,Trabzon,Araklı,Karadeniz,40.945081,40.053776,2021-03-06T06:00:00.000Z,7.5,,turkiye.gov.tr,1
17466,ÇAYELİ BALIKÇI BARINAĞI TALİ MENDİREK FENERİ,Rize,Çayeli,Karadeniz,41.090095,40.722557,2021-03-06T06:00:00.000Z,9.1,,turkiye.gov.tr,1
17470,İNCEBURUN (YILDIZADASI) MARMARİS FENERİ,Muğla,Marmaris,Akdeniz,36.813936,28.265907,2021-03-06T06:00:00.000Z,17.6,,turkiye.gov.tr,1
17471,FETHİYE/KIZILADA FENERİ,Muğla,Fethiye,Akdeniz,36.653003,29.044002,2021-03-06T06:00:00.000Z,17.4,,turkiye.gov.tr,1
17472,FETHİYE/İBLİSBURNU DÖKÜNTÜTAŞ FENERİ,Muğla,Fethiye,Akdeniz,36.5455556,29.0108333,2021-03-06T06:00:00.000Z,17.9,,turkiye.gov.tr,1
17473,KAŞ BAYINDIR ANA MENDİREK FENERİ,Antalya,Kaş,Akdeniz,36.183225,29.642011,2021-03-06T06:00:00.000Z,17.6,,turkiye.gov.tr,1
17475,KEMER SIĞLIK FENERİ,Antalya,Kemer,Akdeniz,36.612395,30.574242,2021-03-06T06:00:00.000Z,18.1,,turkiye.gov.tr,1
17476,KONYAALTI/ANTALYA YENİ LİMAN ANA MENDİREK FENERİ,Antalya,Konyaaltı,Akdeniz,36.834011,30.616572,2021-03-06T06:00:00.000Z,17.8,,turkiye.gov.tr,1
17477,ALANYA YENİ YAT LİMAN ANA MENDİREK FENERİ,Antalya,Alanya,Akdeniz,36.557404,31.951419,2021-03-06T06:00:00.000Z,17.3,,turkiye.gov.tr,1
17480,KARATAŞ BALIKÇI BARINAĞI TALİ MENDİREK FENERİ,Adana,Karataş,Akdeniz,36.557986,35.383499,2021-03-06T06:00:00.000Z,15.0,,turkiye.gov.tr,1
17482,VAN LİMAN,Van,Tuşba,Van Gölü,38.51486,43.307362,2021-03-06T06:00:00.000Z,5.6,,turkiye.gov.tr,1
17483,TATVAN LİMAN,Bitlis,Tatvan,Van Gölü,38.512592,42.302103,2021-03-06T06:00:00.000Z,3.5,,turkiye.gov.tr,1
17484,ADİLCEVAZ LİMAN,Bitlis,Adilcevaz,Van Gölü,38.797236,42.729931,2021-03-06T06:00:00.000Z,2.6,,turkiye.gov.tr,1
17486,İSKENDERUN KÖRFEZİ,Hatay,Payas,Akdeniz,36.59159,36.17992,2021-03-06T06:00:00.000Z,16.2,,turkiye.gov.tr,1
17489,MUDANYA/GÜZELYALI BALIKÇI BARINAĞI,Bursa,Mudanya,Marmara,40.35612,28.934036,2021-03-06T06:00:00.000Z,8.5,,turkiye.gov.tr,1
17491,GEVAŞ AKDAMAR FENERİ,Van,Gevaş,Van Gölü,38.309988,43.041398,2021-03-06T06:00:00.000Z,5.6,,turkiye.gov.tr,1
17015,AKÇAKOCA,Düzce,Akçakoca,Karadeniz,41.089528,31.143039,2021-04-20T06:00:00.000Z,9.6,,mgm,0
17024,İNEBOLU,Kastamonu,İnebolu,Karadeniz,41.978937,33.762945,2021-04-20T06:00:00.000Z,10.0,,mgm,0
17026,SİNOP,Sinop,Merkez,Karadeniz,42.029821,35.154286,2021-04-20T06:00:00.000Z,11.2,,mgm,0
17030,SAMSUN BÖLGE,Samsun,Atakum,Karadeniz,41.344286,36.255794,2021-04-20T06:00:00.000Z,10.7,,mgm,0
17033,ORDU,Ordu,Altınordu,Karadeniz,40.983833,37.885833,2021-04-20T06:00:00.000Z,12.0,,mgm,0
17034,GİRESUN,Giresun,Merkez,Karadeniz,40.922667,38.387833,2021-04-20T06:00:00.000Z,9.7,,mgm,0
17038,TRABZON HAVALİMANI,Trabzon,Ortahisar,Karadeniz,40.999133,39.779248,2021-04-20T06:00:00.000Z,9.2,,mgm,0
17040,RİZE,Rize,Merkez,Karadeniz,41.04,40.501333,2021-04-20T06:00:00.000Z,10.1,,mgm,0
17042,HOPA,Artvin,Hopa,Karadeniz,41.4065,41.433,2021-04-20T06:00:00.000Z,12.1,,mgm,0
17056,TEKİRDAĞ,Tekirdağ,Süleymanpaşa,Marmara,40.957959,27.496181,2021-04-20T06:00:00.000Z,11.8,,mgm,0
17059,SARIYER/KUMKÖY-KİLYOS,İstanbul,Sarıyer,Karadeniz,41.25047,29.038367,2021-04-20T06:00:00.000Z,10.2,,mgm,0
17112,ÇANAKKALE,Çanakkale,Merkez,Marmara,40.141428,26.399616,2021-04-20T06:00:00.000Z,13.8,,mgm,0
17175,AYVALIK,Balıkesir,Ayvalık,Ege,39.311292,26.686445,2021-04-20T06:00:00.000Z,13.2,,mgm,0
17180,DİKİLİ,İzmir,Dikili,Ege,39.073861,26.888093,2021-04-20T06:00:00.000Z,17.1,,mgm,0
17220,İZMİR BÖLGE,İzmir,Konak,Ege,38.3945,27.0821,2021-04-20T06:00:00.000Z,15.6,,mgm,0
17221,ÇEŞME,İzmir,Çeşme,Ege,38.303858,26.372882,2021-04-20T06:00:00.000Z,17.5,,mgm,0
17232,KUŞADASI,Aydın,Kuşadası,Ege,37.859636,27.265115,2021-04-20T06:00:00.000Z,18.0,,mgm,0
17290,BODRUM,Muğla,Bodrum,Ege,37.032611,27.439801,2021-04-20T06:00:00.000Z,17.8,,mgm,0
17296,FETHİYE,Muğla,Fethiye,Akdeniz,36.626611,29.123804,2021-04-20T06:00:00.000Z,18.3,,mgm,0
17297,DATÇA,Muğla,Datça,Ege,36.707945,27.691918,2021-04-20T06:00:00.000Z,17.2,,mgm,0
17298,MARMARİS,Muğla,Marmaris,Akdeniz,36.83926,28.244995,2021-04-20T06:00:00.000Z,18.1,,mgm,0
17302,ANTALYA BÖLGE,Antalya,Muratpaşa,Akdeniz,36.885073,30.682793,2021-04-20T06:00:00.000Z,18.8,,mgm,0
17310,ALANYA,Antalya,Alanya,Akdeniz,36.54999,31.979822,2021-04-20T06:00:00.000Z,18.3,,mgm,0
17320,ANAMUR,Mersin,Anamur,Akdeniz,36.068614,32.864876,2021-04-20T06:00:00.000Z,18.9,,mgm,0
17340,MERSİN,Mersin,Yenişehir,Akdeniz,36.780904,34.603125,2021-04-20T06:00:00.000Z,19.4,,mgm,0
17370,İSKENDERUN,Hatay,İskenderun,Akdeniz,36.592358,36.158158,2021-04-20T06:00:00.000Z,19.8,,mgm,0
17375,FİNİKE,Antalya,Finike,Akdeniz,36.3024,30.1458,2021-04-20T06:00:00.000Z,18.8,,mgm,0
17380,KAŞ,Antalya,Kaş,Akdeniz,36.200579,29.649995,2021-04-20T06:00:00.000Z,18.1,,mgm,0
17387,GİRESUN PALAMUT KAYALIĞI MAHMUZ FENERİ,Giresun,Merkez,Karadeniz,40.9182,38.3783,2021-04-20T20:36:00.000Z,4.0,,mgm,0
17425,LAPSEKİ/ZİNCİRBOZAN FENERİ,Çanakkale,Lapseki,Marmara,40.4206,26.7536,2021-04-20T20:36:00.000Z,12.5,,mgm,0
17427,BOZCAADA LİMAN GİRİŞİ GÜNEY MENDİREK FENERİ,Çanakkale,Bozcaada,Ege,39.8341,26.0748,2021-04-20T20:36:00.000Z,15.0,,mgm,0
17428,AYVACIK/GÜLPINAR ANA MENDİREK FENERİ,Çanakkale,Ayvacık,Ege,39.5658,26.0967,2021-04-20T20:36:00.000Z,16.4,,mgm,0
17430,GÖKÇEADA KALEKÖY ANA MENDİREK FENERİ,Çanakkale,Gökçeada,Ege,40.2317,25.8914,2021-04-20T20:36:00.000Z,14.2,,mgm,0
17431,BİGA/KARABİGA BAR. (B) NOKTASI GÜNEY MEN. FENERİ,Çanakkale,Biga,Marmara,40.399583,27.305591,2021-04-20T20:36:00.000Z,12.8,,mgm,0
17432,EZİNE/GEYİKLİ ODUNLUK İSKELE FENERİ,Çanakkale,Ezine,Ege,39.818998,26.160008,2021-04-20T20:36:00.000Z,18.2,,mgm,0
17433,GÖKÇEADA UĞURLU LİMAN FENERİ,Çanakkale,Gökçeada,Ege,40.1153,25.6989,2021-04-20T20:36:00.000Z,14.0,,mgm,0
17434,EZİNE YENİKÖY BAL.BAR. ANA MENDİREK FENERİ,Çanakkale,Ezine,Ege,39.9447,26.1611,2021-04-20T20:36:00.000Z,15.2,,mgm,0
17445,CİDE KUZEY MENDİREK FENERİ,Kastamonu,Cide,Karadeniz,41.9006,32.9778,2021-04-20T20:36:00.000Z,11.9,,mgm,0
17446,İNEBOLU KUZEY MENDİREK FENERİ,Kastamonu,İnebolu,Karadeniz,41.9817,33.7769,2021-04-20T20:36:00.000Z,10.0,,mgm,0
17455,SARIYER/RUMELİ FENERİ BAL. BAR. ANA MENDİREK FENERİ,İstanbul,Sarıyer,Karadeniz,41.229151,29.114919,2021-04-20T20:36:00.000Z,10.4,,mgm,0
17491,GEVAŞ AKDAMAR FENERİ,Van,Gevaş,Van Gölü,38.309988,43.041398,2021-04-20T20:36:00.000Z,8.6,,mgm,0
17421,AYVALIK KANAL SANCAK A FENERİ,Balıkesir,Ayvalık,Ege,39.323394,26.640546,2021-04-20T20:37:00.000Z,16.2,,mgm,0
17423,MARMARA BARINAK ANA MENDİREK FENERİ,Balıkesir,Marmara,Marmara,40.583839,27.560849,2021-04-20T20:37:00.000Z,12.5,,mgm,0
17426,BARTIN GÜNEY MENDİREK FENERİ,Bartın,Merkez,Karadeniz,41.6864,32.2261,2021-04-20T20:37:00.000Z,10.5,,mgm,0
17435,AKÇAKOCA FENERİ,Düzce,Akçakoca,Karadeniz,41.0922,31.1197,2021-04-20T20:37:00.000Z,10.0,,mgm,0
17436,ENEZ TALİ MENDİREK FENERİ,Edirne,Enez,Ege,40.698218,26.051263,2021-04-20T20:37:00.000Z,13.9,,mgm,0
17437,TUZLA AYDINLI LİMAN FENERİ,İstanbul,Tuzla,Marmara,40.850611,29.271174,2021-04-20T20:37:00.000Z,11.7,,mgm,0
17438,SİLİVRİ ANA MENDİREK FENERİ,İstanbul,Silivri,Marmara,41.072866,28.238398,2021-04-20T20:37:00.000Z,12.6,,mgm,0
17440,URLA BALIKÇI BARINAĞI MENDİREK FENERİ,İzmir,Urla,Ege,38.364761,26.772665,2021-04-20T20:37:00.000Z,14.4,,mgm,0
17442,KONAK/İZMİR PASAPORT MENDİREK FENERİ,İzmir,Konak,Ege,38.429236,27.131698,2021-04-20T20:37:00.000Z,16.5,,mgm,0
17444,KARABURUN/MORDOĞAN ANA MENDİREK (KUZEY) FENERİ,İzmir,Karaburun,Ege,38.517845,26.627861,2021-04-20T20:37:00.000Z,14.4,,mgm,0
17447,VİZE/MİDYE KIYIKÖY BATI MENDİREK FENERİ (ANA),Kırklareli,Vize,Karadeniz,41.630847,28.101353,2021-04-20T20:37:00.000Z,9.8,,mgm,0
17448,TUZLA İTÜ GÜNEY MENDİREK FENERİ,İstanbul,Tuzla,Marmara,40.811828,29.297373,2021-04-20T20:37:00.000Z,11.8,,mgm,0
17449,KANDIRA/KEFKEN ADASI DOĞU MENDİREK FENERİ,Kocaeli,Kandıra,Karadeniz,41.211869,30.260694,2021-04-20T20:37:00.000Z,10.1,,mgm,0
17450,BODRUM YALIKAVAK GEMİTAŞI FENERİ,Muğla,Bodrum,Ege,37.150133,27.263333,2021-04-20T20:37:00.000Z,15.5,,mgm,0
17453,ZONGULDAK GÜNEY MENDİREK FENERİ,Zonguldak,Merkez,Karadeniz,41.458611,31.779166,2021-04-20T20:37:00.000Z,9.6,,mgm,0
17459,İLKADIM/SAMSUN LİMAN KUZEY MENDİREK FENERİ,Samsun,İlkadım,Karadeniz,41.309587,36.355678,2021-04-20T20:37:00.000Z,11.3,,mgm,0
17466,ÇAYELİ BALIKÇI BARINAĞI TALİ MENDİREK FENERİ,Rize,Çayeli,Karadeniz,41.090095,40.722557,2021-04-20T20:37:00.000Z,11.4,,mgm,0
17473,KAŞ BAYINDIR ANA MENDİREK FENERİ,Antalya,Kaş,Akdeniz,36.183225,29.642011,2021-04-20T20:37:00.000Z,18.1,,mgm,0
17475,KEMER SIĞLIK FENERİ,Antalya,Kemer,Akdeniz,36.612395,30.574242,2021-04-20T20:37:00.000Z,19.3,,mgm,0
17482,VAN LİMAN,Van,Tuşba,Van Gölü,38.51486,43.307362,2021-04-20T20:37:00.000Z,10.9,,mgm,0
17484,ADİLCEVAZ LİMAN,Bitlis,Adilcevaz,Van Gölü,38.797236,42.729931,2021-04-20T20:37:00.000Z,8.7,,mgm,0
17489,MUDANYA/GÜZELYALI BALIKÇI BARINAĞI,Bursa,Mudanya,Marmara,40.35612,28.934036,2021-04-20T20:37:00.000Z,11.5,,mgm,0
17386,BODRUM KARAADA SIĞLIK IŞIKLI ŞAMANDIRA,Muğla,Bodrum,Ege,37.0081,27.4142,2021-04-20T20:38:00.000Z,17.8,,mgm,0
17460,ÜNYE BALIKÇI BARINAĞI ANA MENDİREK FENERİ,Ordu,Ünye,Karadeniz,41.116448,37.348722,2021-04-20T20:38:00.000Z,12.3,,mgm,0
17465,ARAKLI BALIKÇI BARINAĞI TALİ MENDİREK FENERİ,Trabzon,Araklı,Karadeniz,40.945081,40.053776,2021-04-20T20:38:00.000Z,9.4,,mgm,0
17479,SİLİFKE/TAŞUCU SEKA ANA MENDİREK FENERİ,Mersin,Silifke,Akdeniz,36.309162,33.889845,2021-04-20T20:38:00.000Z,19.3,,mgm,0
17483,TATVAN LİMAN,Bitlis,Tatvan,Van Gölü,38.512592,42.302103,2021-04-20T20:38:00.000Z,5.8,,mgm,0
17454,FATİH/KUMKAPI FENERİ,İstanbul,Fatih,Marmara,41.000994,28.965432,2021-04-20T20:39:00.000Z,11.3,,mgm,0
17470,İNCEBURUN (YILDIZADASI) MARMARİS FENERİ,Muğla,Marmaris,Akdeniz,36.813936,28.265907,2021-04-20T20:39:00.000Z,18.1,,mgm,0
17464,TRABZON LİMANI ANA MENDİREK FENERİ,Trabzon,Ortahisar,Karadeniz,41.006776,39.750108,2021-04-20T20:40:00.000Z,9.9,,mgm,0
17476,KONYAALTI/ANTALYA YENİ LİMAN ANA MENDİREK FENERİ,Antalya,Konyaaltı,Akdeniz,36.834011,30.616572,2021-04-20T20:40:00.000Z,19.7,,mgm,0
17477,ALANYA YENİ YAT LİMAN ANA MENDİREK FENERİ,Antalya,Alanya,Akdeniz,36.557404,31.951419,2021-04-20T20:40:00.000Z,18.4,,mgm,0
17471,FETHİYE/KIZILADA FENERİ,Muğla,Fethiye,Akdeniz,36.653003,29.044002,2021-04-20T20:41:00.000Z,18.2,,mgm,0
17480,KARATAŞ BALIKÇI BARINAĞI TALİ MENDİREK FENERİ,Adana,Karataş,Akdeniz,36.557986,35.383499,2021-04-20T20:42:00.000Z,17.7,,mgm,0
17015,AKÇAKOCA,Düzce,Akçakoca,Karadeniz,41.089528,31.143039,2021-06-19T06:00:00.000Z,20.6,,mgm,0
17024,İNEBOLU,Kastamonu,İnebolu,Karadeniz,41.978937,33.762945,2021-06-19T06:00:00.000Z,21.1,,mgm,0
17026,SİNOP,Sinop,Merkez,Karadeniz,42.029821,35.154286,2021-06-19T06:00:00.000Z,19.9,,mgm,0
17030,SAMSUN BÖLGE,Samsun,Atakum,Karadeniz,41.344286,36.255794,2021-06-19T06:00:00.000Z,19.5,,mgm,0
17033,ORDU,Ordu,Altınordu,Karadeniz,40.983833,37.885833,2021-06-19T06:00:00.000Z,21.6,,mgm,0
17034,GİRESUN,Giresun,Merkez,Karadeniz,40.922667,38.387833,2021-06-19T06:00:00.000Z,21.2,,mgm,0
17038,TRABZON HAVALİMANI,Trabzon,Ortahisar,Karadeniz,40.999133,39.779248,2021-06-19T06:00:00.000Z,18.6,,mgm,0
17040,RİZE,Rize,Merkez,Karadeniz,41.04,40.501333,2021-06-19T06:00:00.000Z,18.4,,mgm,0
17042,HOPA,Artvin,Hopa,Karadeniz,41.4065,41.433,2021-06-19T06:00:00.000Z,22.9,,mgm,0
17056,TEKİRDAĞ,Tekirdağ,Süleymanpaşa,Marmara,40.957959,27.496181,2021-06-19T06:00:00.000Z,21.4,,mgm,0
17059,SARIYER/KUMKÖY-KİLYOS,İstanbul,Sarıyer,Karadeniz,41.25047,29.038367,2021-06-19T06:00:00.000Z,19.5,,mgm,0
17112,ÇANAKKALE,Çanakkale,Merkez,Marmara,40.141428,26.399616,2021-06-19T06:00:00.000Z,22.5,,mgm,0
17175,AYVALIK,Balıkesir,Ayvalık,Ege,39.311292,26.686445,2021-06-19T06:00:00.000Z,19.1,,mgm,0
17180,DİKİLİ,İzmir,Dikili,Ege,39.073861,26.888093,2021-06-19T06:00:00.000Z,21.0,,mgm,0
17220,İZMİR BÖLGE,İzmir,Konak,Ege,38.3945,27.0821,2021-06-19T06:00:00.000Z,24.8,,mgm,0
17221,ÇEŞME,İzmir,Çeşme,Ege,38.303858,26.372882,2021-06-19T06:00:00.000Z,22.8,,mgm,0
17232,KUŞADASI,Aydın,Kuşadası,Ege,37.859636,27.265115,2021-06-19T06:00:00.000Z,22.8,,mgm,0
17290,BODRUM,Muğla,Bodrum,Ege,37.032611,27.439801,2021-06-19T06:00:00.000Z,20.7,,mgm,0
17296,FETHİYE,Muğla,Fethiye,Akdeniz,36.626611,29.123804,2021-06-19T06:00:00.000Z,23.6,,mgm,0
17297,DATÇA,Muğla,Datça,Ege,36.707945,27.691918,2021-06-19T06:00:00.000Z,20.1,,mgm,0
17298,MARMARİS,Muğla,Marmaris,Akdeniz,36.83926,28.244995,2021-06-19T06:00:00.000Z,21.9,,mgm,0
17302,ANTALYA BÖLGE,Antalya,Muratpaşa,Akdeniz,36.885073,30.682793,2021-06-19T06:00:00.000Z,24.3,,mgm,0
17310,ALANYA,Antalya,Alanya,Akdeniz,36.54999,31.979822,2021-06-19T06:00:00.000Z,22.8,,mgm,0
17320,ANAMUR,Mersin,Anamur,Akdeniz,36.068614,32.864876,2021-06-19T06:00:00.000Z,23.8,,mgm,0
17340,MERSİN,Mersin,Yenişehir,Akdeniz,36.780904,34.603125,2021-06-19T06:00:00.000Z,25.5,,mgm,0
17370,İSKENDERUN,Hatay,İskenderun,Akdeniz,36.592358,36.158158,2021-06-19T06:00:00.000Z,27.0,,mgm,0
17375,FİNİKE,Antalya,Finike,Akdeniz,36.3024,30.1458,2021-06-19T06:00:00.000Z,23.9,,mgm,0
17380,KAŞ,Antalya,Kaş,Akdeniz,36.200579,29.649995,2021-06-19T06:00:00.000Z,24.1,,mgm,0
17434,EZİNE YENİKÖY BAL.BAR. ANA MENDİREK FENERİ,Çanakkale,Ezine,Ege,39.9447,26.1611,2021-06-19T12:06:00.000Z,19.9,,mgm,0
17389,ADALAR ŞAMANDIRA,İstanbul,Adalar,Marmara,40.93278,28.94889,2021-06-19T13:03:00.000Z,20.3,,mgm,0
17425,LAPSEKİ/ZİNCİRBOZAN FENERİ,Çanakkale,Lapseki,Marmara,40.4206,26.7536,2021-06-19T13:03:00.000Z,25.3,,mgm,0
17428,AYVACIK/GÜLPINAR ANA MENDİREK FENERİ,Çanakkale,Ayvacık,Ege,39.5658,26.0967,2021-06-19T13:03:00.000Z,24.5,,mgm,0
17431,BİGA/KARABİGA BAR. (B) NOKTASI GÜNEY MEN. FENERİ,Çanakkale,Biga,Marmara,40.399583,27.305591,2021-06-19T13:03:00.000Z,24.2,,mgm,0
17433,GÖKÇEADA UĞURLU LİMAN FENERİ,Çanakkale,Gökçeada,Ege,40.1153,25.6989,2021-06-19T13:03:00.000Z,24.1,,mgm,0
17445,CİDE KUZEY MENDİREK FENERİ,Kastamonu,Cide,Karadeniz,41.9006,32.9778,2021-06-19T13:03:00.000Z,21.3,,mgm,0
17446,İNEBOLU KUZEY MENDİREK FENERİ,Kastamonu,İnebolu,Karadeniz,41.9817,33.7769,2021-06-19T13:03:00.000Z,21.4,,mgm,0
17491,GEVAŞ AKDAMAR FENERİ,Van,Gevaş,Van Gölü,38.309988,43.041398,2021-06-19T13:03:00.000Z,21.7,,mgm,0
17436,ENEZ TALİ MENDİREK FENERİ,Edirne,Enez,Ege,40.698218,26.051263,2021-06-19T13:04:00.000Z,22.0,,mgm,0
17459,İLKADIM/SAMSUN LİMAN KUZEY MENDİREK FENERİ,Samsun,İlkadım,Karadeniz,41.309587,36.355678,2021-06-19T13:04:00.000Z,19.9,,mgm,0
17460,ÜNYE BALIKÇI BARINAĞI ANA MENDİREK FENERİ,Ordu,Ünye,Karadeniz,41.116448,37.348722,2021-06-19T13:04:00.000Z,22.7,,mgm,0
17472,FETHİYE/İBLİSBURNU DÖKÜNTÜTAŞ FENERİ,Muğla,Fethiye,Akdeniz,36.5455556,29.0108333,2021-06-19T13:04:00.000Z,23.4,,mgm,0
17473,KAŞ BAYINDIR ANA MENDİREK FENERİ,Antalya,Kaş,Akdeniz,36.183225,29.642011,2021-06-19T13:04:00.000Z,23.4,,mgm,0
17474,FİNİKE BALIKÇI BARINAĞI ANA MENDİREK FENER,Antalya,Finike,Akdeniz,36.2953,30.1533,2021-06-19T13:04:00.000Z,24.7,,mgm,0
17475,KEMER SIĞLIK FENERİ,Antalya,Kemer,Akdeniz,36.612395,30.574242,2021-06-19T13:04:00.000Z,24.6,,mgm,0
17482,VAN LİMAN,Van,Tuşba,Van Gölü,38.51486,43.307362,2021-06-19T13:04:00.000Z,22.4,,mgm,0
17483,TATVAN LİMAN,Bitlis,Tatvan,Van Gölü,38.512592,42.302103,2021-06-19T13:04:00.000Z,26.5,,mgm,0
17484,ADİLCEVAZ LİMAN,Bitlis,Adilcevaz,Van Gölü,38.797236,42.729931,2021-06-19T13:04:00.000Z,18.9,,mgm,0
17386,BODRUM KARAADA SIĞLIK IŞIKLI ŞAMANDIRA,Muğla,Bodrum,Ege,37.0081,27.4142,2021-06-19T13:05:00.000Z,21.4,,mgm,0
17450,BODRUM YALIKAVAK GEMİTAŞI FENERİ,Muğla,Bodrum,Ege,37.150133,27.263333,2021-06-19T13:05:00.000Z,20.9,,mgm,0
17466,ÇAYELİ BALIKÇI BARINAĞI TALİ MENDİREK FENERİ,Rize,Çayeli,Karadeniz,41.090095,40.722557,2021-06-19T13:05:00.000Z,21.2,,mgm,0
17489,MUDANYA/GÜZELYALI BALIKÇI BARINAĞI,Bursa,Mudanya,Marmara,40.35612,28.934036,2021-06-19T13:05:00.000Z,20.9,,mgm,0
17465,ARAKLI BALIKÇI BARINAĞI TALİ MENDİREK FENERİ,Trabzon,Araklı,Karadeniz,40.945081,40.053776,2021-06-19T13:06:00.000Z,19.6,,mgm,0
17479,SİLİFKE/TAŞUCU SEKA ANA MENDİREK FENERİ,Mersin,Silifke,Akdeniz,36.309162,33.889845,2021-06-19T13:06:00.000Z,24.9,,mgm,0
17421,AYVALIK KANAL SANCAK A FENERİ,Balıkesir,Ayvalık,Ege,39.323394,26.640546,2021-06-19T13:07:00.000Z,23.3,,mgm,0
17423,MARMARA BARINAK ANA MENDİREK FENERİ,Balıkesir,Marmara,Marmara,40.583839,27.560849,2021-06-19T13:07:00.000Z,21.4,,mgm,0
17426,BARTIN GÜNEY MENDİREK FENERİ,Bartın,Merkez,Karadeniz,41.6864,32.2261,2021-06-19T13:07:00.000Z,22.1,,mgm,0
17435,AKÇAKOCA FENERİ,Düzce,Akçakoca,Karadeniz,41.0922,31.1197,2021-06-19T13:07:00.000Z,21.1,,mgm,0
17437,TUZLA AYDINLI LİMAN FENERİ,İstanbul,Tuzla,Marmara,40.850611,29.271174,2021-06-19T13:07:00.000Z,20.4,,mgm,0
17438,SİLİVRİ ANA MENDİREK FENERİ,İstanbul,Silivri,Marmara,41.072866,28.238398,2021-06-19T13:07:00.000Z,20.7,,mgm,0
17440,URLA BALIKÇI BARINAĞI MENDİREK FENERİ,İzmir,Urla,Ege,38.364761,26.772665,2021-06-19T13:07:00.000Z,25.4,,mgm,0
17442,KONAK/İZMİR PASAPORT MENDİREK FENERİ,İzmir,Konak,Ege,38.429236,27.131698,2021-06-19T13:07:00.000Z,25.5,,mgm,0
17444,KARABURUN/MORDOĞAN ANA MENDİREK (KUZEY) FENERİ,İzmir,Karaburun,Ege,38.517845,26.627861,2021-06-19T13:07:00.000Z,22.9,,mgm,0
17447,VİZE/MİDYE KIYIKÖY BATI MENDİREK FENERİ (ANA),Kırklareli,Vize,Karadeniz,41.630847,28.101353,2021-06-19T13:07:00.000Z,21.0,,mgm,0
17448,TUZLA İTÜ GÜNEY MENDİREK FENERİ,İstanbul,Tuzla,Marmara,40.811828,29.297373,2021-06-19T13:07:00.000Z,21.1,,mgm,0
17449,KANDIRA/KEFKEN ADASI DOĞU MENDİREK FENERİ,Kocaeli,Kandıra,Karadeniz,41.211869,30.260694,2021-06-19T13:07:00.000Z,22.6,,mgm,0
17451,MARMARA EREĞLİSİ BAL.BAR.ANA MENDİREK FENERİ,Tekirdağ,Marmaraereğlisi,Marmara,40.970825,27.959676,2021-06-19T13:07:00.000Z,20.5,,mgm,0
17452,YALOVA SAMANLIDERE TALİ (DOĞU) MENDİREK FENERİ,Yalova,Merkez,Marmara,40.660597,29.246969,2021-06-19T13:07:00.000Z,21.2,,mgm,0
17453,ZONGULDAK GÜNEY MENDİREK FENERİ,Zonguldak,Merkez,Karadeniz,41.458611,31.779166,2021-06-19T13:07:00.000Z,21.3,,mgm,0
17454,FATİH/KUMKAPI FENERİ,İstanbul,Fatih,Marmara,41.000994,28.965432,2021-06-19T13:07:00.000Z,20.8,,mgm,0
17464,TRABZON LİMANI ANA MENDİREK FENERİ,Trabzon,Ortahisar,Karadeniz,41.006776,39.750108,2021-06-19T13:07:00.000Z,21.5,,mgm,0
17471,FETHİYE/KIZILADA FENERİ,Muğla,Fethiye,Akdeniz,36.653003,29.044002,2021-06-19T13:08:00.000Z,22.9,,mgm,0
17477,ALANYA YENİ YAT LİMAN ANA MENDİREK FENERİ,Antalya,Alanya,Akdeniz,36.557404,31.951419,2021-06-19T13:08:00.000Z,24.3,,mgm,0
17015,AKÇAKOCA,Düzce,Akçakoca,Karadeniz,41.089528,31.143039,2021-06-20T06:00:00.000Z,20.8,,turkiye.gov.tr,1
17024,İNEBOLU,Kastamonu,İnebolu,Karadeniz,41.978937,33.762945,2021-06-20T06:00:00.000Z,20.2,,turkiye.gov.tr,1
17026,SİNOP,Sinop,Merkez,Karadeniz,42.029821,35.154286,2021-06-20T06:00:00.000Z,20.4,,turkiye.gov.tr,1
17030,SAMSUN BÖLGE,Samsun,Atakum,Karadeniz,41.344286,36.255794,2021-06-20T06:00:00.000Z,20.2,,turkiye.gov.tr,1
17033,ORDU,Ordu,Altınordu,Karadeniz,40.983833,37.885833,2021-06-20T06:00:00.000Z,22.0,,turkiye.gov.tr,1
17034,GİRESUN,Giresun,Merkez,Karadeniz,40.922667,38.387833,2021-06-20T06:00:00.000Z,21.5,,turkiye.gov.tr,1
17038,TRABZON HAVALİMANI,Trabzon,Ortahisar,Karadeniz,40.999133,39.779248,2021-06-20T06:00:00.000Z,19.0,,turkiye.gov.tr,1
17040,RİZE,Rize,Merkez,Karadeniz,41.04,40.501333,2021-06-20T06:00:00.000Z,18.6,,turkiye.gov.tr,1
17042,HOPA,Artvin,Hopa,Karadeniz,41.4065,41.433,2021-06-20T06:00:00.000Z,18.4,,turkiye.gov.tr,1
17056,TEKİRDAĞ,Tekirdağ,Süleymanpaşa,Marmara,40.957959,27.496181,2021-06-20T06:00:00.000Z,21.4,,turkiye.gov.tr,1
17059,SARIYER/KUMKÖY-KİLYOS,İstanbul,Sarıyer,Karadeniz,41.25047,29.038367,2021-06-20T06:00:00.000Z,19.5,,turkiye.gov.tr,1
17112,ÇANAKKALE,Çanakkale,Merkez,Marmara,40.141428,26.399616,2021-06-20T06:00:00.000Z,22.6,,turkiye.gov.tr,1
17175,AYVALIK,Balıkesir,Ayvalık,Ege,39.311292,26.686445,2021-06-20T06:00:00.000Z,19.4,,turkiye.gov.tr,1
17180,DİKİLİ,İzmir,Dikili,Ege,39.073861,26.888093,2021-06-20T06:00:00.000Z,20.7,,turkiye.gov.tr,1
17220,İZMİR BÖLGE,İzmir,Konak,Ege,38.3945,27.0821,2021-06-20T06:00:00.000Z,25.1,,turkiye.gov.tr,1
17221,ÇEŞME,İzmir,Çeşme,Ege,38.303858,26.372882,2021-06-20T06:00:00.000Z,23.0,,turkiye.gov.tr,1
17232,KUŞADASI,Aydın,Kuşadası,Ege,37.859636,27.265115,2021-06-20T06:00:00.000Z,22.8,,turkiye.gov.tr,1
17290,BODRUM,Muğla,Bodrum,Ege,37.032611,27.439801,2021-06-20T06:00:00.000Z,21.1,,turkiye.gov.tr,1
17296,FETHİYE,Muğla,Fethiye,Akdeniz,36.626611,29.123804,2021-06-20T06:00:00.000Z,23.6,,turkiye.gov.tr,1
17297,DATÇA,Muğla,Datça,Ege,36.707945,27.691918,2021-06-20T06:00:00.000Z,19.6,,turkiye.gov.tr,1
17298,MARMARİS,Muğla,Marmaris,Akdeniz,36.83926,28.244995,2021-06-20T06:00:00.000Z,21.9,,turkiye.gov.tr,1
17302,ANTALYA BÖLGE,Antalya,Muratpaşa,Akdeniz,36.885073,30.682793,2021-06-20T06:00:00.000Z,24.3,,turkiye.gov.tr,1
17310,ALANYA,Antalya,Alanya,Akdeniz,36.54999,31.979822,2021-06-20T06:00:00.000Z,23.2,,turkiye.gov.tr,1
17320,ANAMUR,Mersin,Anamur,Akdeniz,36.068614,32.864876,2021-06-20T06:00:00.000Z,23.8,,turkiye.gov.tr,1
17340,MERSİN,Mersin,Yenişehir,Akdeniz,36.780904,34.603125,2021-06-20T06:00:00.000Z,25.5,,turkiye.gov.tr,1
17370,İSKENDERUN,Hatay,İskenderun,Akdeniz,36.592358,36.158158,2021-06-20T06:00:00.000Z,27.1,,turkiye.gov.tr,1
17375,FİNİKE,Antalya,Finike,Akdeniz,36.3024,30.1458,2021-06-20T06:00:00.000Z,24.0,,turkiye.gov.tr,1
17386,BODRUM KARAADA SIĞLIK IŞIKLI ŞAMANDIRA,Muğla,Bodrum,Ege,37.0081,27.4142,2021-06-20T06:00:00.000Z,21.4,,turkiye.gov.tr,1
17389,ADALAR ŞAMANDIRA,İstanbul,Adalar,Marmara,40.93278,28.94889,2021-06-20T06:00:00.000Z,20.0,,turkiye.gov.tr,1
17421,AYVALIK KANAL SANCAK A FENERİ,Balıkesir,Ayvalık,Ege,39.323394,26.640546,2021-06-20T06:00:00.000Z,23.1,,turkiye.gov.tr,1
17423,MARMARA BARINAK ANA MENDİREK FENERİ,Balıkesir,Marmara,Marmara,40.583839,27.560849,2021-06-20T06:00:00.000Z,22.7,,turkiye.gov.tr,1
17425,LAPSEKİ/ZİNCİRBOZAN FENERİ,Çanakkale,Lapseki,Marmara,40.4206,26.7536,2021-06-20T06:00:00.000Z,22.6,,turkiye.gov.tr,1
17426,BARTIN GÜNEY MENDİREK FENERİ,Bartın,Merkez,Karadeniz,41.6864,32.2261,2021-06-20T06:00:00.000Z,21.6,,turkiye.gov.tr,1
17428,AYVACIK/GÜLPINAR ANA MENDİREK FENERİ,Çanakkale,Ayvacık,Ege,39.5658,26.0967,2021-06-20T06:00:00.000Z,23.4,,turkiye.gov.tr,1
17431,BİGA/KARABİGA BAR. (B) NOKTASI GÜNEY MEN. FENERİ,Çanakkale,Biga,Marmara,40.399583,27.305591,2021-06-20T06:00:00.000Z,23.7,,turkiye.gov.tr,1
17433,GÖKÇEADA UĞURLU LİMAN FENERİ,Çanakkale,Gökçeada,Ege,40.1153,25.6989,2021-06-20T06:00:00.000Z,23.5,,turkiye.gov.tr,1
17435,AKÇAKOCA FENERİ,Düzce,Akçakoca,Karadeniz,41.0922,31.1197,2021-06-20T06:00:00.000Z,20.4,,turkiye.gov.tr,1
17437,TUZLA AYDINLI LİMAN FENERİ,İstanbul,Tuzla,Marmara,40.850611,29.271174,2021-06-20T06:00:00.000Z,20.2,,turkiye.gov.tr,1
17438,SİLİVRİ ANA MENDİREK FENERİ,İstanbul,Silivri,Marmara,41.072866,28.238398,2021-06-20T06:00:00.000Z,21.0,,turkiye.gov.tr,1
17440,URLA BALIKÇI BARINAĞI MENDİREK FENERİ,İzmir,Urla,Ege,38.364761,26.772665,2021-06-20T06:00:00.000Z,24.9,,turkiye.gov.tr,1
17442,KONAK/İZMİR PASAPORT MENDİREK FENERİ,İzmir,Konak,Ege,38.429236,27.131698,2021-06-20T06:00:00.000Z,25.6,,turkiye.gov.tr,1
17444,KARABURUN/MORDOĞAN ANA MENDİREK (KUZEY) FENERİ,İzmir,Karaburun,Ege,38.517845,26.627861,2021-06-20T06:00:00.000Z,21.9,,turkiye.gov.tr,1
17445,CİDE KUZEY MENDİREK FENERİ,Kastamonu,Cide,Karadeniz,41.9006,32.9778,2021-06-20T06:00:00.000Z,21.8,,turkiye.gov.tr,1
17446,İNEBOLU KUZEY MENDİREK FENERİ,Kastamonu,İnebolu,Karadeniz,41.9817,33.7769,2021-06-20T06:00:00.000Z,21.4,,turkiye.gov.tr,1
17447,VİZE/MİDYE KIYIKÖY BATI MENDİREK FENERİ (ANA),Kırklareli,Vize,Karadeniz,41.630847,28.101353,2021-06-20T06:00:00.000Z,20.0,,turkiye.gov.tr,1
17448,TUZLA İTÜ GÜNEY MENDİREK FENERİ,İstanbul,Tuzla,Marmara,40.811828,29.297373,2021-06-20T06:00:00.000Z,20.9,,turkiye.gov.tr,1
17449,KANDIRA/KEFKEN ADASI DOĞU MENDİREK FENERİ,Kocaeli,Kandıra,Karadeniz,41.211869,30.260694,2021-06-20T06:00:00.000Z,22.5,,turkiye.gov.tr,1
17450,BODRUM YALIKAVAK GEMİTAŞI FENERİ,Muğla,Bodrum,Ege,37.150133,27.263333,2021-06-20T06:00:00.000Z,20.8,,turkiye.gov.tr,1
17451,MARMARA EREĞLİSİ BAL.BAR.ANA MENDİREK FENERİ,Tekirdağ,Marmaraereğlisi,Marmara,40.970825,27.959676,2021-06-20T06:00:00.000Z,21.6,,turkiye.gov.tr,1
17452,YALOVA SAMANLIDERE TALİ (DOĞU) MENDİREK FENERİ,Yalova,Merkez,Marmara,40.660597,29.246969,2021-06-20T06:00:00.000Z,22.0,,turkiye.gov.tr,1
17453,ZONGULDAK GÜNEY MENDİREK FENERİ,Zonguldak,Merkez,Karadeniz,41.458611,31.779166,2021-06-20T06:00:00.000Z,20.3,,turkiye.gov.tr,1
17454,FATİH/KUMKAPI FENERİ,İstanbul,Fatih,Marmara,41.000994,28.965432,2021-06-20T06:00:00.000Z,20.7,,turkiye.gov.tr,1
17459,İLKADIM/SAMSUN LİMAN KUZEY MENDİREK FENERİ,Samsun,İlkadım,Karadeniz,41.309587,36.355678,2021-06-20T06:00:00.000Z,20.9,,turkiye.gov.tr,1
17460,ÜNYE BALIKÇI BARINAĞI ANA MENDİREK FENERİ,Ordu,Ünye,Karadeniz,41.116448,37.348722,2021-06-20T06:00:00.000Z,23.0,,turkiye.gov.tr,1
17464,TRABZON LİMANI ANA MENDİREK FENERİ,Trabzon,Ortahisar,Karadeniz,41.006776,39.750108,2021-06-20T06:00:00.000Z,21.8,,turkiye.gov.tr,1
17465,ARAKLI BALIKÇI BARINAĞI TALİ MENDİREK FENERİ,Trabzon,Araklı,Karadeniz,40.945081,40.053776,2021-06-20T06:00:00.000Z,19.7,,turkiye.gov.tr,1
17466,ÇAYELİ BALIKÇI BARINAĞI TALİ MENDİREK FENERİ,Rize,Çayeli,Karadeniz,41.090095,40.722557,2021-06-20T06:00:00.000Z,20.5,,turkiye.gov.tr,1
17471,FETHİYE/KIZILADA FENERİ,Muğla,Fethiye,Akdeniz,36.653003,29.044002,2021-06-20T06:00:00.000Z,24.1,,turkiye.gov.tr,1
17472,FETHİYE/İBLİSBURNU DÖKÜNTÜTAŞ FENERİ,Muğla,Fethiye,Akdeniz,36.5455556,29.0108333,2021-06-20T06:00:00.000Z,22.8,,turkiye.gov.tr,1
17473,KAŞ BAYINDIR ANA MENDİREK FENERİ,Antalya,Kaş,Akdeniz,36.183225,29.642011,2021-06-20T06:00:00.000Z,22.6,,turkiye.gov.tr,1
17474,FİNİKE BALIKÇI BARINAĞI ANA MENDİREK FENER,Antalya,Finike,Akdeniz,36.2953,30.1533,2021-06-20T06:00:00.000Z,24.1,,turkiye.gov.tr,1
17477,ALANYA YENİ YAT LİMAN ANA MENDİREK FENERİ,Antalya,Alanya,Akdeniz,36.557404,31.951419,2021-06-20T06:00:00.000Z,23.7,,turkiye.gov.tr,1
17479,SİLİFKE/TAŞUCU SEKA ANA MENDİREK FENERİ,Mersin,Silifke,Akdeniz,36.309162,33.889845,2021-06-20T06:00:00.000Z,24.5,,turkiye.gov.tr,1
17482,VAN LİMAN,Van,Tuşba,Van Gölü,38.51486,43.307362,2021-06-20T06:00:00.000Z,21.5,,turkiye.gov.tr,1
17483,TATVAN LİMAN,Bitlis,Tatvan,Van Gölü,38.512592,42.302103,2021-06-20T06:00:00.000Z,25.0,,turkiye.gov.tr,1
17484,ADİLCEVAZ LİMAN,Bitlis,Adilcevaz,Van Gölü,38.797236,42.729931,2021-06-20T06:00:00.000Z,18.1,,turkiye.gov.tr,1
17489,MUDANYA/GÜZELYALI BALIKÇI BARINAĞI,Bursa,Mudanya,Marmara,40.35612,28.934036,2021-06-20T06:00:00.000Z,21.4,,turkiye.gov.tr,1
17491,GEVAŞ AKDAMAR FENERİ,Van,Gevaş,Van Gölü,38.309988,43.041398,2021-06-20T06:00:00.000Z,21.8,,turkiye.gov.tr,1
17015,AKÇAKOCA,Düzce,Akçakoca,Karadeniz,41.089528,31.143039,2021-06-27T06:00:00.000Z,23.4,,mgm,0
17024,İNEBOLU,Kastamonu,İnebolu,Karadeniz,41.978937,33.762945,2021-06-27T06:00:00.000Z,24.0,,mgm,0
17026,SİNOP,Sinop,Merkez,Karadeniz,42.029821,35.154286,2021-06-27T06:00:00.000Z,22.3,,mgm,0
17030,SAMSUN BÖLGE,Samsun,Atakum,Karadeniz,41.344286,36.255794,2021-06-27T06:00:00.000Z,21.9,,mgm,0
17033,ORDU,Ordu,Altınordu,Karadeniz,40.983833,37.885833,2021-06-27T06:00:00.000Z,24.1,,mgm,0
17034,GİRESUN,Giresun,Merkez,Karadeniz,40.922667,38.387833,2021-06-27T06:00:00.000Z,24.1,,mgm,0
17038,TRABZON HAVALİMANI,Trabzon,Ortahisar,Karadeniz,40.999133,39.779248,2021-06-27T06:00:00.000Z,20.8,,mgm,0
17040,RİZE,Rize,Merkez,Karadeniz,41.04,40.501333,2021-06-27T06:00:00.000Z,20.2,,mgm,0
17042,HOPA,Artvin,Hopa,Karadeniz,41.4065,41.433,2021-06-27T06:00:00.000Z,24.0,,mgm,0
17056,TEKİRDAĞ,Tekirdağ,Süleymanpaşa,Marmara,40.957959,27.496181,2021-06-27T06:00:00.000Z,22.6,,mgm,0
17059,SARIYER/KUMKÖY-KİLYOS,İstanbul,Sarıyer,Karadeniz,41.25047,29.038367,2021-06-27T06:00:00.000Z,21.7,,mgm,0
17112,ÇANAKKALE,Çanakkale,Merkez,Marmara,40.141428,26.399616,2021-06-27T06:00:00.000Z,23.5,,mgm,0
17175,AYVALIK,Balıkesir,Ayvalık,Ege,39.311292,26.686445,2021-06-27T06:00:00.000Z,22.5,,mgm,0
17180,DİKİLİ,İzmir,Dikili,Ege,39.073861,26.888093,2021-06-27T06:00:00.000Z,21.7,,mgm,0
17220,İZMİR BÖLGE,İzmir,Konak,Ege,38.3945,27.0821,2021-06-27T06:00:00.000Z,27.4,,mgm,0
17221,ÇEŞME,İzmir,Çeşme,Ege,38.303858,26.372882,2021-06-27T06:00:00.000Z,24.0,,mgm,0
17232,KUŞADASI,Aydın,Kuşadası,Ege,37.859636,27.265115,2021-06-27T06:00:00.000Z,24.3,,mgm,0
17290,BODRUM,Muğla,Bodrum,Ege,37.032611,27.439801,2021-06-27T06:00:00.000Z,22.0,,mgm,0
17296,FETHİYE,Muğla,Fethiye,Akdeniz,36.626611,29.123804,2021-06-27T06:00:00.000Z,25.2,,mgm,0
17297,DATÇA,Muğla,Datça,Ege,36.707945,27.691918,2021-06-27T06:00:00.000Z,20.0,,mgm,0
17298,MARMARİS,Muğla,Marmaris,Akdeniz,36.83926,28.244995,2021-06-27T06:00:00.000Z,23.1,,mgm,0
17302,ANTALYA BÖLGE,Antalya,Muratpaşa,Akdeniz,36.885073,30.682793,2021-06-27T06:00:00.000Z,25.3,,mgm,0
17310,ALANYA,Antalya,Alanya,Akdeniz,36.54999,31.979822,2021-06-27T06:00:00.000Z,23.4,,mgm,0
17320,ANAMUR,Mersin,Anamur,Akdeniz,36.068614,32.864876,2021-06-27T06:00:00.000Z,25.6,,mgm,0
17340,MERSİN,Mersin,Yenişehir,Akdeniz,36.780904,34.603125,2021-06-27T06:00:00.000Z,27.0,,mgm,0
17370,İSKENDERUN,Hatay,İskenderun,Akdeniz,36.592358,36.158158,2021-06-27T06:00:00.000Z,28.0,,mgm,0
17375,FİNİKE,Antalya,Finike,Akdeniz,36.3024,30.1458,2021-06-27T06:00:00.000Z,25.4,,mgm,0
17380,KAŞ,Antalya,Kaş,Akdeniz,36.200579,29.649995,2021-06-27T06:00:00.000Z,25.2,,mgm,0
17479,SİLİFKE/TAŞUCU SEKA ANA MENDİREK FENERİ,Mersin,Silifke,Akdeniz,36.309162,33.889845,2021-06-28T00:33:00.000Z,26.8,,mgm,0
17387,GİRESUN PALAMUT KAYALIĞI MAHMUZ FENERİ,Giresun,Merkez,Karadeniz,40.9182,38.3783,2021-06-28T02:06:00.000Z,24.1,,mgm,0
17389,ADALAR ŞAMANDIRA,İstanbul,Adalar,Marmara,40.93278,28.94889,2021-06-28T02:06:00.000Z,23.4,,mgm,0
17425,LAPSEKİ/ZİNCİRBOZAN FENERİ,Çanakkale,Lapseki,Marmara,40.4206,26.7536,2021-06-28T02:06:00.000Z,25.6,,mgm,0
17428,AYVACIK/GÜLPINAR ANA MENDİREK FENERİ,Çanakkale,Ayvacık,Ege,39.5658,26.0967,2021-06-28T02:06:00.000Z,24.3,,mgm,0
17431,BİGA/KARABİGA BAR. (B) NOKTASI GÜNEY MEN. FENERİ,Çanakkale,Biga,Marmara,40.399583,27.305591,2021-06-28T02:06:00.000Z,26.6,,mgm,0
17433,GÖKÇEADA UĞURLU LİMAN FENERİ,Çanakkale,Gökçeada,Ege,40.1153,25.6989,2021-06-28T02:06:00.000Z,26.2,,mgm,0
17434,EZİNE YENİKÖY BAL.BAR. ANA MENDİREK FENERİ,Çanakkale,Ezine,Ege,39.9447,26.1611,2021-06-28T02:06:00.000Z,21.2,,mgm,0
17442,KONAK/İZMİR PASAPORT MENDİREK FENERİ,İzmir,Konak,Ege,38.429236,27.131698,2021-06-28T02:06:00.000Z,27.8,,mgm,0
17444,KARABURUN/MORDOĞAN ANA MENDİREK (KUZEY) FENERİ,İzmir,Karaburun,Ege,38.517845,26.627861,2021-06-28T02:06:00.000Z,24.1,,mgm,0
17445,CİDE KUZEY MENDİREK FENERİ,Kastamonu,Cide,Karadeniz,41.9006,32.9778,2021-06-28T02:06:00.000Z,25.3,,mgm,0
17446,İNEBOLU KUZEY MENDİREK FENERİ,Kastamonu,İnebolu,Karadeniz,41.9817,33.7769,2021-06-28T02:06:00.000Z,23.7,,mgm,0
17451,MARMARA EREĞLİSİ BAL.BAR.ANA MENDİREK FENERİ,Tekirdağ,Marmaraereğlisi,Marmara,40.970825,27.959676,2021-06-28T02:06:00.000Z,24.2,,mgm,0
17491,GEVAŞ AKDAMAR FENERİ,Van,Gevaş,Van Gölü,38.309988,43.041398,2021-06-28T02:06:00.000Z,19.2,,mgm,0
17421,AYVALIK KANAL SANCAK A FENERİ,Balıkesir,Ayvalık,Ege,39.323394,26.640546,2021-06-28T02:07:00.000Z,23.7,,mgm,0
17423,MARMARA BARINAK ANA MENDİREK FENERİ,Balıkesir,Marmara,Marmara,40.583839,27.560849,2021-06-28T02:07:00.000Z,24.7,,mgm,0
17426,BARTIN GÜNEY MENDİREK FENERİ,Bartın,Merkez,Karadeniz,41.6864,32.2261,2021-06-28T02:07:00.000Z,24.7,,mgm,0
17435,AKÇAKOCA FENERİ,Düzce,Akçakoca,Karadeniz,41.0922,31.1197,2021-06-28T02:07:00.000Z,24.4,,mgm,0
17436,ENEZ TALİ MENDİREK FENERİ,Edirne,Enez,Ege,40.698218,26.051263,2021-06-28T02:07:00.000Z,24.3,,mgm,0
17437,TUZLA AYDINLI LİMAN FENERİ,İstanbul,Tuzla,Marmara,40.850611,29.271174,2021-06-28T02:07:00.000Z,23.7,,mgm,0
17438,SİLİVRİ ANA MENDİREK FENERİ,İstanbul,Silivri,Marmara,41.072866,28.238398,2021-06-28T02:07:00.000Z,23.8,,mgm,0
17440,URLA BALIKÇI BARINAĞI MENDİREK FENERİ,İzmir,Urla,Ege,38.364761,26.772665,2021-06-28T02:07:00.000Z,26.8,,mgm,0
17447,VİZE/MİDYE KIYIKÖY BATI MENDİREK FENERİ (ANA),Kırklareli,Vize,Karadeniz,41.630847,28.101353,2021-06-28T02:07:00.000Z,22.9,,mgm,0
17448,TUZLA İTÜ GÜNEY MENDİREK FENERİ,İstanbul,Tuzla,Marmara,40.811828,29.297373,2021-06-28T02:07:00.000Z,24.5,,mgm,0
17450,BODRUM YALIKAVAK GEMİTAŞI FENERİ,Muğla,Bodrum,Ege,37.150133,27.263333,2021-06-28T02:07:00.000Z,22.4,,mgm,0
17452,YALOVA SAMANLIDERE TALİ (DOĞU) MENDİREK FENERİ,Yalova,Merkez,Marmara,40.660597,29.246969,2021-06-28T02:07:00.000Z,24.3,,mgm,0
17453,ZONGULDAK GÜNEY MENDİREK FENERİ,Zonguldak,Merkez,Karadeniz,41.458611,31.779166,2021-06-28T02:07:00.000Z,21.8,,mgm,0
17459,İLKADIM/SAMSUN LİMAN KUZEY MENDİREK FENERİ,Samsun,İlkadım,Karadeniz,41.309587,36.355678,2021-06-28T02:07:00.000Z,22.4,,mgm,0
17460,ÜNYE BALIKÇI BARINAĞI ANA MENDİREK FENERİ,Ordu,Ünye,Karadeniz,41.116448,37.348722,2021-06-28T02:07:00.000Z,24.7,,mgm,0
17472,FETHİYE/İBLİSBURNU DÖKÜNTÜTAŞ FENERİ,Muğla,Fethiye,Akdeniz,36.5455556,29.0108333,2021-06-28T02:07:00.000Z,23.9,,mgm,0
17473,KAŞ BAYINDIR ANA MENDİREK FENERİ,Antalya,Kaş,Akdeniz,36.183225,29.642011,2021-06-28T02:07:00.000Z,26.3,,mgm,0
17474,FİNİKE BALIKÇI BARINAĞI ANA MENDİREK FENER,Antalya,Finike,Akdeniz,36.2953,30.1533,2021-06-28T02:07:00.000Z,25.8,,mgm,0
17482,VAN LİMAN,Van,Tuşba,Van Gölü,38.51486,43.307362,2021-06-28T02:07:00.000Z,22.5,,mgm,0
17483,TATVAN LİMAN,Bitlis,Tatvan,Van Gölü,38.512592,42.302103,2021-06-28T02:07:00.000Z,24.7,,mgm,0
17484,ADİLCEVAZ LİMAN,Bitlis,Adilcevaz,Van Gölü,38.797236,42.729931,2021-06-28T02:07:00.000Z,20.0,,mgm,0
17386,BODRUM KARAADA SIĞLIK IŞIKLI ŞAMANDIRA,Muğla,Bodrum,Ege,37.0081,27.4142,2021-06-28T02:08:00.000Z,22.2,,mgm,0
17466,ÇAYELİ BALIKÇI BARINAĞI TALİ MENDİREK FENERİ,Rize,Çayeli,Karadeniz,41.090095,40.722557,2021-06-28T02:08:00.000Z,21.0,,mgm,0
17489,MUDANYA/GÜZELYALI BALIKÇI BARINAĞI,Bursa,Mudanya,Marmara,40.35612,28.934036,2021-06-28T02:08:00.000Z,24.0,,mgm,0
17465,ARAKLI BALIKÇI BARINAĞI TALİ MENDİREK FENERİ,Trabzon,Araklı,Karadeniz,40.945081,40.053776,2021-06-28T02:09:00.000Z,20.9,,mgm,0
17454,FATİH/KUMKAPI FENERİ,İstanbul,Fatih,Marmara,41.000994,28.965432,2021-06-28T02:10:00.000Z,24.1,,mgm,0
17464,TRABZON LİMANI ANA MENDİREK FENERİ,Trabzon,Ortahisar,Karadeniz,41.006776,39.750108,2021-06-28T02:10:00.000Z,21.3,,mgm,0
17471,FETHİYE/KIZILADA FENERİ,Muğla,Fethiye,Akdeniz,36.653003,29.044002,2021-06-28T02:11:00.000Z,25.4,,mgm,0
17477,ALANYA YENİ YAT LİMAN ANA MENDİREK FENERİ,Antalya,Alanya,Akdeniz,36.557404,31.951419,2021-06-28T02:11:00.000Z,23.8,,mgm,0
17015,AKÇAKOCA,Düzce,Akçakoca,Karadeniz,41.089528,31.143039,2021-07-14T06:00:00.000Z,24.8,,turkiye.gov.tr,1
17024,İNEBOLU,Kastamonu,İnebolu,Karadeniz,41.978937,33.762945,2021-07-14T06:00:00.000Z,24.7,,turkiye.gov.tr,1
17026,SİNOP,Sinop,Merkez,Karadeniz,42.029821,35.154286,2021-07-14T06:00:00.000Z,24.7,,turkiye.gov.tr,1
17030,SAMSUN BÖLGE,Samsun,Atakum,Karadeniz,41.344286,36.255794,2021-07-14T06:00:00.000Z,24.0,,turkiye.gov.tr,1
17033,ORDU,Ordu,Altınordu,Karadeniz,40.983833,37.885833,2021-07-14T06:00:00.000Z,25.8,,turkiye.gov.tr,1
17034,GİRESUN,Giresun,Merkez,Karadeniz,40.922667,38.387833,2021-07-14T06:00:00.000Z,25.7,,turkiye.gov.tr,1
17038,TRABZON HAVALİMANI,Trabzon,Ortahisar,Karadeniz,40.999133,39.779248,2021-07-14T06:00:00.000Z,24.0,,turkiye.gov.tr,1
17040,RİZE,Rize,Merkez,Karadeniz,41.04,40.501333,2021-07-14T06:00:00.000Z,22.8,,turkiye.gov.tr,1
17042,HOPA,Artvin,Hopa,Karadeniz,41.4065,41.433,2021-07-14T06:00:00.000Z,23.4,,turkiye.gov.tr,1
17056,TEKİRDAĞ,Tekirdağ,Süleymanpaşa,Marmara,40.957959,27.496181,2021-07-14T06:00:00.000Z,24.7,,turkiye.gov.tr,1
17059,SARIYER/KUMKÖY-KİLYOS,İstanbul,Sarıyer,Karadeniz,41.25047,29.038367,2021-07-14T06:00:00.000Z,24.2,,turkiye.gov.tr,1
17112,ÇANAKKALE,Çanakkale,Merkez,Marmara,40.141428,26.399616,2021-07-14T06:00:00.000Z,25.0,,turkiye.gov.tr,1
17175,AYVALIK,Balıkesir,Ayvalık,Ege,39.311292,26.686445,2021-07-14T06:00:00.000Z,24.8,,turkiye.gov.tr,1
17180,DİKİLİ,İzmir,Dikili,Ege,39.073861,26.888093,2021-07-14T06:00:00.000Z,23.6,,turkiye.gov.tr,1
17220,İZMİR BÖLGE,İzmir,Konak,Ege,38.3945,27.0821,2021-07-14T06:00:00.000Z,27.0,,turkiye.gov.tr,1
17221,ÇEŞME,İzmir,Çeşme,Ege,38.303858,26.372882,2021-07-14T06:00:00.000Z,25.4,,turkiye.gov.tr,1
17232,KUŞADASI,Aydın,Kuşadası,Ege,37.859636,27.265115,2021-07-14T06:00:00.000Z,26.3,,turkiye.gov.tr,1
17290,BODRUM,Muğla,Bodrum,Ege,37.032611,27.439801,2021-07-14T06:00:00.000Z,24.0,,turkiye.gov.tr,1
17296,FETHİYE,Muğla,Fethiye,Akdeniz,36.626611,29.123804,2021-07-14T06:00:00.000Z,27.8,,turkiye.gov.tr,1
17297,DATÇA,Muğla,Datça,Ege,36.707945,27.691918,2021-07-14T06:00:00.000Z,24.6,,turkiye.gov.tr,1
17298,MARMARİS,Muğla,Marmaris,Akdeniz,36.83926,28.244995,2021-07-14T06:00:00.000Z,25.4,,turkiye.gov.tr,1
17302,ANTALYA BÖLGE,Antalya,Muratpaşa,Akdeniz,36.885073,30.682793,2021-07-14T06:00:00.000Z,28.0,,turkiye.gov.tr,1
17320,ANAMUR,Mersin,Anamur,Akdeniz,36.068614,32.864876,2021-07-14T06:00:00.000Z,27.2,,turkiye.gov.tr,1
17340,MERSİN,Mersin,Yenişehir,Akdeniz,36.780904,34.603125,2021-07-14T06:00:00.000Z,29.7,,turkiye.gov.tr,1
17370,İSKENDERUN,Hatay,İskenderun,Akdeniz,36.592358,36.158158,2021-07-14T06:00:00.000Z,29.6,,turkiye.gov.tr,1
17375,FİNİKE,Antalya,Finike,Akdeniz,36.3024,30.1458,2021-07-14T06:00:00.000Z,28.1,,turkiye.gov.tr,1
17380,KAŞ,Antalya,Kaş,Akdeniz,36.200579,29.649995,2021-07-14T06:00:00.000Z,27.5,,turkiye.gov.tr,1
17386,BODRUM KARAADA SIĞLIK IŞIKLI ŞAMANDIRA,Muğla,Bodrum,Ege,37.0081,27.4142,2021-07-14T06:00:00.000Z,25.1,,turkiye.gov.tr,1
17387,GİRESUN PALAMUT KAYALIĞI MAHMUZ FENERİ,Giresun,Merkez,Karadeniz,40.9182,38.3783,2021-07-14T06:00:00.000Z,25.3,,turkiye.gov.tr,1
17389,ADALAR ŞAMANDIRA,İstanbul,Adalar,Marmara,40.93278,28.94889,2021-07-14T06:00:00.000Z,25.1,,turkiye.gov.tr,1
17421,AYVALIK KANAL SANCAK A FENERİ,Balıkesir,Ayvalık,Ege,39.323394,26.640546,2021-07-14T06:00:00.000Z,24.0,,turkiye.gov.tr,1
17423,MARMARA BARINAK ANA MENDİREK FENERİ,Balıkesir,Marmara,Marmara,40.583839,27.560849,2021-07-14T06:00:00.000Z,25.8,,turkiye.gov.tr,1
17425,LAPSEKİ/ZİNCİRBOZAN FENERİ,Çanakkale,Lapseki,Marmara,40.4206,26.7536,2021-07-14T06:00:00.000Z,26.8,,turkiye.gov.tr,1
17426,BARTIN GÜNEY MENDİREK FENERİ,Bartın,Merkez,Karadeniz,41.6864,32.2261,2021-07-14T06:00:00.000Z,27.0,,turkiye.gov.tr,1
17428,AYVACIK/GÜLPINAR ANA MENDİREK FENERİ,Çanakkale,Ayvacık,Ege,39.5658,26.0967,2021-07-14T06:00:00.000Z,22.9,,turkiye.gov.tr,1
17431,BİGA/KARABİGA BAR. (B) NOKTASI GÜNEY MEN. FENERİ,Çanakkale,Biga,Marmara,40.399583,27.305591,2021-07-14T06:00:00.000Z,27.9,,turkiye.gov.tr,1
17433,GÖKÇEADA UĞURLU LİMAN FENERİ,Çanakkale,Gökçeada,Ege,40.1153,25.6989,2021-07-14T06:00:00.000Z,25.7,,turkiye.gov.tr,1
17434,EZİNE YENİKÖY BAL.BAR. ANA MENDİREK FENERİ,Çanakkale,Ezine,Ege,39.9447,26.1611,2021-07-14T06:00:00.000Z,20.3,,turkiye.gov.tr,1
17437,TUZLA AYDINLI LİMAN FENERİ,İstanbul,Tuzla,Marmara,40.850611,29.271174,2021-07-14T06:00:00.000Z,23.7,,turkiye.gov.tr,1
17438,SİLİVRİ ANA MENDİREK FENERİ,İstanbul,Silivri,Marmara,41.072866,28.238398,2021-07-14T06:00:00.000Z,26.0,,turkiye.gov.tr,1
17440,URLA BALIKÇI BARINAĞI MENDİREK FENERİ,İzmir,Urla,Ege,38.364761,26.772665,2021-07-14T06:00:00.000Z,25.9,,turkiye.gov.tr,1
17442,KONAK/İZMİR PASAPORT MENDİREK FENERİ,İzmir,Konak,Ege,38.429236,27.131698,2021-07-14T06:00:00.000Z,27.2,,turkiye.gov.tr,1
17444,KARABURUN/MORDOĞAN ANA MENDİREK (KUZEY) FENERİ,İzmir,Karaburun,Ege,38.517845,26.627861,2021-07-14T06:00:00.000Z,23.8,,turkiye.gov.tr,1
17445,CİDE KUZEY MENDİREK FENERİ,Kastamonu,Cide,Karadeniz,41.9006,32.9778,2021-07-14T06:00:00.000Z,27.4,,turkiye.gov.tr,1
17446,İNEBOLU KUZEY MENDİREK FENERİ,Kastamonu,İnebolu,Karadeniz,41.9817,33.7769,2021-07-14T06:00:00.000Z,25.3,,turkiye.gov.tr,1
17447,VİZE/MİDYE KIYIKÖY BATI MENDİREK FENERİ (ANA),Kırklareli,Vize,Karadeniz,41.630847,28.101353,2021-07-14T06:00:00.000Z,25.6,,turkiye.gov.tr,1
17448,TUZLA İTÜ GÜNEY MENDİREK FENERİ,İstanbul,Tuzla,Marmara,40.811828,29.297373,2021-07-14T06:00:00.000Z,25.3,,turkiye.gov.tr,1
17449,KANDIRA/KEFKEN ADASI DOĞU MENDİREK FENERİ,Kocaeli,Kandıra,Karadeniz,41.211869,30.260694,2021-07-14T06:00:00.000Z,29.6,,turkiye.gov.tr,1
17450,BODRUM YALIKAVAK GEMİTAŞI FENERİ,Muğla,Bodrum,Ege,37.150133,27.263333,2021-07-14T06:00:00.000Z,23.0,,turkiye.gov.tr,1
17451,MARMARA EREĞLİSİ BAL.BAR.ANA MENDİREK FENERİ,Tekirdağ,Marmaraereğlisi,Marmara,40.970825,27.959676,2021-07-14T06:00:00.000Z,26.7,,turkiye.gov.tr,1
17452,YALOVA SAMANLIDERE TALİ (DOĞU) MENDİREK FENERİ,Yalova,Merkez,Marmara,40.660597,29.246969,2021-07-14T06:00:00.000Z,24.5,,turkiye.gov.tr,1
17454,FATİH/KUMKAPI FENERİ,İstanbul,Fatih,Marmara,41.000994,28.965432,2021-07-14T06:00:00.000Z,24.6,,turkiye.gov.tr,1
17459,İLKADIM/SAMSUN LİMAN KUZEY MENDİREK FENERİ,Samsun,İlkadım,Karadeniz,41.309587,36.355678,2021-07-14T06:00:00.000Z,24.1,,turkiye.gov.tr,1
17460,ÜNYE BALIKÇI BARINAĞI ANA MENDİREK FENERİ,Ordu,Ünye,Karadeniz,41.116448,37.348722,2021-07-14T06:00:00.000Z,24.9,,turkiye.gov.tr,1
17464,TRABZON LİMANI ANA MENDİREK FENERİ,Trabzon,Ortahisar,Karadeniz,41.006776,39.750108,2021-07-14T06:00:00.000Z,24.3,,turkiye.gov.tr,1
17465,ARAKLI BALIKÇI BARINAĞI TALİ MENDİREK FENERİ,Trabzon,Araklı,Karadeniz,40.945081,40.053776,2021-07-14T06:00:00.000Z,23.5,,turkiye.gov.tr,1
17466,ÇAYELİ BALIKÇI BARINAĞI TALİ MENDİREK FENERİ,Rize,Çayeli,Karadeniz,41.090095,40.722557,2021-07-14T06:00:00.000Z,23.8,,turkiye.gov.tr,1
17470,İNCEBURUN (YILDIZADASI) MARMARİS FENERİ,Muğla,Marmaris,Akdeniz,36.813936,28.265907,2021-07-14T06:00:00.000Z,26.2,,turkiye.gov.tr,1
17471,FETHİYE/KIZILADA FENERİ,Muğla,Fethiye,Akdeniz,36.653003,29.044002,2021-07-14T06:00:00.000Z,28.1,,turkiye.gov.tr,1
17472,FETHİYE/İBLİSBURNU DÖKÜNTÜTAŞ FENERİ,Muğla,Fethiye,Akdeniz,36.5455556,29.0108333,2021-07-14T06:00:00.000Z,27.5,,turkiye.gov.tr,1
17473,KAŞ BAYINDIR ANA MENDİREK FENERİ,Antalya,Kaş,Akdeniz,36.183225,29.642011,2021-07-14T06:00:00.000Z,28.4,,turkiye.gov.tr,1
17474,FİNİKE BALIKÇI BARINAĞI ANA MENDİREK FENER,Antalya,Finike,Akdeniz,36.2953,30.1533,2021-07-14T06:00:00.000Z,29.1,,turkiye.gov.tr,1
17475,KEMER SIĞLIK FENERİ,Antalya,Kemer,Akdeniz,36.612395,30.574242,2021-07-14T06:00:00.000Z,28.2,,turkiye.gov.tr,1
17477,ALANYA YENİ YAT LİMAN ANA MENDİREK FENERİ,Antalya,Alanya,Akdeniz,36.557404,31.951419,2021-07-14T06:00:00.000Z,26.1,,turkiye.gov.tr,1
17479,SİLİFKE/TAŞUCU SEKA ANA MENDİREK FENERİ,Mersin,Silifke,Akdeniz,36.309162,33.889845,2021-07-14T06:00:00.000Z,29.0,,turkiye.gov.tr,1
17482,VAN LİMAN,Van,Tuşba,Van Gölü,38.51486,43.307362,2021-07-14T06:00:00.000Z,24.5,,turkiye.gov.tr,1
17483,TATVAN LİMAN,Bitlis,Tatvan,Van Gölü,38.512592,42.302103,2021-07-14T06:00:00.000Z,24.1,,turkiye.gov.tr,1
17484,ADİLCEVAZ LİMAN,Bitlis,Adilcevaz,Van Gölü,38.797236,42.729931,2021-07-14T06:00:00.000Z,21.5,,turkiye.gov.tr,1
17489,MUDANYA/GÜZELYALI BALIKÇI BARINAĞI,Bursa,Mudanya,Marmara,40.35612,28.934036,2021-07-14T06:00:00.000Z,25.8,,turkiye.gov.tr,1
17491,GEVAŞ AKDAMAR FENERİ,Van,Gevaş,Van Gölü,38.309988,43.041398,2021-07-14T06:00:00.000Z,25.0,,turkiye.gov.tr,1
17015,AKÇAKOCA,Düzce,Akçakoca,Karadeniz,41.089528,31.143039,2021-07-18T06:00:00.000Z,26.0,,turkiye.gov.tr,1
17024,İNEBOLU,Kastamonu,İnebolu,Karadeniz,41.978937,33.762945,2021-07-18T06:00:00.000Z,25.7,,turkiye.gov.tr,1
17026,SİNOP,Sinop,Merkez,Karadeniz,42.029821,35.154286,2021-07-18T06:00:00.000Z,25.2,,turkiye.gov.tr,1
17030,SAMSUN BÖLGE,Samsun,Atakum,Karadeniz,41.344286,36.255794,2021-07-18T06:00:00.000Z,25.1,,turkiye.gov.tr,1
17033,ORDU,Ordu,Altınordu,Karadeniz,40.983833,37.885833,2021-07-18T06:00:00.000Z,26.0,,turkiye.gov.tr,1
17034,GİRESUN,Giresun,Merkez,Karadeniz,40.922667,38.387833,2021-07-18T06:00:00.000Z,26.0,,turkiye.gov.tr,1
17038,TRABZON HAVALİMANI,Trabzon,Ortahisar,Karadeniz,40.999133,39.779248,2021-07-18T06:00:00.000Z,25.0,,turkiye.gov.tr,1
17040,RİZE,Rize,Merkez,Karadeniz,41.04,40.501333,2021-07-18T06:00:00.000Z,23.3,,turkiye.gov.tr,1
17042,HOPA,Artvin,Hopa,Karadeniz,41.4065,41.433,2021-07-18T06:00:00.000Z,27.3,,turkiye.gov.tr,1
17056,TEKİRDAĞ,Tekirdağ,Süleymanpaşa,Marmara,40.957959,27.496181,2021-07-18T06:00:00.000Z,25.1,,turkiye.gov.tr,1
17059,SARIYER/KUMKÖY-KİLYOS,İstanbul,Sarıyer,Karadeniz,41.25047,29.038367,2021-07-18T06:00:00.000Z,25.0,,turkiye.gov.tr,1
17112,ÇANAKKALE,Çanakkale,Merkez,Marmara,40.141428,26.399616,2021-07-18T06:00:00.000Z,25.1,,turkiye.gov.tr,1
17175,AYVALIK,Balıkesir,Ayvalık,Ege,39.311292,26.686445,2021-07-18T06:00:00.000Z,25.0,,turkiye.gov.tr,1
17180,DİKİLİ,İzmir,Dikili,Ege,39.073861,26.888093,2021-07-18T06:00:00.000Z,24.0,,turkiye.gov.tr,1
17220,İZMİR BÖLGE,İzmir,Konak,Ege,38.3945,27.0821,2021-07-18T06:00:00.000Z,28.3,,turkiye.gov.tr,1
17221,ÇEŞME,İzmir,Çeşme,Ege,38.303858,26.372882,2021-07-18T06:00:00.000Z,26.1,,turkiye.gov.tr,1
17232,KUŞADASI,Aydın,Kuşadası,Ege,37.859636,27.265115,2021-07-18T06:00:00.000Z,26.6,,turkiye.gov.tr,1
17290,BODRUM,Muğla,Bodrum,Ege,37.032611,27.439801,2021-07-18T06:00:00.000Z,24.5,,turkiye.gov.tr,1
17296,FETHİYE,Muğla,Fethiye,Akdeniz,36.626611,29.123804,2021-07-18T06:00:00.000Z,28.5,,turkiye.gov.tr,1
17297,DATÇA,Muğla,Datça,Ege,36.707945,27.691918,2021-07-18T06:00:00.000Z,25.4,,turkiye.gov.tr,1
17298,MARMARİS,Muğla,Marmaris,Akdeniz,36.83926,28.244995,2021-07-18T06:00:00.000Z,26.4,,turkiye.gov.tr,1
17302,ANTALYA BÖLGE,Antalya,Muratpaşa,Akdeniz,36.885073,30.682793,2021-07-18T06:00:00.000Z,28.2,,turkiye.gov.tr,1
17310,ALANYA,Antalya,Alanya,Akdeniz,36.54999,31.979822,2021-07-18T06:00:00.000Z,25.6,,turkiye.gov.tr,1
17320,ANAMUR,Mersin,Anamur,Akdeniz,36.068614,32.864876,2021-07-18T06:00:00.000Z,27.6,,turkiye.gov.tr,1
17340,MERSİN,Mersin,Yenişehir,Akdeniz,36.780904,34.603125,2021-07-18T06:00:00.000Z,29.3,,turkiye.gov.tr,1
17370,İSKENDERUN,Hatay,İskenderun,Akdeniz,36.592358,36.158158,2021-07-18T06:00:00.000Z,30.5,,turkiye.gov.tr,1
17375,FİNİKE,Antalya,Finike,Akdeniz,36.3024,30.1458,2021-07-18T06:00:00.000Z,28.5,,turkiye.gov.tr,1
17380,KAŞ,Antalya,Kaş,Akdeniz,36.200579,29.649995,2021-07-18T06:00:00.000Z,27.5,,turkiye.gov.tr,1
17386,BODRUM KARAADA SIĞLIK IŞIKLI ŞAMANDIRA,Muğla,Bodrum,Ege,37.0081,27.4142,2021-07-18T06:00:00.000Z,25.7,,turkiye.gov.tr,1
17387,GİRESUN PALAMUT KAYALIĞI MAHMUZ FENERİ,Giresun,Merkez,Karadeniz,40.9182,38.3783,2021-07-18T06:00:00.000Z,27.3,,turkiye.gov.tr,1
17389,ADALAR ŞAMANDIRA,İstanbul,Adalar,Marmara,40.93278,28.94889,2021-07-18T06:00:00.000Z,23.8,,turkiye.gov.tr,1
17421,AYVALIK KANAL SANCAK A FENERİ,Balıkesir,Ayvalık,Ege,39.323394,26.640546,2021-07-18T06:00:00.000Z,23.9,,turkiye.gov.tr,1
17423,MARMARA BARINAK ANA MENDİREK FENERİ,Balıkesir,Marmara,Marmara,40.583839,27.560849,2021-07-18T06:00:00.000Z,25.4,,turkiye.gov.tr,1
17425,LAPSEKİ/ZİNCİRBOZAN FENERİ,Çanakkale,Lapseki,Marmara,40.4206,26.7536,2021-07-18T06:00:00.000Z,26.4,,turkiye.gov.tr,1
17426,BARTIN GÜNEY MENDİREK FENERİ,Bartın,Merkez,Karadeniz,41.6864,32.2261,2021-07-18T06:00:00.000Z,25.5,,turkiye.gov.tr,1
17428,AYVACIK/GÜLPINAR ANA MENDİREK FENERİ,Çanakkale,Ayvacık,Ege,39.5658,26.0967,2021-07-18T06:00:00.000Z,24.4,,turkiye.gov.tr,1
17431,BİGA/KARABİGA BAR. (B) NOKTASI GÜNEY MEN. FENERİ,Çanakkale,Biga,Marmara,40.399583,27.305591,2021-07-18T06:00:00.000Z,28.1,,turkiye.gov.tr,1
17433,GÖKÇEADA UĞURLU LİMAN FENERİ,Çanakkale,Gökçeada,Ege,40.1153,25.6989,2021-07-18T06:00:00.000Z,25.7,,turkiye.gov.tr,1
17434,EZİNE YENİKÖY BAL.BAR. ANA MENDİREK FENERİ,Çanakkale,Ezine,Ege,39.9447,26.1611,2021-07-18T06:00:00.000Z,20.3,,turkiye.gov.tr,1
17435,AKÇAKOCA FENERİ,Düzce,Akçakoca,Karadeniz,41.0922,31.1197,2021-07-18T06:00:00.000Z,26.3,,turkiye.gov.tr,1
17436,ENEZ TALİ MENDİREK FENERİ,Edirne,Enez,Ege,40.698218,26.051263,2021-07-18T06:00:00.000Z,24.0,,turkiye.gov.tr,1
17438,SİLİVRİ ANA MENDİREK FENERİ,İstanbul,Silivri,Marmara,41.072866,28.238398,2021-07-18T06:00:00.000Z,25.7,,turkiye.gov.tr,1
17440,URLA BALIKÇI BARINAĞI MENDİREK FENERİ,İzmir,Urla,Ege,38.364761,26.772665,2021-07-18T06:00:00.000Z,27.0,,turkiye.gov.tr,1
17442,KONAK/İZMİR PASAPORT MENDİREK FENERİ,İzmir,Konak,Ege,38.429236,27.131698,2021-07-18T06:00:00.000Z,28.4,,turkiye.gov.tr,1
17444,KARABURUN/MORDOĞAN ANA MENDİREK (KUZEY) FENERİ,İzmir,Karaburun,Ege,38.517845,26.627861,2021-07-18T06:00:00.000Z,24.0,,turkiye.gov.tr,1
17445,CİDE KUZEY MENDİREK FENERİ,Kastamonu,Cide,Karadeniz,41.9006,32.9778,2021-07-18T06:00:00.000Z,25.7,,turkiye.gov.tr,1
17446,İNEBOLU KUZEY MENDİREK FENERİ,Kastamonu,İnebolu,Karadeniz,41.9817,33.7769,2021-07-18T06:00:00.000Z,25.8,,turkiye.gov.tr,1
17447,VİZE/MİDYE KIYIKÖY BATI MENDİREK FENERİ (ANA),Kırklareli,Vize,Karadeniz,41.630847,28.101353,2021-07-18T06:00:00.000Z,26.1,,turkiye.gov.tr,1
17448,TUZLA İTÜ GÜNEY MENDİREK FENERİ,İstanbul,Tuzla,Marmara,40.811828,29.297373,2021-07-18T06:00:00.000Z,25.4,,turkiye.gov.tr,1
17449,KANDIRA/KEFKEN ADASI DOĞU MENDİREK FENERİ,Kocaeli,Kandıra,Karadeniz,41.211869,30.260694,2021-07-18T06:00:00.000Z,27.4,,turkiye.gov.tr,1
17450,BODRUM YALIKAVAK GEMİTAŞI FENERİ,Muğla,Bodrum,Ege,37.150133,27.263333,2021-07-18T06:00:00.000Z,24.2,,turkiye.gov.tr,1
17451,MARMARA EREĞLİSİ BAL.BAR.ANA MENDİREK FENERİ,Tekirdağ,Marmaraereğlisi,Marmara,40.970825,27.959676,2021-07-18T06:00:00.000Z,27.4,,turkiye.gov.tr,1
17452,YALOVA SAMANLIDERE TALİ (DOĞU) MENDİREK FENERİ,Yalova,Merkez,Marmara,40.660597,29.246969,2021-07-18T06:00:00.000Z,25.2,,turkiye.gov.tr,1
17453,ZONGULDAK GÜNEY MENDİREK FENERİ,Zonguldak,Merkez,Karadeniz,41.458611,31.779166,2021-07-18T06:00:00.000Z,25.0,,turkiye.gov.tr,1
17454,FATİH/KUMKAPI FENERİ,İstanbul,Fatih,Marmara,41.000994,28.965432,2021-07-18T06:00:00.000Z,26.1,,turkiye.gov.tr,1
17459,İLKADIM/SAMSUN LİMAN KUZEY MENDİREK FENERİ,Samsun,İlkadım,Karadeniz,41.309587,36.355678,2021-07-18T06:00:00.000Z,25.6,,turkiye.gov.tr,1
17460,ÜNYE BALIKÇI BARINAĞI ANA MENDİREK FENERİ,Ordu,Ünye,Karadeniz,41.116448,37.348722,2021-07-18T06:00:00.000Z,26.8,,turkiye.gov.tr,1
17464,TRABZON LİMANI ANA MENDİREK FENERİ,Trabzon,Ortahisar,Karadeniz,41.006776,39.750108,2021-07-18T06:00:00.000Z,25.4,,turkiye.gov.tr,1
17465,ARAKLI BALIKÇI BARINAĞI TALİ MENDİREK FENERİ,Trabzon,Araklı,Karadeniz,40.945081,40.053776,2021-07-18T06:00:00.000Z,24.2,,turkiye.gov.tr,1
17466,ÇAYELİ BALIKÇI BARINAĞI TALİ MENDİREK FENERİ,Rize,Çayeli,Karadeniz,41.090095,40.722557,2021-07-18T06:00:00.000Z,23.3,,turkiye.gov.tr,1
17470,İNCEBURUN (YILDIZADASI) MARMARİS FENERİ,Muğla,Marmaris,Akdeniz,36.813936,28.265907,2021-07-18T06:00:00.000Z,26.7,,turkiye.gov.tr,1
17471,FETHİYE/KIZILADA FENERİ,Muğla,Fethiye,Akdeniz,36.653003,29.044002,2021-07-18T06:00:00.000Z,28.4,,turkiye.gov.tr,1
17472,FETHİYE/İBLİSBURNU DÖKÜNTÜTAŞ FENERİ,Muğla,Fethiye,Akdeniz,36.5455556,29.0108333,2021-07-18T06:00:00.000Z,27.5,,turkiye.gov.tr,1
17473,KAŞ BAYINDIR ANA MENDİREK FENERİ,Antalya,Kaş,Akdeniz,36.183225,29.642011,2021-07-18T06:00:00.000Z,28.3,,turkiye.gov.tr,1
17474,FİNİKE BALIKÇI BARINAĞI ANA MENDİREK FENER,Antalya,Finike,Akdeniz,36.2953,30.1533,2021-07-18T06:00:00.000Z,27.8,,turkiye.gov.tr,1
17475,KEMER SIĞLIK FENERİ,Antalya,Kemer,Akdeniz,36.612395,30.574242,2021-07-18T06:00:00.000Z,28.6,,turkiye.gov.tr,1
17477,ALANYA YENİ YAT LİMAN ANA MENDİREK FENERİ,Antalya,Alanya,Akdeniz,36.557404,31.951419,2021-07-18T06:00:00.000Z,25.9,,turkiye.gov.tr,1
17479,SİLİFKE/TAŞUCU SEKA ANA MENDİREK FENERİ,Mersin,Silifke,Akdeniz,36.309162,33.889845,2021-07-18T06:00:00.000Z,28.9,,turkiye.gov.tr,1
17482,VAN LİMAN,Van,Tuşba,Van Gölü,38.51486,43.307362,2021-07-18T06:00:00.000Z,23.5,,turkiye.gov.tr,1
17483,TATVAN LİMAN,Bitlis,Tatvan,Van Gölü,38.512592,42.302103,2021-07-18T06:00:00.000Z,24.1,,turkiye.gov.tr,1
17484,ADİLCEVAZ LİMAN,Bitlis,Adilcevaz,Van Gölü,38.797236,42.729931,2021-07-18T06:00:00.000Z,21.1,,turkiye.gov.tr,1
17489,MUDANYA/GÜZELYALI BALIKÇI BARINAĞI,Bursa,Mudanya,Marmara,40.35612,28.934036,2021-07-18T06:00:00.000Z,24.2,,turkiye.gov.tr,1
17491,GEVAŞ AKDAMAR FENERİ,Van,Gevaş,Van Gölü,38.309988,43.041398,2021-07-18T06:00:00.000Z,22.9,,turkiye.gov.tr,1
17015,AKÇAKOCA,Düzce,Akçakoca,Karadeniz,41.089528,31.143039,2021-07-23T06:00:00.000Z,26.7,,mgm,0
17024,İNEBOLU,Kastamonu,İnebolu,Karadeniz,41.978937,33.762945,2021-07-23T06:00:00.000Z,25.0,,mgm,0
17026,SİNOP,Sinop,Merkez,Karadeniz,42.029821,35.154286,2021-07-23T06:00:00.000Z,26.0,,mgm,0
17030,SAMSUN BÖLGE,Samsun,Atakum,Karadeniz,41.344286,36.255794,2021-07-23T06:00:00.000Z,24.4,,mgm,0
17033,ORDU,Ordu,Altınordu,Karadeniz,40.983833,37.885833,2021-07-23T06:00:00.000Z,26.2,,mgm,0
17034,GİRESUN,Giresun,Merkez,Karadeniz,40.922667,38.387833,2021-07-23T06:00:00.000Z,27.3,,mgm,0
17038,TRABZON HAVALİMANI,Trabzon,Ortahisar,Karadeniz,40.999133,39.779248,2021-07-23T06:00:00.000Z,25.5,,mgm,0
17040,RİZE,Rize,Merkez,Karadeniz,41.04,40.501333,2021-07-23T06:00:00.000Z,23.5,,mgm,0
17042,HOPA,Artvin,Hopa,Karadeniz,41.4065,41.433,2021-07-23T06:00:00.000Z,26.3,,mgm,0
17056,TEKİRDAĞ,Tekirdağ,Süleymanpaşa,Marmara,40.957959,27.496181,2021-07-23T06:00:00.000Z,25.5,,mgm,0
17059,SARIYER/KUMKÖY-KİLYOS,İstanbul,Sarıyer,Karadeniz,41.25047,29.038367,2021-07-23T06:00:00.000Z,25.2,,mgm,0
17112,ÇANAKKALE,Çanakkale,Merkez,Marmara,40.141428,26.399616,2021-07-23T06:00:00.000Z,24.6,,mgm,0
17175,AYVALIK,Balıkesir,Ayvalık,Ege,39.311292,26.686445,2021-07-23T06:00:00.000Z,25.2,,mgm,0
17180,DİKİLİ,İzmir,Dikili,Ege,39.073861,26.888093,2021-07-23T06:00:00.000Z,24.5,,mgm,0
17220,İZMİR BÖLGE,İzmir,Konak,Ege,38.3945,27.0821,2021-07-23T06:00:00.000Z,27.4,,mgm,0
17221,ÇEŞME,İzmir,Çeşme,Ege,38.303858,26.372882,2021-07-23T06:00:00.000Z,25.8,,mgm,0
17232,KUŞADASI,Aydın,Kuşadası,Ege,37.859636,27.265115,2021-07-23T06:00:00.000Z,26.8,,mgm,0
17290,BODRUM,Muğla,Bodrum,Ege,37.032611,27.439801,2021-07-23T06:00:00.000Z,24.7,,mgm,0
17296,FETHİYE,Muğla,Fethiye,Akdeniz,36.626611,29.123804,2021-07-23T06:00:00.000Z,29.2,,mgm,0
17297,DATÇA,Muğla,Datça,Ege,36.707945,27.691918,2021-07-23T06:00:00.000Z,23.9,,mgm,0
17298,MARMARİS,Muğla,Marmaris,Akdeniz,36.83926,28.244995,2021-07-23T06:00:00.000Z,26.8,,mgm,0
17302,ANTALYA BÖLGE,Antalya,Muratpaşa,Akdeniz,36.885073,30.682793,2021-07-23T06:00:00.000Z,28.4,,mgm,0
17310,ALANYA,Antalya,Alanya,Akdeniz,36.54999,31.979822,2021-07-23T06:00:00.000Z,24.8,,mgm,0
17320,ANAMUR,Mersin,Anamur,Akdeniz,36.068614,32.864876,2021-07-23T06:00:00.000Z,27.6,,mgm,0
17340,MERSİN,Mersin,Yenişehir,Akdeniz,36.780904,34.603125,2021-07-23T06:00:00.000Z,29.3,,mgm,0
17370,İSKENDERUN,Hatay,İskenderun,Akdeniz,36.592358,36.158158,2021-07-23T06:00:00.000Z,30.6,,mgm,0
17375,FİNİKE,Antalya,Finike,Akdeniz,36.3024,30.1458,2021-07-23T06:00:00.000Z,28.7,,mgm,0
17380,KAŞ,Antalya,Kaş,Akdeniz,36.200579,29.649995,2021-07-23T06:00:00.000Z,27.9,,mgm,0
17387,GİRESUN PALAMUT KAYALIĞI MAHMUZ FENERİ,Giresun,Merkez,Karadeniz,40.9182,38.3783,2021-07-23T12:55:00.000Z,27.5,,mgm,0
17389,ADALAR ŞAMANDIRA,İstanbul,Adalar,Marmara,40.93278,28.94889,2021-07-23T12:55:00.000Z,22.7,,mgm,0
17425,LAPSEKİ/ZİNCİRBOZAN FENERİ,Çanakkale,Lapseki,Marmara,40.4206,26.7536,2021-07-23T12:55:00.000Z,26.7,,mgm,0
17428,AYVACIK/GÜLPINAR ANA MENDİREK FENERİ,Çanakkale,Ayvacık,Ege,39.5658,26.0967,2021-07-23T12:55:00.000Z,22.2,,mgm,0
17431,BİGA/KARABİGA BAR. (B) NOKTASI GÜNEY MEN. FENERİ,Çanakkale,Biga,Marmara,40.399583,27.305591,2021-07-23T12:55:00.000Z,28.0,,mgm,0
17433,GÖKÇEADA UĞURLU LİMAN FENERİ,Çanakkale,Gökçeada,Ege,40.1153,25.6989,2021-07-23T12:55:00.000Z,26.2,,mgm,0
17434,EZİNE YENİKÖY BAL.BAR. ANA MENDİREK FENERİ,Çanakkale,Ezine,Ege,39.9447,26.1611,2021-07-23T12:55:00.000Z,19.6,,mgm,0
17445,CİDE KUZEY MENDİREK FENERİ,Kastamonu,Cide,Karadeniz,41.9006,32.9778,2021-07-23T12:55:00.000Z,26.4,,mgm,0
17446,İNEBOLU KUZEY MENDİREK FENERİ,Kastamonu,İnebolu,Karadeniz,41.9817,33.7769,2021-07-23T12:55:00.000Z,25.5,,mgm,0
17491,GEVAŞ AKDAMAR FENERİ,Van,Gevaş,Van Gölü,38.309988,43.041398,2021-07-23T12:55:00.000Z,24.8,,mgm,0
17436,ENEZ TALİ MENDİREK FENERİ,Edirne,Enez,Ege,40.698218,26.051263,2021-07-23T12:56:00.000Z,24.5,,mgm,0
17450,BODRUM YALIKAVAK GEMİTAŞI FENERİ,Muğla,Bodrum,Ege,37.150133,27.263333,2021-07-23T12:56:00.000Z,22.7,,mgm,0
17459,İLKADIM/SAMSUN LİMAN KUZEY MENDİREK FENERİ,Samsun,İlkadım,Karadeniz,41.309587,36.355678,2021-07-23T12:56:00.000Z,24.5,,mgm,0
17460,ÜNYE BALIKÇI BARINAĞI ANA MENDİREK FENERİ,Ordu,Ünye,Karadeniz,41.116448,37.348722,2021-07-23T12:56:00.000Z,26.2,,mgm,0
17465,ARAKLI BALIKÇI BARINAĞI TALİ MENDİREK FENERİ,Trabzon,Araklı,Karadeniz,40.945081,40.053776,2021-07-23T12:56:00.000Z,24.5,,mgm,0
17470,İNCEBURUN (YILDIZADASI) MARMARİS FENERİ,Muğla,Marmaris,Akdeniz,36.813936,28.265907,2021-07-23T12:56:00.000Z,27.4,,mgm,0
17472,FETHİYE/İBLİSBURNU DÖKÜNTÜTAŞ FENERİ,Muğla,Fethiye,Akdeniz,36.5455556,29.0108333,2021-07-23T12:56:00.000Z,28.4,,mgm,0
17473,KAŞ BAYINDIR ANA MENDİREK FENERİ,Antalya,Kaş,Akdeniz,36.183225,29.642011,2021-07-23T12:56:00.000Z,28.1,,mgm,0
17474,FİNİKE BALIKÇI BARINAĞI ANA MENDİREK FENER,Antalya,Finike,Akdeniz,36.2953,30.1533,2021-07-23T12:56:00.000Z,29.1,,mgm,0
17475,KEMER SIĞLIK FENERİ,Antalya,Kemer,Akdeniz,36.612395,30.574242,2021-07-23T12:56:00.000Z,29.1,,mgm,0
17482,VAN LİMAN,Van,Tuşba,Van Gölü,38.51486,43.307362,2021-07-23T12:56:00.000Z,24.4,,mgm,0
17483,TATVAN LİMAN,Bitlis,Tatvan,Van Gölü,38.512592,42.302103,2021-07-23T12:56:00.000Z,26.1,,mgm,0
17484,ADİLCEVAZ LİMAN,Bitlis,Adilcevaz,Van Gölü,38.797236,42.729931,2021-07-23T12:56:00.000Z,22.5,,mgm,0
17386,BODRUM KARAADA SIĞLIK IŞIKLI ŞAMANDIRA,Muğla,Bodrum,Ege,37.0081,27.4142,2021-07-23T12:57:00.000Z,24.5,,mgm,0
17444,KARABURUN/MORDOĞAN ANA MENDİREK (KUZEY) FENERİ,İzmir,Karaburun,Ege,38.517845,26.627861,2021-07-23T12:57:00.000Z,23.8,,mgm,0
17451,MARMARA EREĞLİSİ BAL.BAR.ANA MENDİREK FENERİ,Tekirdağ,Marmaraereğlisi,Marmara,40.970825,27.959676,2021-07-23T12:57:00.000Z,26.3,,mgm,0
17466,ÇAYELİ BALIKÇI BARINAĞI TALİ MENDİREK FENERİ,Rize,Çayeli,Karadeniz,41.090095,40.722557,2021-07-23T12:57:00.000Z,23.2,,mgm,0
17489,MUDANYA/GÜZELYALI BALIKÇI BARINAĞI,Bursa,Mudanya,Marmara,40.35612,28.934036,2021-07-23T12:57:00.000Z,25.0,,mgm,0
17421,AYVALIK KANAL SANCAK A FENERİ,Balıkesir,Ayvalık,Ege,39.323394,26.640546,2021-07-23T12:58:00.000Z,20.6,,mgm,0
17423,MARMARA BARINAK ANA MENDİREK FENERİ,Balıkesir,Marmara,Marmara,40.583839,27.560849,2021-07-23T12:58:00.000Z,26.0,,mgm,0
17426,BARTIN GÜNEY MENDİREK FENERİ,Bartın,Merkez,Karadeniz,41.6864,32.2261,2021-07-23T12:58:00.000Z,27.0,,mgm,0
17435,AKÇAKOCA FENERİ,Düzce,Akçakoca,Karadeniz,41.0922,31.1197,2021-07-23T12:58:00.000Z,26.9,,mgm,0
17438,SİLİVRİ ANA MENDİREK FENERİ,İstanbul,Silivri,Marmara,41.072866,28.238398,2021-07-23T12:58:00.000Z,25.1,,mgm,0
17440,URLA BALIKÇI BARINAĞI MENDİREK FENERİ,İzmir,Urla,Ege,38.364761,26.772665,2021-07-23T12:58:00.000Z,25.7,,mgm,0
17442,KONAK/İZMİR PASAPORT MENDİREK FENERİ,İzmir,Konak,Ege,38.429236,27.131698,2021-07-23T12:58:00.000Z,27.1,,mgm,0
17447,VİZE/MİDYE KIYIKÖY BATI MENDİREK FENERİ (ANA),Kırklareli,Vize,Karadeniz,41.630847,28.101353,2021-07-23T12:58:00.000Z,26.0,,mgm,0
17448,TUZLA İTÜ GÜNEY MENDİREK FENERİ,İstanbul,Tuzla,Marmara,40.811828,29.297373,2021-07-23T12:58:00.000Z,25.2,,mgm,0
17449,KANDIRA/KEFKEN ADASI DOĞU MENDİREK FENERİ,Kocaeli,Kandıra,Karadeniz,41.211869,30.260694,2021-07-23T12:58:00.000Z,30.6,,mgm,0
17452,YALOVA SAMANLIDERE TALİ (DOĞU) MENDİREK FENERİ,Yalova,Merkez,Marmara,40.660597,29.246969,2021-07-23T12:58:00.000Z,25.5,,mgm,0
17453,ZONGULDAK GÜNEY MENDİREK FENERİ,Zonguldak,Merkez,Karadeniz,41.458611,31.779166,2021-07-23T12:58:00.000Z,25.7,,mgm,0
17479,SİLİFKE/TAŞUCU SEKA ANA MENDİREK FENERİ,Mersin,Silifke,Akdeniz,36.309162,33.889845,2021-07-23T12:58:00.000Z,29.3,,mgm,0
17454,FATİH/KUMKAPI FENERİ,İstanbul,Fatih,Marmara,41.000994,28.965432,2021-07-23T12:59:00.000Z,25.0,,mgm,0
17464,TRABZON LİMANI ANA MENDİREK FENERİ,Trabzon,Ortahisar,Karadeniz,41.006776,39.750108,2021-07-23T12:59:00.000Z,25.1,,mgm,0
17471,FETHİYE/KIZILADA FENERİ,Muğla,Fethiye,Akdeniz,36.653003,29.044002,2021-07-23T13:00:00.000Z,27.0,,mgm,0
17477,ALANYA YENİ YAT LİMAN ANA MENDİREK FENERİ,Antalya,Alanya,Akdeniz,36.557404,31.951419,2021-07-23T13:00:00.000Z,25.8,,mgm,0
17435,AKÇAKOCA FENERİ,Düzce,Akçakoca,Karadeniz,41.0922,31.1197,2021-07-23T16:52:00.000Z,26.8,,mgm,0
17433,GÖKÇEADA UĞURLU LİMAN FENERİ,Çanakkale,Gökçeada,Ege,40.1153,25.6989,2021-07-23T19:12:00.000Z,25.7,,mgm,0
17425,LAPSEKİ/ZİNCİRBOZAN FENERİ,Çanakkale,Lapseki,Marmara,40.4206,26.7536,2021-07-23T19:15:00.000Z,26.5,,mgm,0
17387,GİRESUN PALAMUT KAYALIĞI MAHMUZ FENERİ,Giresun,Merkez,Karadeniz,40.9182,38.3783,2021-07-23T19:16:00.000Z,27.1,,mgm,0
17389,ADALAR ŞAMANDIRA,İstanbul,Adalar,Marmara,40.93278,28.94889,2021-07-23T19:16:00.000Z,23.5,,mgm,0
17421,AYVALIK KANAL SANCAK A FENERİ,Balıkesir,Ayvalık,Ege,39.323394,26.640546,2021-07-23T19:16:00.000Z,25.3,,mgm,0
17423,MARMARA BARINAK ANA MENDİREK FENERİ,Balıkesir,Marmara,Marmara,40.583839,27.560849,2021-07-23T19:16:00.000Z,26.0,,mgm,0
17426,BARTIN GÜNEY MENDİREK FENERİ,Bartın,Merkez,Karadeniz,41.6864,32.2261,2021-07-23T19:16:00.000Z,26.7,,mgm,0
17428,AYVACIK/GÜLPINAR ANA MENDİREK FENERİ,Çanakkale,Ayvacık,Ege,39.5658,26.0967,2021-07-23T19:16:00.000Z,22.9,,mgm,0
17431,BİGA/KARABİGA BAR. (B) NOKTASI GÜNEY MEN. FENERİ,Çanakkale,Biga,Marmara,40.399583,27.305591,2021-07-23T19:16:00.000Z,27.3,,mgm,0
17434,EZİNE YENİKÖY BAL.BAR. ANA MENDİREK FENERİ,Çanakkale,Ezine,Ege,39.9447,26.1611,2021-07-23T19:16:00.000Z,19.9,,mgm,0
17438,SİLİVRİ ANA MENDİREK FENERİ,İstanbul,Silivri,Marmara,41.072866,28.238398,2021-07-23T19:16:00.000Z,24.7,,mgm,0
17440,URLA BALIKÇI BARINAĞI MENDİREK FENERİ,İzmir,Urla,Ege,38.364761,26.772665,2021-07-23T19:16:00.000Z,24.2,,mgm,0
17442,KONAK/İZMİR PASAPORT MENDİREK FENERİ,İzmir,Konak,Ege,38.429236,27.131698,2021-07-23T19:16:00.000Z,26.9,,mgm,0
17444,KARABURUN/MORDOĞAN ANA MENDİREK (KUZEY) FENERİ,İzmir,Karaburun,Ege,38.517845,26.627861,2021-07-23T19:16:00.000Z,23.8,,mgm,0
17445,CİDE KUZEY MENDİREK FENERİ,Kastamonu,Cide,Karadeniz,41.9006,32.9778,2021-07-23T19:16:00.000Z,26.4,,mgm,0
17446,İNEBOLU KUZEY MENDİREK FENERİ,Kastamonu,İnebolu,Karadeniz,41.9817,33.7769,2021-07-23T19:16:00.000Z,25.9,,mgm,0
17447,VİZE/MİDYE KIYIKÖY BATI MENDİREK FENERİ (ANA),Kırklareli,Vize,Karadeniz,41.630847,28.101353,2021-07-23T19:16:00.000Z,25.3,,mgm,0
17448,TUZLA İTÜ GÜNEY MENDİREK FENERİ,İstanbul,Tuzla,Marmara,40.811828,29.297373,2021-07-23T19:16:00.000Z,24.6,,mgm,0
17449,KANDIRA/KEFKEN ADASI DOĞU MENDİREK FENERİ,Kocaeli,Kandıra,Karadeniz,41.211869,30.260694,2021-07-23T19:16:00.000Z,29.5,,mgm,0
17451,MARMARA EREĞLİSİ BAL.BAR.ANA MENDİREK FENERİ,Tekirdağ,Marmaraereğlisi,Marmara,40.970825,27.959676,2021-07-23T19:16:00.000Z,25.6,,mgm,0
17452,YALOVA SAMANLIDERE TALİ (DOĞU) MENDİREK FENERİ,Yalova,Merkez,Marmara,40.660597,29.246969,2021-07-23T19:16:00.000Z,25.3,,mgm,0
17453,ZONGULDAK GÜNEY MENDİREK FENERİ,Zonguldak,Merkez,Karadeniz,41.458611,31.779166,2021-07-23T19:16:00.000Z,25.4,,mgm,0
17465,ARAKLI BALIKÇI BARINAĞI TALİ MENDİREK FENERİ,Trabzon,Araklı,Karadeniz,40.945081,40.053776,2021-07-23T19:16:00.000Z,24.4,,mgm,0
17475,KEMER SIĞLIK FENERİ,Antalya,Kemer,Akdeniz,36.612395,30.574242,2021-07-23T19:16:00.000Z,29.1,,mgm,0
17482,VAN LİMAN,Van,Tuşba,Van Gölü,38.51486,43.307362,2021-07-23T19:16:00.000Z,25.0,,mgm,0
17484,ADİLCEVAZ LİMAN,Bitlis,Adilcevaz,Van Gölü,38.797236,42.729931,2021-07-23T19:16:00.000Z,21.2,,mgm,0
17491,GEVAŞ AKDAMAR FENERİ,Van,Gevaş,Van Gölü,38.309988,43.041398,2021-07-23T19:16:00.000Z,24.3,,mgm,0
17386,BODRUM KARAADA SIĞLIK IŞIKLI ŞAMANDIRA,Muğla,Bodrum,Ege,37.0081,27.4142,2021-07-23T19:17:00.000Z,24.3,,mgm,0
17436,ENEZ TALİ MENDİREK FENERİ,Edirne,Enez,Ege,40.698218,26.051263,2021-07-23T19:17:00.000Z,24.1,,mgm,0
17450,BODRUM YALIKAVAK GEMİTAŞI FENERİ,Muğla,Bodrum,Ege,37.150133,27.263333,2021-07-23T19:17:00.000Z,21.4,,mgm,0
17459,İLKADIM/SAMSUN LİMAN KUZEY MENDİREK FENERİ,Samsun,İlkadım,Karadeniz,41.309587,36.355678,2021-07-23T19:17:00.000Z,24.3,,mgm,0
17460,ÜNYE BALIKÇI BARINAĞI ANA MENDİREK FENERİ,Ordu,Ünye,Karadeniz,41.116448,37.348722,2021-07-23T19:17:00.000Z,26.0,,mgm,0
17470,İNCEBURUN (YILDIZADASI) MARMARİS FENERİ,Muğla,Marmaris,Akdeniz,36.813936,28.265907,2021-07-23T19:17:00.000Z,24.8,,mgm,0
17472,FETHİYE/İBLİSBURNU DÖKÜNTÜTAŞ FENERİ,Muğla,Fethiye,Akdeniz,36.5455556,29.0108333,2021-07-23T19:17:00.000Z,28.7,,mgm,0
17473,KAŞ BAYINDIR ANA MENDİREK FENERİ,Antalya,Kaş,Akdeniz,36.183225,29.642011,2021-07-23T19:17:00.000Z,27.4,,mgm,0
17474,FİNİKE BALIKÇI BARINAĞI ANA MENDİREK FENER,Antalya,Finike,Akdeniz,36.2953,30.1533,2021-07-23T19:17:00.000Z,28.4,,mgm,0
17483,TATVAN LİMAN,Bitlis,Tatvan,Van Gölü,38.512592,42.302103,2021-07-23T19:17:00.000Z,24.2,,mgm,0
17489,MUDANYA/GÜZELYALI BALIKÇI BARINAĞI,Bursa,Mudanya,Marmara,40.35612,28.934036,2021-07-23T19:17:00.000Z,23.9,,mgm,0
17466,ÇAYELİ BALIKÇI BARINAĞI TALİ MENDİREK FENERİ,Rize,Çayeli,Karadeniz,41.090095,40.722557,2021-07-23T19:18:00.000Z,23.3,,mgm,0
17454,FATİH/KUMKAPI FENERİ,İstanbul,Fatih,Marmara,41.000994,28.965432,2021-07-23T19:19:00.000Z,24.8,,mgm,0
17479,SİLİFKE/TAŞUCU SEKA ANA MENDİREK FENERİ,Mersin,Silifke,Akdeniz,36.309162,33.889845,2021-07-23T19:19:00.000Z,28.9,,mgm,0
17464,TRABZON LİMANI ANA MENDİREK FENERİ,Trabzon,Ortahisar,Karadeniz,41.006776,39.750108,2021-07-23T19:20:00.000Z,24.9,,mgm,0
17477,ALANYA YENİ YAT LİMAN ANA MENDİREK FENERİ,Antalya,Alanya,Akdeniz,36.557404,31.951419,2021-07-23T19:20:00.000Z,25.3,,mgm,0
17471,FETHİYE/KIZILADA FENERİ,Muğla,Fethiye,Akdeniz,36.653003,29.044002,2021-07-23T19:21:00.000Z,28.7,,mgm,0
17024,İNEBOLU,Kastamonu,İnebolu,Karadeniz,41.978937,33.762945,2021-07-24T06:00:00.000Z,25.7,,mgm,0
17026,SİNOP,Sinop,Merkez,Karadeniz,42.029821,35.154286,2021-07-24T06:00:00.000Z,25.9,,mgm,0
17030,SAMSUN BÖLGE,Samsun,Atakum,Karadeniz,41.344286,36.255794,2021-07-24T06:00:00.000Z,24.4,,mgm,0
17033,ORDU,Ordu,Altınordu,Karadeniz,40.983833,37.885833,2021-07-24T06:00:00.000Z,26.0,,mgm,0
17034,GİRESUN,Giresun,Merkez,Karadeniz,40.922667,38.387833,2021-07-24T06:00:00.000Z,27.0,,mgm,0
17038,TRABZON HAVALİMANI,Trabzon,Ortahisar,Karadeniz,40.999133,39.779248,2021-07-24T06:00:00.000Z,25.5,,mgm,0
17040,RİZE,Rize,Merkez,Karadeniz,41.04,40.501333,2021-07-24T06:00:00.000Z,23.5,,mgm,0
17042,HOPA,Artvin,Hopa,Karadeniz,41.4065,41.433,2021-07-24T06:00:00.000Z,23.1,,mgm,0
17056,TEKİRDAĞ,Tekirdağ,Süleymanpaşa,Marmara,40.957959,27.496181,2021-07-24T06:00:00.000Z,25.5,,mgm,0
17059,SARIYER/KUMKÖY-KİLYOS,İstanbul,Sarıyer,Karadeniz,41.25047,29.038367,2021-07-24T06:00:00.000Z,24.4,,mgm,0
17112,ÇANAKKALE,Çanakkale,Merkez,Marmara,40.141428,26.399616,2021-07-24T06:00:00.000Z,24.6,,mgm,0
17175,AYVALIK,Balıkesir,Ayvalık,Ege,39.311292,26.686445,2021-07-24T06:00:00.000Z,25.4,,mgm,0
17180,DİKİLİ,İzmir,Dikili,Ege,39.073861,26.888093,2021-07-24T06:00:00.000Z,24.5,,mgm,0
17220,İZMİR BÖLGE,İzmir,Konak,Ege,38.3945,27.0821,2021-07-24T06:00:00.000Z,28.4,,mgm,0
17221,ÇEŞME,İzmir,Çeşme,Ege,38.303858,26.372882,2021-07-24T06:00:00.000Z,25.6,,mgm,0
17232,KUŞADASI,Aydın,Kuşadası,Ege,37.859636,27.265115,2021-07-24T06:00:00.000Z,26.8,,mgm,0
17290,BODRUM,Muğla,Bodrum,Ege,37.032611,27.439801,2021-07-24T06:00:00.000Z,24.8,,mgm,0
17296,FETHİYE,Muğla,Fethiye,Akdeniz,36.626611,29.123804,2021-07-24T06:00:00.000Z,29.0,,mgm,0
17297,DATÇA,Muğla,Datça,Ege,36.707945,27.691918,2021-07-24T06:00:00.000Z,23.8,,mgm,0
17298,MARMARİS,Muğla,Marmaris,Akdeniz,36.83926,28.244995,2021-07-24T06:00:00.000Z,26.8,,mgm,0
17302,ANTALYA BÖLGE,Antalya,Muratpaşa,Akdeniz,36.885073,30.682793,2021-07-24T06:00:00.000Z,28.4,,mgm,0
17310,ALANYA,Antalya,Alanya,Akdeniz,36.54999,31.979822,2021-07-24T06:00:00.000Z,24.6,,mgm,0
17320,ANAMUR,Mersin,Anamur,Akdeniz,36.068614,32.864876,2021-07-24T06:00:00.000Z,27.6,,mgm,0
17340,MERSİN,Mersin,Yenişehir,Akdeniz,36.780904,34.603125,2021-07-24T06:00:00.000Z,29.4,,mgm,0
17370,İSKENDERUN,Hatay,İskenderun,Akdeniz,36.592358,36.158158,2021-07-24T06:00:00.000Z,30.6,,mgm,0
17375,FİNİKE,Antalya,Finike,Akdeniz,36.3024,30.1458,2021-07-24T06:00:00.000Z,28.6,,mgm,0
17380,KAŞ,Antalya,Kaş,Akdeniz,36.200579,29.649995,2021-07-24T06:00:00.000Z,28.1,,mgm,0
17491,GEVAŞ AKDAMAR FENERİ,Van,Gevaş,Van Gölü,38.309988,43.041398,2021-07-24T13:22:00.000Z,25.0,,mgm,0
17421,AYVALIK KANAL SANCAK A FENERİ,Balıkesir,Ayvalık,Ege,39.323394,26.640546,2021-07-24T13:36:00.000Z,20.3,,mgm,0
17425,LAPSEKİ/ZİNCİRBOZAN FENERİ,Çanakkale,Lapseki,Marmara,40.4206,26.7536,2021-07-24T13:36:00.000Z,26.4,,mgm,0
17433,GÖKÇEADA UĞURLU LİMAN FENERİ,Çanakkale,Gökçeada,Ege,40.1153,25.6989,2021-07-24T13:36:00.000Z,26.1,,mgm,0
17387,GİRESUN PALAMUT KAYALIĞI MAHMUZ FENERİ,Giresun,Merkez,Karadeniz,40.9182,38.3783,2021-07-24T13:37:00.000Z,26.8,,mgm,0
17389,ADALAR ŞAMANDIRA,İstanbul,Adalar,Marmara,40.93278,28.94889,2021-07-24T13:37:00.000Z,24.2,,mgm,0
17423,MARMARA BARINAK ANA MENDİREK FENERİ,Balıkesir,Marmara,Marmara,40.583839,27.560849,2021-07-24T13:37:00.000Z,25.9,,mgm,0
17426,BARTIN GÜNEY MENDİREK FENERİ,Bartın,Merkez,Karadeniz,41.6864,32.2261,2021-07-24T13:37:00.000Z,26.7,,mgm,0
17428,AYVACIK/GÜLPINAR ANA MENDİREK FENERİ,Çanakkale,Ayvacık,Ege,39.5658,26.0967,2021-07-24T13:37:00.000Z,22.1,,mgm,0
17431,BİGA/KARABİGA BAR. (B) NOKTASI GÜNEY MEN. FENERİ,Çanakkale,Biga,Marmara,40.399583,27.305591,2021-07-24T13:37:00.000Z,26.9,,mgm,0
17434,EZİNE YENİKÖY BAL.BAR. ANA MENDİREK FENERİ,Çanakkale,Ezine,Ege,39.9447,26.1611,2021-07-24T13:37:00.000Z,19.5,,mgm,0
17435,AKÇAKOCA FENERİ,Düzce,Akçakoca,Karadeniz,41.0922,31.1197,2021-07-24T13:37:00.000Z,26.7,,mgm,0
17436,ENEZ TALİ MENDİREK FENERİ,Edirne,Enez,Ege,40.698218,26.051263,2021-07-24T13:37:00.000Z,24.2,,mgm,0
17438,SİLİVRİ ANA MENDİREK FENERİ,İstanbul,Silivri,Marmara,41.072866,28.238398,2021-07-24T13:37:00.000Z,25.0,,mgm,0
17440,URLA BALIKÇI BARINAĞI MENDİREK FENERİ,İzmir,Urla,Ege,38.364761,26.772665,2021-07-24T13:37:00.000Z,25.5,,mgm,0
17442,KONAK/İZMİR PASAPORT MENDİREK FENERİ,İzmir,Konak,Ege,38.429236,27.131698,2021-07-24T13:37:00.000Z,27.8,,mgm,0
17444,KARABURUN/MORDOĞAN ANA MENDİREK (KUZEY) FENERİ,İzmir,Karaburun,Ege,38.517845,26.627861,2021-07-24T13:37:00.000Z,23.8,,mgm,0
17445,CİDE KUZEY MENDİREK FENERİ,Kastamonu,Cide,Karadeniz,41.9006,32.9778,2021-07-24T13:37:00.000Z,26.3,,mgm,0
17446,İNEBOLU KUZEY MENDİREK FENERİ,Kastamonu,İnebolu,Karadeniz,41.9817,33.7769,2021-07-24T13:37:00.000Z,25.8,,mgm,0
17447,VİZE/MİDYE KIYIKÖY BATI MENDİREK FENERİ (ANA),Kırklareli,Vize,Karadeniz,41.630847,28.101353,2021-07-24T13:37:00.000Z,25.1,,mgm,0
17448,TUZLA İTÜ GÜNEY MENDİREK FENERİ,İstanbul,Tuzla,Marmara,40.811828,29.297373,2021-07-24T13:37:00.000Z,24.6,,mgm,0
17449,KANDIRA/KEFKEN ADASI DOĞU MENDİREK FENERİ,Kocaeli,Kandıra,Karadeniz,41.211869,30.260694,2021-07-24T13:37:00.000Z,30.1,,mgm,0
17451,MARMARA EREĞLİSİ BAL.BAR.ANA MENDİREK FENERİ,Tekirdağ,Marmaraereğlisi,Marmara,40.970825,27.959676,2021-07-24T13:37:00.000Z,26.0,,mgm,0
17452,YALOVA SAMANLIDERE TALİ (DOĞU) MENDİREK FENERİ,Yalova,Merkez,Marmara,40.660597,29.246969,2021-07-24T13:37:00.000Z,24.6,,mgm,0
17453,ZONGULDAK GÜNEY MENDİREK FENERİ,Zonguldak,Merkez,Karadeniz,41.458611,31.779166,2021-07-24T13:37:00.000Z,25.5,,mgm,0
17465,ARAKLI BALIKÇI BARINAĞI TALİ MENDİREK FENERİ,Trabzon,Araklı,Karadeniz,40.945081,40.053776,2021-07-24T13:37:00.000Z,24.3,,mgm,0
17470,İNCEBURUN (YILDIZADASI) MARMARİS FENERİ,Muğla,Marmaris,Akdeniz,36.813936,28.265907,2021-07-24T13:37:00.000Z,27.3,,mgm,0
17475,KEMER SIĞLIK FENERİ,Antalya,Kemer,Akdeniz,36.612395,30.574242,2021-07-24T13:37:00.000Z,29.1,,mgm,0
17482,VAN LİMAN,Van,Tuşba,Van Gölü,38.51486,43.307362,2021-07-24T13:37:00.000Z,24.8,,mgm,0
17483,TATVAN LİMAN,Bitlis,Tatvan,Van Gölü,38.512592,42.302103,2021-07-24T13:37:00.000Z,24.8,,mgm,0
17484,ADİLCEVAZ LİMAN,Bitlis,Adilcevaz,Van Gölü,38.797236,42.729931,2021-07-24T13:37:00.000Z,22.1,,mgm,0
17386,BODRUM KARAADA SIĞLIK IŞIKLI ŞAMANDIRA,Muğla,Bodrum,Ege,37.0081,27.4142,2021-07-24T13:38:00.000Z,24.5,,mgm,0
17450,BODRUM YALIKAVAK GEMİTAŞI FENERİ,Muğla,Bodrum,Ege,37.150133,27.263333,2021-07-24T13:38:00.000Z,22.5,,mgm,0
17459,İLKADIM/SAMSUN LİMAN KUZEY MENDİREK FENERİ,Samsun,İlkadım,Karadeniz,41.309587,36.355678,2021-07-24T13:38:00.000Z,24.5,,mgm,0
17460,ÜNYE BALIKÇI BARINAĞI ANA MENDİREK FENERİ,Ordu,Ünye,Karadeniz,41.116448,37.348722,2021-07-24T13:38:00.000Z,25.8,,mgm,0
17472,FETHİYE/İBLİSBURNU DÖKÜNTÜTAŞ FENERİ,Muğla,Fethiye,Akdeniz,36.5455556,29.0108333,2021-07-24T13:38:00.000Z,29.4,,mgm,0
17473,KAŞ BAYINDIR ANA MENDİREK FENERİ,Antalya,Kaş,Akdeniz,36.183225,29.642011,2021-07-24T13:38:00.000Z,27.8,,mgm,0
17474,FİNİKE BALIKÇI BARINAĞI ANA MENDİREK FENER,Antalya,Finike,Akdeniz,36.2953,30.1533,2021-07-24T13:38:00.000Z,28.5,,mgm,0
17489,MUDANYA/GÜZELYALI BALIKÇI BARINAĞI,Bursa,Mudanya,Marmara,40.35612,28.934036,2021-07-24T13:38:00.000Z,24.0,,mgm,0
17466,ÇAYELİ BALIKÇI BARINAĞI TALİ MENDİREK FENERİ,Rize,Çayeli,Karadeniz,41.090095,40.722557,2021-07-24T13:39:00.000Z,23.2,,mgm,0
17454,FATİH/KUMKAPI FENERİ,İstanbul,Fatih,Marmara,41.000994,28.965432,2021-07-24T13:40:00.000Z,24.5,,mgm,0
17479,SİLİFKE/TAŞUCU SEKA ANA MENDİREK FENERİ,Mersin,Silifke,Akdeniz,36.309162,33.889845,2021-07-24T13:40:00.000Z,28.9,,mgm,0
17464,TRABZON LİMANI ANA MENDİREK FENERİ,Trabzon,Ortahisar,Karadeniz,41.006776,39.750108,2021-07-24T13:41:00.000Z,24.8,,mgm,0
17477,ALANYA YENİ YAT LİMAN ANA MENDİREK FENERİ,Antalya,Alanya,Akdeniz,36.557404,31.951419,2021-07-24T13:41:00.000Z,25.6,,mgm,0
17471,FETHİYE/KIZILADA FENERİ,Muğla,Fethiye,Akdeniz,36.653003,29.044002,2021-07-24T13:42:00.000Z,27.7,,mgm,0
17015,AKÇAKOCA,Düzce,Akçakoca,Karadeniz,41.089528,31.143039,2021-07-26T06:00:00.000Z,26.2,,mgm,0
17024,İNEBOLU,Kastamonu,İnebolu,Karadeniz,41.978937,33.762945,2021-07-26T06:00:00.000Z,25.8,,mgm,0
17026,SİNOP,Sinop,Merkez,Karadeniz,42.029821,35.154286,2021-07-26T06:00:00.000Z,26.0,,mgm,0
17030,SAMSUN BÖLGE,Samsun,Atakum,Karadeniz,41.344286,36.255794,2021-07-26T06:00:00.000Z,24.2,,mgm,0
17033,ORDU,Ordu,Altınordu,Karadeniz,40.983833,37.885833,2021-07-26T06:00:00.000Z,26.2,,mgm,0
17038,TRABZON HAVALİMANI,Trabzon,Ortahisar,Karadeniz,40.999133,39.779248,2021-07-26T06:00:00.000Z,25.5,,mgm,0
17040,RİZE,Rize,Merkez,Karadeniz,41.04,40.501333,2021-07-26T06:00:00.000Z,23.2,,mgm,0
17042,HOPA,Artvin,Hopa,Karadeniz,41.4065,41.433,2021-07-26T06:00:00.000Z,22.5,,mgm,0
17056,TEKİRDAĞ,Tekirdağ,Süleymanpaşa,Marmara,40.957959,27.496181,2021-07-26T06:00:00.000Z,25.5,,mgm,0
17059,SARIYER/KUMKÖY-KİLYOS,İstanbul,Sarıyer,Karadeniz,41.25047,29.038367,2021-07-26T06:00:00.000Z,24.0,,mgm,0
17112,ÇANAKKALE,Çanakkale,Merkez,Marmara,40.141428,26.399616,2021-07-26T06:00:00.000Z,24.6,,mgm,0
17175,AYVALIK,Balıkesir,Ayvalık,Ege,39.311292,26.686445,2021-07-26T06:00:00.000Z,25.4,,mgm,0
17180,DİKİLİ,İzmir,Dikili,Ege,39.073861,26.888093,2021-07-26T06:00:00.000Z,24.7,,mgm,0
17220,İZMİR BÖLGE,İzmir,Konak,Ege,38.3945,27.0821,2021-07-26T06:00:00.000Z,26.9,,mgm,0
17221,ÇEŞME,İzmir,Çeşme,Ege,38.303858,26.372882,2021-07-26T06:00:00.000Z,25.6,,mgm,0
17232,KUŞADASI,Aydın,Kuşadası,Ege,37.859636,27.265115,2021-07-26T06:00:00.000Z,26.6,,mgm,0
17290,BODRUM,Muğla,Bodrum,Ege,37.032611,27.439801,2021-07-26T06:00:00.000Z,24.8,,mgm,0
17296,FETHİYE,Muğla,Fethiye,Akdeniz,36.626611,29.123804,2021-07-26T06:00:00.000Z,28.5,,mgm,0
17297,DATÇA,Muğla,Datça,Ege,36.707945,27.691918,2021-07-26T06:00:00.000Z,23.3,,mgm,0
17298,MARMARİS,Muğla,Marmaris,Akdeniz,36.83926,28.244995,2021-07-26T06:00:00.000Z,25.1,,mgm,0
17302,ANTALYA BÖLGE,Antalya,Muratpaşa,Akdeniz,36.885073,30.682793,2021-07-26T06:00:00.000Z,28.8,,mgm,0
17310,ALANYA,Antalya,Alanya,Akdeniz,36.54999,31.979822,2021-07-26T06:00:00.000Z,25.1,,mgm,0
17320,ANAMUR,Mersin,Anamur,Akdeniz,36.068614,32.864876,2021-07-26T06:00:00.000Z,27.6,,mgm,0
17340,MERSİN,Mersin,Yenişehir,Akdeniz,36.780904,34.603125,2021-07-26T06:00:00.000Z,29.3,,mgm,0
17370,İSKENDERUN,Hatay,İskenderun,Akdeniz,36.592358,36.158158,2021-07-26T06:00:00.000Z,30.3,,mgm,0
17375,FİNİKE,Antalya,Finike,Akdeniz,36.3024,30.1458,2021-07-26T06:00:00.000Z,28.4,,mgm,0
17380,KAŞ,Antalya,Kaş,Akdeniz,36.200579,29.649995,2021-07-26T06:00:00.000Z,28.2,,mgm,0
17442,KONAK/İZMİR PASAPORT MENDİREK FENERİ,İzmir,Konak,Ege,38.429236,27.131698,2021-07-26T13:29:00.000Z,27.1,,mgm,0
17452,YALOVA SAMANLIDERE TALİ (DOĞU) MENDİREK FENERİ,Yalova,Merkez,Marmara,40.660597,29.246969,2021-07-26T13:31:00.000Z,23.4,,mgm,0
17425,LAPSEKİ/ZİNCİRBOZAN FENERİ,Çanakkale,Lapseki,Marmara,40.4206,26.7536,2021-07-26T13:36:00.000Z,25.9,,mgm,0
17433,GÖKÇEADA UĞURLU LİMAN FENERİ,Çanakkale,Gökçeada,Ege,40.1153,25.6989,2021-07-26T13:36:00.000Z,26.1,,mgm,0
17387,GİRESUN PALAMUT KAYALIĞI MAHMUZ FENERİ,Giresun,Merkez,Karadeniz,40.9182,38.3783,2021-07-26T13:37:00.000Z,26.2,,mgm,0
17389,ADALAR ŞAMANDIRA,İstanbul,Adalar,Marmara,40.93278,28.94889,2021-07-26T13:37:00.000Z,23.1,,mgm,0
17428,AYVACIK/GÜLPINAR ANA MENDİREK FENERİ,Çanakkale,Ayvacık,Ege,39.5658,26.0967,2021-07-26T13:37:00.000Z,22.4,,mgm,0
17431,BİGA/KARABİGA BAR. (B) NOKTASI GÜNEY MEN. FENERİ,Çanakkale,Biga,Marmara,40.399583,27.305591,2021-07-26T13:37:00.000Z,26.5,,mgm,0
17434,EZİNE YENİKÖY BAL.BAR. ANA MENDİREK FENERİ,Çanakkale,Ezine,Ege,39.9447,26.1611,2021-07-26T13:37:00.000Z,19.9,,mgm,0
17436,ENEZ TALİ MENDİREK FENERİ,Edirne,Enez,Ege,40.698218,26.051263,2021-07-26T13:37:00.000Z,22.5,,mgm,0
17445,CİDE KUZEY MENDİREK FENERİ,Kastamonu,Cide,Karadeniz,41.9006,32.9778,2021-07-26T13:37:00.000Z,25.9,,mgm,0
17446,İNEBOLU KUZEY MENDİREK FENERİ,Kastamonu,İnebolu,Karadeniz,41.9817,33.7769,2021-07-26T13:37:00.000Z,26.0,,mgm,0
17482,VAN LİMAN,Van,Tuşba,Van Gölü,38.51486,43.307362,2021-07-26T13:37:00.000Z,24.5,,mgm,0
17484,ADİLCEVAZ LİMAN,Bitlis,Adilcevaz,Van Gölü,38.797236,42.729931,2021-07-26T13:37:00.000Z,23.5,,mgm,0
17491,GEVAŞ AKDAMAR FENERİ,Van,Gevaş,Van Gölü,38.309988,43.041398,2021-07-26T13:37:00.000Z,24.3,,mgm,0
17386,BODRUM KARAADA SIĞLIK IŞIKLI ŞAMANDIRA,Muğla,Bodrum,Ege,37.0081,27.4142,2021-07-26T13:38:00.000Z,25.6,,mgm,0
17450,BODRUM YALIKAVAK GEMİTAŞI FENERİ,Muğla,Bodrum,Ege,37.150133,27.263333,2021-07-26T13:38:00.000Z,22.5,,mgm,0
17459,İLKADIM/SAMSUN LİMAN KUZEY MENDİREK FENERİ,Samsun,İlkadım,Karadeniz,41.309587,36.355678,2021-07-26T13:38:00.000Z,24.6,,mgm,0
17460,ÜNYE BALIKÇI BARINAĞI ANA MENDİREK FENERİ,Ordu,Ünye,Karadeniz,41.116448,37.348722,2021-07-26T13:38:00.000Z,25.8,,mgm,0
17465,ARAKLI BALIKÇI BARINAĞI TALİ MENDİREK FENERİ,Trabzon,Araklı,Karadeniz,40.945081,40.053776,2021-07-26T13:38:00.000Z,23.9,,mgm,0
17470,İNCEBURUN (YILDIZADASI) MARMARİS FENERİ,Muğla,Marmaris,Akdeniz,36.813936,28.265907,2021-07-26T13:38:00.000Z,26.5,,mgm,0
17472,FETHİYE/İBLİSBURNU DÖKÜNTÜTAŞ FENERİ,Muğla,Fethiye,Akdeniz,36.5455556,29.0108333,2021-07-26T13:38:00.000Z,26.8,,mgm,0
17473,KAŞ BAYINDIR ANA MENDİREK FENERİ,Antalya,Kaş,Akdeniz,36.183225,29.642011,2021-07-26T13:38:00.000Z,28.4,,mgm,0
17474,FİNİKE BALIKÇI BARINAĞI ANA MENDİREK FENER,Antalya,Finike,Akdeniz,36.2953,30.1533,2021-07-26T13:38:00.000Z,28.5,,mgm,0
17475,KEMER SIĞLIK FENERİ,Antalya,Kemer,Akdeniz,36.612395,30.574242,2021-07-26T13:38:00.000Z,29.6,,mgm,0
17483,TATVAN LİMAN,Bitlis,Tatvan,Van Gölü,38.512592,42.302103,2021-07-26T13:38:00.000Z,24.0,,mgm,0
17489,MUDANYA/GÜZELYALI BALIKÇI BARINAĞI,Bursa,Mudanya,Marmara,40.35612,28.934036,2021-07-26T13:38:00.000Z,23.2,,mgm,0
17421,AYVALIK KANAL SANCAK A FENERİ,Balıkesir,Ayvalık,Ege,39.323394,26.640546,2021-07-26T13:39:00.000Z,20.8,,mgm,0
17453,ZONGULDAK GÜNEY MENDİREK FENERİ,Zonguldak,Merkez,Karadeniz,41.458611,31.779166,2021-07-26T13:39:00.000Z,25.8,,mgm,0
17466,ÇAYELİ BALIKÇI BARINAĞI TALİ MENDİREK FENERİ,Rize,Çayeli,Karadeniz,41.090095,40.722557,2021-07-26T13:39:00.000Z,22.8,,mgm,0
17423,MARMARA BARINAK ANA MENDİREK FENERİ,Balıkesir,Marmara,Marmara,40.583839,27.560849,2021-07-26T13:40:00.000Z,25.2,,mgm,0
17444,KARABURUN/MORDOĞAN ANA MENDİREK (KUZEY) FENERİ,İzmir,Karaburun,Ege,38.517845,26.627861,2021-07-26T13:40:00.000Z,24.8,,mgm,0
17449,KANDIRA/KEFKEN ADASI DOĞU MENDİREK FENERİ,Kocaeli,Kandıra,Karadeniz,41.211869,30.260694,2021-07-26T13:40:00.000Z,29.6,,mgm,0
17454,FATİH/KUMKAPI FENERİ,İstanbul,Fatih,Marmara,41.000994,28.965432,2021-07-26T13:40:00.000Z,24.4,,mgm,0
17479,SİLİFKE/TAŞUCU SEKA ANA MENDİREK FENERİ,Mersin,Silifke,Akdeniz,36.309162,33.889845,2021-07-26T13:40:00.000Z,28.7,,mgm,0
17426,BARTIN GÜNEY MENDİREK FENERİ,Bartın,Merkez,Karadeniz,41.6864,32.2261,2021-07-26T13:41:00.000Z,24.4,,mgm,0
17464,TRABZON LİMANI ANA MENDİREK FENERİ,Trabzon,Ortahisar,Karadeniz,41.006776,39.750108,2021-07-26T13:41:00.000Z,24.5,,mgm,0
17477,ALANYA YENİ YAT LİMAN ANA MENDİREK FENERİ,Antalya,Alanya,Akdeniz,36.557404,31.951419,2021-07-26T13:41:00.000Z,25.0,,mgm,0
17435,AKÇAKOCA FENERİ,Düzce,Akçakoca,Karadeniz,41.0922,31.1197,2021-07-26T13:42:00.000Z,26.9,,mgm,0
17471,FETHİYE/KIZILADA FENERİ,Muğla,Fethiye,Akdeniz,36.653003,29.044002,2021-07-26T13:42:00.000Z,27.4,,mgm,0
17438,SİLİVRİ ANA MENDİREK FENERİ,İstanbul,Silivri,Marmara,41.072866,28.238398,2021-07-26T13:46:00.000Z,25.2,,mgm,0
17440,URLA BALIKÇI BARINAĞI MENDİREK FENERİ,İzmir,Urla,Ege,38.364761,26.772665,2021-07-26T13:46:00.000Z,25.9,,mgm,0
17447,VİZE/MİDYE KIYIKÖY BATI MENDİREK FENERİ (ANA),Kırklareli,Vize,Karadeniz,41.630847,28.101353,2021-07-26T13:46:00.000Z,25.5,,mgm,0
17448,TUZLA İTÜ GÜNEY MENDİREK FENERİ,İstanbul,Tuzla,Marmara,40.811828,29.297373,2021-07-26T13:46:00.000Z,25.3,,mgm,0
17451,MARMARA EREĞLİSİ BAL.BAR.ANA MENDİREK FENERİ,Tekirdağ,Marmaraereğlisi,Marmara,40.970825,27.959676,2021-07-26T13:46:00.000Z,25.3,,mgm,0
17015,AKÇAKOCA,Düzce,Akçakoca,Karadeniz,41.089528,31.143039,2021-08-11T06:00:00.000Z,25.8,,mgm,0
17024,İNEBOLU,Kastamonu,İnebolu,Karadeniz,41.978937,33.762945,2021-08-11T06:00:00.000Z,25.8,,mgm,0
17026,SİNOP,Sinop,Merkez,Karadeniz,42.029821,35.154286,2021-08-11T06:00:00.000Z,25.3,,mgm,0
17030,SAMSUN BÖLGE,Samsun,Atakum,Karadeniz,41.344286,36.255794,2021-08-11T06:00:00.000Z,25.6,,mgm,0
17033,ORDU,Ordu,Altınordu,Karadeniz,40.983833,37.885833,2021-08-11T06:00:00.000Z,25.2,,mgm,0
17034,GİRESUN,Giresun,Merkez,Karadeniz,40.922667,38.387833,2021-08-11T06:00:00.000Z,26.2,,mgm,0
17038,TRABZON HAVALİMANI,Trabzon,Ortahisar,Karadeniz,40.999133,39.779248,2021-08-11T06:00:00.000Z,24.4,,mgm,0
17040,RİZE,Rize,Merkez,Karadeniz,41.04,40.501333,2021-08-11T06:00:00.000Z,23.4,,mgm,0
17042,HOPA,Artvin,Hopa,Karadeniz,41.4065,41.433,2021-08-11T06:00:00.000Z,22.3,,mgm,0
17056,TEKİRDAĞ,Tekirdağ,Süleymanpaşa,Marmara,40.957959,27.496181,2021-08-11T06:00:00.000Z,25.9,,mgm,0
17059,SARIYER/KUMKÖY-KİLYOS,İstanbul,Sarıyer,Karadeniz,41.25047,29.038367,2021-08-11T06:00:00.000Z,25.0,,mgm,0
17112,ÇANAKKALE,Çanakkale,Merkez,Marmara,40.141428,26.399616,2021-08-11T06:00:00.000Z,24.9,,mgm,0
17175,AYVALIK,Balıkesir,Ayvalık,Ege,39.311292,26.686445,2021-08-11T06:00:00.000Z,26.0,,mgm,0
17180,DİKİLİ,İzmir,Dikili,Ege,39.073861,26.888093,2021-08-11T06:00:00.000Z,25.8,,mgm,0
17220,İZMİR BÖLGE,İzmir,Konak,Ege,38.3945,27.0821,2021-08-11T06:00:00.000Z,27.8,,mgm,0
17221,ÇEŞME,İzmir,Çeşme,Ege,38.303858,26.372882,2021-08-11T06:00:00.000Z,27.0,,mgm,0
17232,KUŞADASI,Aydın,Kuşadası,Ege,37.859636,27.265115,2021-08-11T06:00:00.000Z,28.0,,mgm,0
17290,BODRUM,Muğla,Bodrum,Ege,37.032611,27.439801,2021-08-11T06:00:00.000Z,25.7,,mgm,0
17296,FETHİYE,Muğla,Fethiye,Akdeniz,36.626611,29.123804,2021-08-11T06:00:00.000Z,29.3,,mgm,0
17297,DATÇA,Muğla,Datça,Ege,36.707945,27.691918,2021-08-11T06:00:00.000Z,25.1,,mgm,0
17298,MARMARİS,Muğla,Marmaris,Akdeniz,36.83926,28.244995,2021-08-11T06:00:00.000Z,27.0,,mgm,0
17302,ANTALYA BÖLGE,Antalya,Muratpaşa,Akdeniz,36.885073,30.682793,2021-08-11T06:00:00.000Z,28.7,,mgm,0
17310,ALANYA,Antalya,Alanya,Akdeniz,36.54999,31.979822,2021-08-11T06:00:00.000Z,29.3,,mgm,0
17320,ANAMUR,Mersin,Anamur,Akdeniz,36.068614,32.864876,2021-08-11T06:00:00.000Z,29.0,,mgm,0
17340,MERSİN,Mersin,Yenişehir,Akdeniz,36.780904,34.603125,2021-08-11T06:00:00.000Z,31.0,,mgm,0
17370,İSKENDERUN,Hatay,İskenderun,Akdeniz,36.592358,36.158158,2021-08-11T06:00:00.000Z,31.6,,mgm,0
17375,FİNİKE,Antalya,Finike,Akdeniz,36.3024,30.1458,2021-08-11T06:00:00.000Z,29.2,,mgm,0
17380,KAŞ,Antalya,Kaş,Akdeniz,36.200579,29.649995,2021-08-11T06:00:00.000Z,29.2,,mgm,0
17421,AYVALIK KANAL SANCAK A FENERİ,Balıkesir,Ayvalık,Ege,39.323394,26.640546,2021-08-12T01:28:00.000Z,23.6,,mgm,0
17423,MARMARA BARINAK ANA MENDİREK FENERİ,Balıkesir,Marmara,Marmara,40.583839,27.560849,2021-08-12T01:28:00.000Z,27.0,,mgm,0
17426,BARTIN GÜNEY MENDİREK FENERİ,Bartın,Merkez,Karadeniz,41.6864,32.2261,2021-08-12T01:28:00.000Z,26.5,,mgm,0
17435,AKÇAKOCA FENERİ,Düzce,Akçakoca,Karadeniz,41.0922,31.1197,2021-08-12T01:28:00.000Z,27.1,,mgm,0
17437,TUZLA AYDINLI LİMAN FENERİ,İstanbul,Tuzla,Marmara,40.850611,29.271174,2021-08-12T01:28:00.000Z,24.3,,mgm,0
17438,SİLİVRİ ANA MENDİREK FENERİ,İstanbul,Silivri,Marmara,41.072866,28.238398,2021-08-12T01:28:00.000Z,25.8,,mgm,0
17440,URLA BALIKÇI BARINAĞI MENDİREK FENERİ,İzmir,Urla,Ege,38.364761,26.772665,2021-08-12T01:28:00.000Z,26.3,,mgm,0
17442,KONAK/İZMİR PASAPORT MENDİREK FENERİ,İzmir,Konak,Ege,38.429236,27.131698,2021-08-12T01:28:00.000Z,28.0,,mgm,0
17444,KARABURUN/MORDOĞAN ANA MENDİREK (KUZEY) FENERİ,İzmir,Karaburun,Ege,38.517845,26.627861,2021-08-12T01:28:00.000Z,24.6,,mgm,0
17447,VİZE/MİDYE KIYIKÖY BATI MENDİREK FENERİ (ANA),Kırklareli,Vize,Karadeniz,41.630847,28.101353,2021-08-12T01:28:00.000Z,24.7,,mgm,0
17448,TUZLA İTÜ GÜNEY MENDİREK FENERİ,İstanbul,Tuzla,Marmara,40.811828,29.297373,2021-08-12T01:28:00.000Z,25.5,,mgm,0
17451,MARMARA EREĞLİSİ BAL.BAR.ANA MENDİREK FENERİ,Tekirdağ,Marmaraereğlisi,Marmara,40.970825,27.959676,2021-08-12T01:28:00.000Z,26.4,,mgm,0
17452,YALOVA SAMANLIDERE TALİ (DOĞU) MENDİREK FENERİ,Yalova,Merkez,Marmara,40.660597,29.246969,2021-08-12T01:28:00.000Z,25.5,,mgm,0
17453,ZONGULDAK GÜNEY MENDİREK FENERİ,Zonguldak,Merkez,Karadeniz,41.458611,31.779166,2021-08-12T01:28:00.000Z,25.4,,mgm,0
17387,GİRESUN PALAMUT KAYALIĞI MAHMUZ FENERİ,Giresun,Merkez,Karadeniz,40.9182,38.3783,2021-08-12T01:57:00.000Z,26.5,,mgm,0
17389,ADALAR ŞAMANDIRA,İstanbul,Adalar,Marmara,40.93278,28.94889,2021-08-12T01:57:00.000Z,24.3,,mgm,0
17425,LAPSEKİ/ZİNCİRBOZAN FENERİ,Çanakkale,Lapseki,Marmara,40.4206,26.7536,2021-08-12T01:57:00.000Z,27.6,,mgm,0
17428,AYVACIK/GÜLPINAR ANA MENDİREK FENERİ,Çanakkale,Ayvacık,Ege,39.5658,26.0967,2021-08-12T01:57:00.000Z,25.1,,mgm,0
17431,BİGA/KARABİGA BAR. (B) NOKTASI GÜNEY MEN. FENERİ,Çanakkale,Biga,Marmara,40.399583,27.305591,2021-08-12T01:57:00.000Z,28.6,,mgm,0
17433,GÖKÇEADA UĞURLU LİMAN FENERİ,Çanakkale,Gökçeada,Ege,40.1153,25.6989,2021-08-12T01:57:00.000Z,27.6,,mgm,0
17434,EZİNE YENİKÖY BAL.BAR. ANA MENDİREK FENERİ,Çanakkale,Ezine,Ege,39.9447,26.1611,2021-08-12T01:57:00.000Z,23.2,,mgm,0
17445,CİDE KUZEY MENDİREK FENERİ,Kastamonu,Cide,Karadeniz,41.9006,32.9778,2021-08-12T01:57:00.000Z,25.4,,mgm,0
17446,İNEBOLU KUZEY MENDİREK FENERİ,Kastamonu,İnebolu,Karadeniz,41.9817,33.7769,2021-08-12T01:57:00.000Z,25.3,,mgm,0
17491,GEVAŞ AKDAMAR FENERİ,Van,Gevaş,Van Gölü,38.309988,43.041398,2021-08-12T01:57:00.000Z,22.6,,mgm,0
17436,ENEZ TALİ MENDİREK FENERİ,Edirne,Enez,Ege,40.698218,26.051263,2021-08-12T01:58:00.000Z,26.5,,mgm,0
17459,İLKADIM/SAMSUN LİMAN KUZEY MENDİREK FENERİ,Samsun,İlkadım,Karadeniz,41.309587,36.355678,2021-08-12T01:58:00.000Z,25.5,,mgm,0
17465,ARAKLI BALIKÇI BARINAĞI TALİ MENDİREK FENERİ,Trabzon,Araklı,Karadeniz,40.945081,40.053776,2021-08-12T01:58:00.000Z,23.3,,mgm,0
17466,ÇAYELİ BALIKÇI BARINAĞI TALİ MENDİREK FENERİ,Rize,Çayeli,Karadeniz,41.090095,40.722557,2021-08-12T01:58:00.000Z,22.5,,mgm,0
17470,İNCEBURUN (YILDIZADASI) MARMARİS FENERİ,Muğla,Marmaris,Akdeniz,36.813936,28.265907,2021-08-12T01:58:00.000Z,26.7,,mgm,0
17473,KAŞ BAYINDIR ANA MENDİREK FENERİ,Antalya,Kaş,Akdeniz,36.183225,29.642011,2021-08-12T01:58:00.000Z,28.7,,mgm,0
17474,FİNİKE BALIKÇI BARINAĞI ANA MENDİREK FENER,Antalya,Finike,Akdeniz,36.2953,30.1533,2021-08-12T01:58:00.000Z,28.4,,mgm,0
17475,KEMER SIĞLIK FENERİ,Antalya,Kemer,Akdeniz,36.612395,30.574242,2021-08-12T01:58:00.000Z,28.6,,mgm,0
17482,VAN LİMAN,Van,Tuşba,Van Gölü,38.51486,43.307362,2021-08-12T01:58:00.000Z,22.4,,mgm,0
17483,TATVAN LİMAN,Bitlis,Tatvan,Van Gölü,38.512592,42.302103,2021-08-12T01:58:00.000Z,20.6,,mgm,0
17484,ADİLCEVAZ LİMAN,Bitlis,Adilcevaz,Van Gölü,38.797236,42.729931,2021-08-12T01:58:00.000Z,21.1,,mgm,0
17386,BODRUM KARAADA SIĞLIK IŞIKLI ŞAMANDIRA,Muğla,Bodrum,Ege,37.0081,27.4142,2021-08-12T01:59:00.000Z,25.6,,mgm,0
17450,BODRUM YALIKAVAK GEMİTAŞI FENERİ,Muğla,Bodrum,Ege,37.150133,27.263333,2021-08-12T01:59:00.000Z,22.9,,mgm,0
17460,ÜNYE BALIKÇI BARINAĞI ANA MENDİREK FENERİ,Ordu,Ünye,Karadeniz,41.116448,37.348722,2021-08-12T01:59:00.000Z,25.5,,mgm,0
17472,FETHİYE/İBLİSBURNU DÖKÜNTÜTAŞ FENERİ,Muğla,Fethiye,Akdeniz,36.5455556,29.0108333,2021-08-12T01:59:00.000Z,28.3,,mgm,0
17489,MUDANYA/GÜZELYALI BALIKÇI BARINAĞI,Bursa,Mudanya,Marmara,40.35612,28.934036,2021-08-12T01:59:00.000Z,24.7,,mgm,0
17454,FATİH/KUMKAPI FENERİ,İstanbul,Fatih,Marmara,41.000994,28.965432,2021-08-12T02:01:00.000Z,25.1,,mgm,0
17464,TRABZON LİMANI ANA MENDİREK FENERİ,Trabzon,Ortahisar,Karadeniz,41.006776,39.750108,2021-08-12T02:01:00.000Z,23.9,,mgm,0
17479,SİLİFKE/TAŞUCU SEKA ANA MENDİREK FENERİ,Mersin,Silifke,Akdeniz,36.309162,33.889845,2021-08-12T02:01:00.000Z,27.8,,mgm,0
17471,FETHİYE/KIZILADA FENERİ,Muğla,Fethiye,Akdeniz,36.653003,29.044002,2021-08-12T02:02:00.000Z,29.3,,mgm,0
17476,KONYAALTI/ANTALYA YENİ LİMAN ANA MENDİREK FENERİ,Antalya,Konyaaltı,Akdeniz,36.834011,30.616572,2021-08-12T02:02:00.000Z,28.8,,mgm,0
17015,AKÇAKOCA,Düzce,Akçakoca,Karadeniz,41.089528,31.143039,2021-09-17T06:00:00.000Z,22.8,,mgm,0
17024,İNEBOLU,Kastamonu,İnebolu,Karadeniz,41.978937,33.762945,2021-09-17T06:00:00.000Z,17.4,,mgm,0
17026,SİNOP,Sinop,Merkez,Karadeniz,42.029821,35.154286,2021-09-17T06:00:00.000Z,22.5,,mgm,0
17030,SAMSUN BÖLGE,Samsun,Atakum,Karadeniz,41.344286,36.255794,2021-09-17T06:00:00.000Z,24.5,,mgm,0
17033,ORDU,Ordu,Altınordu,Karadeniz,40.983833,37.885833,2021-09-17T06:00:00.000Z,19.9,,mgm,0
17034,GİRESUN,Giresun,Merkez,Karadeniz,40.922667,38.387833,2021-09-17T06:00:00.000Z,22.0,,mgm,0
17038,TRABZON HAVALİMANI,Trabzon,Ortahisar,Karadeniz,40.999133,39.779248,2021-09-17T06:00:00.000Z,21.6,,mgm,0
17040,RİZE,Rize,Merkez,Karadeniz,41.04,40.501333,2021-09-17T06:00:00.000Z,21.6,,mgm,0
17042,HOPA,Artvin,Hopa,Karadeniz,41.4065,41.433,2021-09-17T06:00:00.000Z,23.4,,mgm,0
17056,TEKİRDAĞ,Tekirdağ,Süleymanpaşa,Marmara,40.957959,27.496181,2021-09-17T06:00:00.000Z,22.2,,mgm,0
17059,SARIYER/KUMKÖY-KİLYOS,İstanbul,Sarıyer,Karadeniz,41.25047,29.038367,2021-09-17T06:00:00.000Z,22.0,,mgm,0
17112,ÇANAKKALE,Çanakkale,Merkez,Marmara,40.141428,26.399616,2021-09-17T06:00:00.000Z,23.1,,mgm,0
17175,AYVALIK,Balıkesir,Ayvalık,Ege,39.311292,26.686445,2021-09-17T06:00:00.000Z,24.0,,mgm,0
17180,DİKİLİ,İzmir,Dikili,Ege,39.073861,26.888093,2021-09-17T06:00:00.000Z,24.4,,mgm,0
17220,İZMİR BÖLGE,İzmir,Konak,Ege,38.3945,27.0821,2021-09-17T06:00:00.000Z,25.4,,mgm,0
17221,ÇEŞME,İzmir,Çeşme,Ege,38.303858,26.372882,2021-09-17T06:00:00.000Z,23.8,,mgm,0
17232,KUŞADASI,Aydın,Kuşadası,Ege,37.859636,27.265115,2021-09-17T06:00:00.000Z,24.0,,mgm,0
17290,BODRUM,Muğla,Bodrum,Ege,37.032611,27.439801,2021-09-17T06:00:00.000Z,24.7,,mgm,0
17296,FETHİYE,Muğla,Fethiye,Akdeniz,36.626611,29.123804,2021-09-17T06:00:00.000Z,27.0,,mgm,0
17297,DATÇA,Muğla,Datça,Ege,36.707945,27.691918,2021-09-17T06:00:00.000Z,23.6,,mgm,0
17298,MARMARİS,Muğla,Marmaris,Akdeniz,36.83926,28.244995,2021-09-17T06:00:00.000Z,25.3,,mgm,0
17302,ANTALYA BÖLGE,Antalya,Muratpaşa,Akdeniz,36.885073,30.682793,2021-09-17T06:00:00.000Z,28.8,,mgm,0
17320,ANAMUR,Mersin,Anamur,Akdeniz,36.068614,32.864876,2021-09-17T06:00:00.000Z,29.0,,mgm,0
17340,MERSİN,Mersin,Yenişehir,Akdeniz,36.780904,34.603125,2021-09-17T06:00:00.000Z,28.5,,mgm,0
17375,FİNİKE,Antalya,Finike,Akdeniz,36.3024,30.1458,2021-09-17T06:00:00.000Z,27.0,,mgm,0
17380,KAŞ,Antalya,Kaş,Akdeniz,36.200579,29.649995,2021-09-17T06:00:00.000Z,27.5,,mgm,0
17429,ECEABAT/KABATEPE GÜNEY MENDİREK FENERİ,Çanakkale,Eceabat,Ege,40.2019,26.2669,2021-09-17T17:29:00.000Z,24.5,,mgm,0
17393,ANTALYA KÖRFEZİ ŞAMANDIRA,Antalya,Serik,Akdeniz,36.73874,31.00718,2021-09-17T22:30:00.000Z,28.1,,mgm,0
17421,AYVALIK KANAL SANCAK A FENERİ,Balıkesir,Ayvalık,Ege,39.323394,26.640546,2021-09-17T22:47:00.000Z,21.9,,mgm,0
17422,BANDIRMA KUZEY MENDİREK FENERİ,Balıkesir,Bandırma,Marmara,40.358554,27.958451,2021-09-17T22:47:00.000Z,22.2,,mgm,0
17423,MARMARA BARINAK ANA MENDİREK FENERİ,Balıkesir,Marmara,Marmara,40.583839,27.560849,2021-09-17T22:47:00.000Z,22.4,,mgm,0
17424,MARMARA/SARAYLAR KÖYÜ BARINAK (SANDAL BASENİ) FENERİ,Balıkesir,Marmara,Marmara,40.657488,27.662533,2021-09-17T22:47:00.000Z,22.5,,mgm,0
17426,BARTIN GÜNEY MENDİREK FENERİ,Bartın,Merkez,Karadeniz,41.6864,32.2261,2021-09-17T22:47:00.000Z,22.1,,mgm,0
17435,AKÇAKOCA FENERİ,Düzce,Akçakoca,Karadeniz,41.0922,31.1197,2021-09-17T22:47:00.000Z,22.9,,mgm,0
17440,URLA BALIKÇI BARINAĞI MENDİREK FENERİ,İzmir,Urla,Ege,38.364761,26.772665,2021-09-17T22:47:00.000Z,21.3,,mgm,0
17442,KONAK/İZMİR PASAPORT MENDİREK FENERİ,İzmir,Konak,Ege,38.429236,27.131698,2021-09-17T22:47:00.000Z,25.4,,mgm,0
17448,TUZLA İTÜ GÜNEY MENDİREK FENERİ,İstanbul,Tuzla,Marmara,40.811828,29.297373,2021-09-17T22:47:00.000Z,22.3,,mgm,0
17453,ZONGULDAK GÜNEY MENDİREK FENERİ,Zonguldak,Merkez,Karadeniz,41.458611,31.779166,2021-09-17T22:47:00.000Z,20.9,,mgm,0
17437,TUZLA AYDINLI LİMAN FENERİ,İstanbul,Tuzla,Marmara,40.850611,29.271174,2021-09-17T22:48:00.000Z,21.4,,mgm,0
17438,SİLİVRİ ANA MENDİREK FENERİ,İstanbul,Silivri,Marmara,41.072866,28.238398,2021-09-17T22:48:00.000Z,21.9,,mgm,0
17441,GÜZELBAHÇE FENERİ,İzmir,Güzelbahçe,Ege,38.378579,26.885605,2021-09-17T22:48:00.000Z,22.9,,mgm,0
17452,YALOVA SAMANLIDERE TALİ (DOĞU) MENDİREK FENERİ,Yalova,Merkez,Marmara,40.660597,29.246969,2021-09-17T22:48:00.000Z,21.9,,mgm,0
17430,GÖKÇEADA KALEKÖY ANA MENDİREK FENERİ,Çanakkale,Gökçeada,Ege,40.2317,25.8914,2021-09-17T22:56:00.000Z,24.5,,mgm,0
17389,ADALAR ŞAMANDIRA,İstanbul,Adalar,Marmara,40.93278,28.94889,2021-09-17T22:57:00.000Z,22.6,,mgm,0
17425,LAPSEKİ/ZİNCİRBOZAN FENERİ,Çanakkale,Lapseki,Marmara,40.4206,26.7536,2021-09-17T22:57:00.000Z,23.0,,mgm,0
17428,AYVACIK/GÜLPINAR ANA MENDİREK FENERİ,Çanakkale,Ayvacık,Ege,39.5658,26.0967,2021-09-17T22:57:00.000Z,22.0,,mgm,0
17431,BİGA/KARABİGA BAR. (B) NOKTASI GÜNEY MEN. FENERİ,Çanakkale,Biga,Marmara,40.399583,27.305591,2021-09-17T22:57:00.000Z,23.9,,mgm,0
17432,EZİNE/GEYİKLİ ODUNLUK İSKELE FENERİ,Çanakkale,Ezine,Ege,39.818998,26.160008,2021-09-17T22:57:00.000Z,25.3,,mgm,0
17433,GÖKÇEADA UĞURLU LİMAN FENERİ,Çanakkale,Gökçeada,Ege,40.1153,25.6989,2021-09-17T22:57:00.000Z,23.1,,mgm,0
17434,EZİNE YENİKÖY BAL.BAR. ANA MENDİREK FENERİ,Çanakkale,Ezine,Ege,39.9447,26.1611,2021-09-17T22:57:00.000Z,19.8,,mgm,0
17445,CİDE KUZEY MENDİREK FENERİ,Kastamonu,Cide,Karadeniz,41.9006,32.9778,2021-09-17T22:57:00.000Z,22.3,,mgm,0
17446,İNEBOLU KUZEY MENDİREK FENERİ,Kastamonu,İnebolu,Karadeniz,41.9817,33.7769,2021-09-17T22:57:00.000Z,21.6,,mgm,0
17491,GEVAŞ AKDAMAR FENERİ,Van,Gevaş,Van Gölü,38.309988,43.041398,2021-09-17T22:57:00.000Z,21.7,,mgm,0
17436,ENEZ TALİ MENDİREK FENERİ,Edirne,Enez,Ege,40.698218,26.051263,2021-09-17T22:58:00.000Z,22.0,,mgm,0
17454,FATİH/KUMKAPI FENERİ,İstanbul,Fatih,Marmara,41.000994,28.965432,2021-09-17T22:58:00.000Z,22.9,,mgm,0
17459,İLKADIM/SAMSUN LİMAN KUZEY MENDİREK FENERİ,Samsun,İlkadım,Karadeniz,41.309587,36.355678,2021-09-17T22:58:00.000Z,24.3,,mgm,0
17465,ARAKLI BALIKÇI BARINAĞI TALİ MENDİREK FENERİ,Trabzon,Araklı,Karadeniz,40.945081,40.053776,2021-09-17T22:58:00.000Z,21.3,,mgm,0
17466,ÇAYELİ BALIKÇI BARINAĞI TALİ MENDİREK FENERİ,Rize,Çayeli,Karadeniz,41.090095,40.722557,2021-09-17T22:58:00.000Z,21.4,,mgm,0
17467,HOPA ANA MENDİREK FENERİ,Artvin,Hopa,Karadeniz,41.420291,41.429843,2021-09-17T22:58:00.000Z,23.0,,mgm,0
17473,KAŞ BAYINDIR ANA MENDİREK FENERİ,Antalya,Kaş,Akdeniz,36.183225,29.642011,2021-09-17T22:58:00.000Z,27.9,,mgm,0
17474,FİNİKE BALIKÇI BARINAĞI ANA MENDİREK FENER,Antalya,Finike,Akdeniz,36.2953,30.1533,2021-09-17T22:58:00.000Z,28.0,,mgm,0
17475,KEMER SIĞLIK FENERİ,Antalya,Kemer,Akdeniz,36.612395,30.574242,2021-09-17T22:58:00.000Z,27.8,,mgm,0
17482,VAN LİMAN,Van,Tuşba,Van Gölü,38.51486,43.307362,2021-09-17T22:58:00.000Z,21.5,,mgm,0
17483,TATVAN LİMAN,Bitlis,Tatvan,Van Gölü,38.512592,42.302103,2021-09-17T22:58:00.000Z,17.1,,mgm,0
17484,ADİLCEVAZ LİMAN,Bitlis,Adilcevaz,Van Gölü,38.797236,42.729931,2021-09-17T22:58:00.000Z,19.5,,mgm,0
17386,BODRUM KARAADA SIĞLIK IŞIKLI ŞAMANDIRA,Muğla,Bodrum,Ege,37.0081,27.4142,2021-09-17T22:59:00.000Z,24.7,,mgm,0
17450,BODRUM YALIKAVAK GEMİTAŞI FENERİ,Muğla,Bodrum,Ege,37.150133,27.263333,2021-09-17T22:59:00.000Z,22.2,,mgm,0
17460,ÜNYE BALIKÇI BARINAĞI ANA MENDİREK FENERİ,Ordu,Ünye,Karadeniz,41.116448,37.348722,2021-09-17T22:59:00.000Z,21.9,,mgm,0
17470,İNCEBURUN (YILDIZADASI) MARMARİS FENERİ,Muğla,Marmaris,Akdeniz,36.813936,28.265907,2021-09-17T22:59:00.000Z,25.3,,mgm,0
17472,FETHİYE/İBLİSBURNU DÖKÜNTÜTAŞ FENERİ,Muğla,Fethiye,Akdeniz,36.5455556,29.0108333,2021-09-17T22:59:00.000Z,27.2,,mgm,0
17489,MUDANYA/GÜZELYALI BALIKÇI BARINAĞI,Bursa,Mudanya,Marmara,40.35612,28.934036,2021-09-17T22:59:00.000Z,21.1,,mgm,0
17464,TRABZON LİMANI ANA MENDİREK FENERİ,Trabzon,Ortahisar,Karadeniz,41.006776,39.750108,2021-09-17T23:01:00.000Z,21.2,,mgm,0
17479,SİLİFKE/TAŞUCU SEKA ANA MENDİREK FENERİ,Mersin,Silifke,Akdeniz,36.309162,33.889845,2021-09-17T23:01:00.000Z,26.2,,mgm,0
17476,KONYAALTI/ANTALYA YENİ LİMAN ANA MENDİREK FENERİ,Antalya,Konyaaltı,Akdeniz,36.834011,30.616572,2021-09-17T23:02:00.000Z,27.8,,mgm,0
17015,AKÇAKOCA,Düzce,Akçakoca,Karadeniz,41.089528,31.143039,2021-09-18T06:00:00.000Z,22.6,,turkiye.gov.tr,1
17024,İNEBOLU,Kastamonu,İnebolu,Karadeniz,41.978937,33.762945,2021-09-18T06:00:00.000Z,17.6,,turkiye.gov.tr,1
17026,SİNOP,Sinop,Merkez,Karadeniz,42.029821,35.154286,2021-09-18T06:00:00.000Z,22.6,,turkiye.gov.tr,1
17030,SAMSUN BÖLGE,Samsun,Atakum,Karadeniz,41.344286,36.255794,2021-09-18T06:00:00.000Z,24.5,,turkiye.gov.tr,1
17033,ORDU,Ordu,Altınordu,Karadeniz,40.983833,37.885833,2021-09-18T06:00:00.000Z,19.7,,turkiye.gov.tr,1
17034,GİRESUN,Giresun,Merkez,Karadeniz,40.922667,38.387833,2021-09-18T06:00:00.000Z,21.6,,turkiye.gov.tr,1
17038,TRABZON HAVALİMANI,Trabzon,Ortahisar,Karadeniz,40.999133,39.779248,2021-09-18T06:00:00.000Z,22.0,,turkiye.gov.tr,1
17040,RİZE,Rize,Merkez,Karadeniz,41.04,40.501333,2021-09-18T06:00:00.000Z,21.5,,turkiye.gov.tr,1
17042,HOPA,Artvin,Hopa,Karadeniz,41.4065,41.433,2021-09-18T06:00:00.000Z,23.5,,turkiye.gov.tr,1
17056,TEKİRDAĞ,Tekirdağ,Süleymanpaşa,Marmara,40.957959,27.496181,2021-09-18T06:00:00.000Z,22.2,,turkiye.gov.tr,1
17059,SARIYER/KUMKÖY-KİLYOS,İstanbul,Sarıyer,Karadeniz,41.25047,29.038367,2021-09-18T06:00:00.000Z,22.3,,turkiye.gov.tr,1
17112,ÇANAKKALE,Çanakkale,Merkez,Marmara,40.141428,26.399616,2021-09-18T06:00:00.000Z,23.1,,turkiye.gov.tr,1
17175,AYVALIK,Balıkesir,Ayvalık,Ege,39.311292,26.686445,2021-09-18T06:00:00.000Z,24.0,,turkiye.gov.tr,1
17180,DİKİLİ,İzmir,Dikili,Ege,39.073861,26.888093,2021-09-18T06:00:00.000Z,24.2,,turkiye.gov.tr,1
17220,İZMİR BÖLGE,İzmir,Konak,Ege,38.3945,27.0821,2021-09-18T06:00:00.000Z,25.3,,turkiye.gov.tr,1
17221,ÇEŞME,İzmir,Çeşme,Ege,38.303858,26.372882,2021-09-18T06:00:00.000Z,23.6,,turkiye.gov.tr,1
17232,KUŞADASI,Aydın,Kuşadası,Ege,37.859636,27.265115,2021-09-18T06:00:00.000Z,23.8,,turkiye.gov.tr,1
17290,BODRUM,Muğla,Bodrum,Ege,37.032611,27.439801,2021-09-18T06:00:00.000Z,24.7,,turkiye.gov.tr,1
17296,FETHİYE,Muğla,Fethiye,Akdeniz,36.626611,29.123804,2021-09-18T06:00:00.000Z,27.2,,turkiye.gov.tr,1
17297,DATÇA,Muğla,Datça,Ege,36.707945,27.691918,2021-09-18T06:00:00.000Z,24.2,,turkiye.gov.tr,1
17298,MARMARİS,Muğla,Marmaris,Akdeniz,36.83926,28.244995,2021-09-18T06:00:00.000Z,25.3,,turkiye.gov.tr,1
17302,ANTALYA BÖLGE,Antalya,Muratpaşa,Akdeniz,36.885073,30.682793,2021-09-18T06:00:00.000Z,28.0,,turkiye.gov.tr,1
17310,ALANYA,Antalya,Alanya,Akdeniz,36.54999,31.979822,2021-09-18T06:00:00.000Z,29.4,,turkiye.gov.tr,1
17320,ANAMUR,Mersin,Anamur,Akdeniz,36.068614,32.864876,2021-09-18T06:00:00.000Z,29.0,,turkiye.gov.tr,1
17340,MERSİN,Mersin,Yenişehir,Akdeniz,36.780904,34.603125,2021-09-18T06:00:00.000Z,28.5,,turkiye.gov.tr,1
17375,FİNİKE,Antalya,Finike,Akdeniz,36.3024,30.1458,2021-09-18T06:00:00.000Z,27.5,,turkiye.gov.tr,1
17380,KAŞ,Antalya,Kaş,Akdeniz,36.200579,29.649995,2021-09-18T06:00:00.000Z,27.4,,turkiye.gov.tr,1
17386,BODRUM KARAADA SIĞLIK IŞIKLI ŞAMANDIRA,Muğla,Bodrum,Ege,37.0081,27.4142,2021-09-18T06:00:00.000Z,24.7,,turkiye.gov.tr,1
17389,ADALAR ŞAMANDIRA,İstanbul,Adalar,Marmara,40.93278,28.94889,2021-09-18T06:00:00.000Z,22.9,,turkiye.gov.tr,1
17394,SİLİFKE/TAŞUCU AÇIKLARI ŞAMANDIRA,Mersin,Silifke,Akdeniz,36.138023,33.863951,2021-09-18T06:00:00.000Z,26.5,,turkiye.gov.tr,1
17421,AYVALIK KANAL SANCAK A FENERİ,Balıkesir,Ayvalık,Ege,39.323394,26.640546,2021-09-18T06:00:00.000Z,21.5,,turkiye.gov.tr,1
17422,BANDIRMA KUZEY MENDİREK FENERİ,Balıkesir,Bandırma,Marmara,40.358554,27.958451,2021-09-18T06:00:00.000Z,22.1,,turkiye.gov.tr,1
17423,MARMARA BARINAK ANA MENDİREK FENERİ,Balıkesir,Marmara,Marmara,40.583839,27.560849,2021-09-18T06:00:00.000Z,22.1,,turkiye.gov.tr,1
17424,MARMARA/SARAYLAR KÖYÜ BARINAK (SANDAL BASENİ) FENERİ,Balıkesir,Marmara,Marmara,40.657488,27.662533,2021-09-18T06:00:00.000Z,22.3,,turkiye.gov.tr,1
17425,LAPSEKİ/ZİNCİRBOZAN FENERİ,Çanakkale,Lapseki,Marmara,40.4206,26.7536,2021-09-18T06:00:00.000Z,23.0,,turkiye.gov.tr,1
17426,BARTIN GÜNEY MENDİREK FENERİ,Bartın,Merkez,Karadeniz,41.6864,32.2261,2021-09-18T06:00:00.000Z,21.6,,turkiye.gov.tr,1
17428,AYVACIK/GÜLPINAR ANA MENDİREK FENERİ,Çanakkale,Ayvacık,Ege,39.5658,26.0967,2021-09-18T06:00:00.000Z,21.7,,turkiye.gov.tr,1
17429,ECEABAT/KABATEPE GÜNEY MENDİREK FENERİ,Çanakkale,Eceabat,Ege,40.2019,26.2669,2021-09-18T06:00:00.000Z,23.7,,turkiye.gov.tr,1
17430,GÖKÇEADA KALEKÖY ANA MENDİREK FENERİ,Çanakkale,Gökçeada,Ege,40.2317,25.8914,2021-09-18T06:00:00.000Z,24.1,,turkiye.gov.tr,1
17431,BİGA/KARABİGA BAR. (B) NOKTASI GÜNEY MEN. FENERİ,Çanakkale,Biga,Marmara,40.399583,27.305591,2021-09-18T06:00:00.000Z,23.7,,turkiye.gov.tr,1
17432,EZİNE/GEYİKLİ ODUNLUK İSKELE FENERİ,Çanakkale,Ezine,Ege,39.818998,26.160008,2021-09-18T06:00:00.000Z,22.0,,turkiye.gov.tr,1
17433,GÖKÇEADA UĞURLU LİMAN FENERİ,Çanakkale,Gökçeada,Ege,40.1153,25.6989,2021-09-18T06:00:00.000Z,23.3,,turkiye.gov.tr,1
17434,EZİNE YENİKÖY BAL.BAR. ANA MENDİREK FENERİ,Çanakkale,Ezine,Ege,39.9447,26.1611,2021-09-18T06:00:00.000Z,21.4,,turkiye.gov.tr,1
17435,AKÇAKOCA FENERİ,Düzce,Akçakoca,Karadeniz,41.0922,31.1197,2021-09-18T06:00:00.000Z,22.8,,turkiye.gov.tr,1
17436,ENEZ TALİ MENDİREK FENERİ,Edirne,Enez,Ege,40.698218,26.051263,2021-09-18T06:00:00.000Z,21.6,,turkiye.gov.tr,1
17437,TUZLA AYDINLI LİMAN FENERİ,İstanbul,Tuzla,Marmara,40.850611,29.271174,2021-09-18T06:00:00.000Z,21.3,,turkiye.gov.tr,1
17438,SİLİVRİ ANA MENDİREK FENERİ,İstanbul,Silivri,Marmara,41.072866,28.238398,2021-09-18T06:00:00.000Z,21.8,,turkiye.gov.tr,1
17440,URLA BALIKÇI BARINAĞI MENDİREK FENERİ,İzmir,Urla,Ege,38.364761,26.772665,2021-09-18T06:00:00.000Z,21.1,,turkiye.gov.tr,1
17441,GÜZELBAHÇE FENERİ,İzmir,Güzelbahçe,Ege,38.378579,26.885605,2021-09-18T06:00:00.000Z,22.7,,turkiye.gov.tr,1
17442,KONAK/İZMİR PASAPORT MENDİREK FENERİ,İzmir,Konak,Ege,38.429236,27.131698,2021-09-18T06:00:00.000Z,25.3,,turkiye.gov.tr,1
17445,CİDE KUZEY MENDİREK FENERİ,Kastamonu,Cide,Karadeniz,41.9006,32.9778,2021-09-18T06:00:00.000Z,21.7,,turkiye.gov.tr,1
17446,İNEBOLU KUZEY MENDİREK FENERİ,Kastamonu,İnebolu,Karadeniz,41.9817,33.7769,2021-09-18T06:00:00.000Z,21.4,,turkiye.gov.tr,1
17448,TUZLA İTÜ GÜNEY MENDİREK FENERİ,İstanbul,Tuzla,Marmara,40.811828,29.297373,2021-09-18T06:00:00.000Z,22.3,,turkiye.gov.tr,1
17450,BODRUM YALIKAVAK GEMİTAŞI FENERİ,Muğla,Bodrum,Ege,37.150133,27.263333,2021-09-18T06:00:00.000Z,22.0,,turkiye.gov.tr,1
17452,YALOVA SAMANLIDERE TALİ (DOĞU) MENDİREK FENERİ,Yalova,Merkez,Marmara,40.660597,29.246969,2021-09-18T06:00:00.000Z,21.2,,turkiye.gov.tr,1
17453,ZONGULDAK GÜNEY MENDİREK FENERİ,Zonguldak,Merkez,Karadeniz,41.458611,31.779166,2021-09-18T06:00:00.000Z,20.4,,turkiye.gov.tr,1
17454,FATİH/KUMKAPI FENERİ,İstanbul,Fatih,Marmara,41.000994,28.965432,2021-09-18T06:00:00.000Z,22.9,,turkiye.gov.tr,1
17459,İLKADIM/SAMSUN LİMAN KUZEY MENDİREK FENERİ,Samsun,İlkadım,Karadeniz,41.309587,36.355678,2021-09-18T06:00:00.000Z,24.4,,turkiye.gov.tr,1
17460,ÜNYE BALIKÇI BARINAĞI ANA MENDİREK FENERİ,Ordu,Ünye,Karadeniz,41.116448,37.348722,2021-09-18T06:00:00.000Z,22.1,,turkiye.gov.tr,1
17464,TRABZON LİMANI ANA MENDİREK FENERİ,Trabzon,Ortahisar,Karadeniz,41.006776,39.750108,2021-09-18T06:00:00.000Z,21.8,,turkiye.gov.tr,1
17465,ARAKLI BALIKÇI BARINAĞI TALİ MENDİREK FENERİ,Trabzon,Araklı,Karadeniz,40.945081,40.053776,2021-09-18T06:00:00.000Z,21.0,,turkiye.gov.tr,1
17466,ÇAYELİ BALIKÇI BARINAĞI TALİ MENDİREK FENERİ,Rize,Çayeli,Karadeniz,41.090095,40.722557,2021-09-18T06:00:00.000Z,21.4,,turkiye.gov.tr,1
17467,HOPA ANA MENDİREK FENERİ,Artvin,Hopa,Karadeniz,41.420291,41.429843,2021-09-18T06:00:00.000Z,22.8,,turkiye.gov.tr,1
17470,İNCEBURUN (YILDIZADASI) MARMARİS FENERİ,Muğla,Marmaris,Akdeniz,36.813936,28.265907,2021-09-18T06:00:00.000Z,25.4,,turkiye.gov.tr,1
17472,FETHİYE/İBLİSBURNU DÖKÜNTÜTAŞ FENERİ,Muğla,Fethiye,Akdeniz,36.5455556,29.0108333,2021-09-18T06:00:00.000Z,27.3,,turkiye.gov.tr,1
17473,KAŞ BAYINDIR ANA MENDİREK FENERİ,Antalya,Kaş,Akdeniz,36.183225,29.642011,2021-09-18T06:00:00.000Z,27.8,,turkiye.gov.tr,1
17474,FİNİKE BALIKÇI BARINAĞI ANA MENDİREK FENER,Antalya,Finike,Akdeniz,36.2953,30.1533,2021-09-18T06:00:00.000Z,28.1,,turkiye.gov.tr,1
17475,KEMER SIĞLIK FENERİ,Antalya,Kemer,Akdeniz,36.612395,30.574242,2021-09-18T06:00:00.000Z,27.6,,turkiye.gov.tr,1
17476,KONYAALTI/ANTALYA YENİ LİMAN ANA MENDİREK FENERİ,Antalya,Konyaaltı,Akdeniz,36.834011,30.616572,2021-09-18T06:00:00.000Z,28.0,,turkiye.gov.tr,1
17479,SİLİFKE/TAŞUCU SEKA ANA MENDİREK FENERİ,Mersin,Silifke,Akdeniz,36.309162,33.889845,2021-09-18T06:00:00.000Z,26.1,,turkiye.gov.tr,1
17482,VAN LİMAN,Van,Tuşba,Van Gölü,38.51486,43.307362,2021-09-18T06:00:00.000Z,21.3,,turkiye.gov.tr,1
17483,TATVAN LİMAN,Bitlis,Tatvan,Van Gölü,38.512592,42.302103,2021-09-18T06:00:00.000Z,21.6,,turkiye.gov.tr,1
17484,ADİLCEVAZ LİMAN,Bitlis,Adilcevaz,Van Gölü,38.797236,42.729931,2021-09-18T06:00:00.000Z,19.2,,turkiye.gov.tr,1
17489,MUDANYA/GÜZELYALI BALIKÇI BARINAĞI,Bursa,Mudanya,Marmara,40.35612,28.934036,2021-09-18T06:00:00.000Z,20.9,,turkiye.gov.tr,1
17491,GEVAŞ AKDAMAR FENERİ,Van,Gevaş,Van Gölü,38.309988,43.041398,2021-09-18T06:00:00.000Z,21.7,,turkiye.gov.tr,1
17015,AKÇAKOCA,Düzce,Akçakoca,Karadeniz,41.089528,31.143039,2021-09-25T06:00:00.000Z,21.4,,turkiye.gov.tr,1
17024,İNEBOLU,Kastamonu,İnebolu,Karadeniz,41.978937,33.762945,2021-09-25T06:00:00.000Z,21.7,,turkiye.gov.tr,1
17026,SİNOP,Sinop,Merkez,Karadeniz,42.029821,35.154286,2021-09-25T06:00:00.000Z,21.5,,turkiye.gov.tr,1
17030,SAMSUN BÖLGE,Samsun,Atakum,Karadeniz,41.344286,36.255794,2021-09-25T06:00:00.000Z,23.0,,turkiye.gov.tr,1
17033,ORDU,Ordu,Altınordu,Karadeniz,40.983833,37.885833,2021-09-25T06:00:00.000Z,18.1,,turkiye.gov.tr,1
17034,GİRESUN,Giresun,Merkez,Karadeniz,40.922667,38.387833,2021-09-25T06:00:00.000Z,21.8,,turkiye.gov.tr,1
17038,TRABZON HAVALİMANI,Trabzon,Ortahisar,Karadeniz,40.999133,39.779248,2021-09-25T06:00:00.000Z,19.0,,turkiye.gov.tr,1
17040,RİZE,Rize,Merkez,Karadeniz,41.04,40.501333,2021-09-25T06:00:00.000Z,21.0,,turkiye.gov.tr,1
17042,HOPA,Artvin,Hopa,Karadeniz,41.4065,41.433,2021-09-25T06:00:00.000Z,23.3,,turkiye.gov.tr,1
17056,TEKİRDAĞ,Tekirdağ,Süleymanpaşa,Marmara,40.957959,27.496181,2021-09-25T06:00:00.000Z,21.7,,turkiye.gov.tr,1
17059,SARIYER/KUMKÖY-KİLYOS,İstanbul,Sarıyer,Karadeniz,41.25047,29.038367,2021-09-25T06:00:00.000Z,21.8,,turkiye.gov.tr,1
17112,ÇANAKKALE,Çanakkale,Merkez,Marmara,40.141428,26.399616,2021-09-25T06:00:00.000Z,22.0,,turkiye.gov.tr,1
17175,AYVALIK,Balıkesir,Ayvalık,Ege,39.311292,26.686445,2021-09-25T06:00:00.000Z,23.7,,turkiye.gov.tr,1
17180,DİKİLİ,İzmir,Dikili,Ege,39.073861,26.888093,2021-09-25T06:00:00.000Z,22.5,,turkiye.gov.tr,1
17220,İZMİR BÖLGE,İzmir,Konak,Ege,38.3945,27.0821,2021-09-25T06:00:00.000Z,24.3,,turkiye.gov.tr,1
17221,ÇEŞME,İzmir,Çeşme,Ege,38.303858,26.372882,2021-09-25T06:00:00.000Z,23.0,,turkiye.gov.tr,1
17232,KUŞADASI,Aydın,Kuşadası,Ege,37.859636,27.265115,2021-09-25T06:00:00.000Z,22.7,,turkiye.gov.tr,1
17290,BODRUM,Muğla,Bodrum,Ege,37.032611,27.439801,2021-09-25T06:00:00.000Z,24.6,,turkiye.gov.tr,1
17296,FETHİYE,Muğla,Fethiye,Akdeniz,36.626611,29.123804,2021-09-25T06:00:00.000Z,26.0,,turkiye.gov.tr,1
17297,DATÇA,Muğla,Datça,Ege,36.707945,27.691918,2021-09-25T06:00:00.000Z,22.8,,turkiye.gov.tr,1
17298,MARMARİS,Muğla,Marmaris,Akdeniz,36.83926,28.244995,2021-09-25T06:00:00.000Z,25.0,,turkiye.gov.tr,1
17302,ANTALYA BÖLGE,Antalya,Muratpaşa,Akdeniz,36.885073,30.682793,2021-09-25T06:00:00.000Z,26.4,,turkiye.gov.tr,1
17310,ALANYA,Antalya,Alanya,Akdeniz,36.54999,31.979822,2021-09-25T06:00:00.000Z,28.6,,turkiye.gov.tr,1
17320,ANAMUR,Mersin,Anamur,Akdeniz,36.068614,32.864876,2021-09-25T06:00:00.000Z,28.4,,turkiye.gov.tr,1
17340,MERSİN,Mersin,Yenişehir,Akdeniz,36.780904,34.603125,2021-09-25T06:00:00.000Z,27.3,,turkiye.gov.tr,1
17370,İSKENDERUN,Hatay,İskenderun,Akdeniz,36.592358,36.158158,2021-09-25T06:00:00.000Z,28.3,,turkiye.gov.tr,1
17375,FİNİKE,Antalya,Finike,Akdeniz,36.3024,30.1458,2021-09-25T06:00:00.000Z,27.6,,turkiye.gov.tr,1
17380,KAŞ,Antalya,Kaş,Akdeniz,36.200579,29.649995,2021-09-25T06:00:00.000Z,27.0,,turkiye.gov.tr,1
17381,KUŞADASI 3. NOLU ŞAMANDIRA,Aydın,Kuşadası,Ege,37.8458,27.2194,2021-09-25T06:00:00.000Z,22.4,,turkiye.gov.tr,1
17384,URLA/KUBİLAY SIĞLIĞI IŞIKLI ŞAMANDIRA,İzmir,Urla,Ege,38.4467,26.7175,2021-09-25T06:00:00.000Z,24.0,,turkiye.gov.tr,1
17386,BODRUM KARAADA SIĞLIK IŞIKLI ŞAMANDIRA,Muğla,Bodrum,Ege,37.0081,27.4142,2021-09-25T06:00:00.000Z,23.7,,turkiye.gov.tr,1
17421,AYVALIK KANAL SANCAK A FENERİ,Balıkesir,Ayvalık,Ege,39.323394,26.640546,2021-09-25T06:00:00.000Z,21.0,,turkiye.gov.tr,1
17422,BANDIRMA KUZEY MENDİREK FENERİ,Balıkesir,Bandırma,Marmara,40.358554,27.958451,2021-09-25T06:00:00.000Z,21.3,,turkiye.gov.tr,1
17423,MARMARA BARINAK ANA MENDİREK FENERİ,Balıkesir,Marmara,Marmara,40.583839,27.560849,2021-09-25T06:00:00.000Z,20.8,,turkiye.gov.tr,1
17424,MARMARA/SARAYLAR KÖYÜ BARINAK (SANDAL BASENİ) FENERİ,Balıkesir,Marmara,Marmara,40.657488,27.662533,2021-09-25T06:00:00.000Z,21.2,,turkiye.gov.tr,1
17426,BARTIN GÜNEY MENDİREK FENERİ,Bartın,Merkez,Karadeniz,41.6864,32.2261,2021-09-25T06:00:00.000Z,21.2,,turkiye.gov.tr,1
17428,AYVACIK/GÜLPINAR ANA MENDİREK FENERİ,Çanakkale,Ayvacık,Ege,39.5658,26.0967,2021-09-25T06:00:00.000Z,22.2,,turkiye.gov.tr,1
17429,ECEABAT/KABATEPE GÜNEY MENDİREK FENERİ,Çanakkale,Eceabat,Ege,40.2019,26.2669,2021-09-25T06:00:00.000Z,23.0,,turkiye.gov.tr,1
17430,GÖKÇEADA KALEKÖY ANA MENDİREK FENERİ,Çanakkale,Gökçeada,Ege,40.2317,25.8914,2021-09-25T06:00:00.000Z,23.5,,turkiye.gov.tr,1
17431,BİGA/KARABİGA BAR. (B) NOKTASI GÜNEY MEN. FENERİ,Çanakkale,Biga,Marmara,40.399583,27.305591,2021-09-25T06:00:00.000Z,22.0,,turkiye.gov.tr,1
17432,EZİNE/GEYİKLİ ODUNLUK İSKELE FENERİ,Çanakkale,Ezine,Ege,39.818998,26.160008,2021-09-25T06:00:00.000Z,21.4,,turkiye.gov.tr,1
17433,GÖKÇEADA UĞURLU LİMAN FENERİ,Çanakkale,Gökçeada,Ege,40.1153,25.6989,2021-09-25T06:00:00.000Z,22.5,,turkiye.gov.tr,1
17434,EZİNE YENİKÖY BAL.BAR. ANA MENDİREK FENERİ,Çanakkale,Ezine,Ege,39.9447,26.1611,2021-09-25T06:00:00.000Z,19.6,,turkiye.gov.tr,1
17435,AKÇAKOCA FENERİ,Düzce,Akçakoca,Karadeniz,41.0922,31.1197,2021-09-25T06:00:00.000Z,20.9,,turkiye.gov.tr,1
17436,ENEZ TALİ MENDİREK FENERİ,Edirne,Enez,Ege,40.698218,26.051263,2021-09-25T06:00:00.000Z,20.6,,turkiye.gov.tr,1
17437,TUZLA AYDINLI LİMAN FENERİ,İstanbul,Tuzla,Marmara,40.850611,29.271174,2021-09-25T06:00:00.000Z,19.5,,turkiye.gov.tr,1
17438,SİLİVRİ ANA MENDİREK FENERİ,İstanbul,Silivri,Marmara,41.072866,28.238398,2021-09-25T06:00:00.000Z,20.3,,turkiye.gov.tr,1
17440,URLA BALIKÇI BARINAĞI MENDİREK FENERİ,İzmir,Urla,Ege,38.364761,26.772665,2021-09-25T06:00:00.000Z,20.3,,turkiye.gov.tr,1
17441,GÜZELBAHÇE FENERİ,İzmir,Güzelbahçe,Ege,38.378579,26.885605,2021-09-25T06:00:00.000Z,22.0,,turkiye.gov.tr,1
17442,KONAK/İZMİR PASAPORT MENDİREK FENERİ,İzmir,Konak,Ege,38.429236,27.131698,2021-09-25T06:00:00.000Z,24.5,,turkiye.gov.tr,1
17443,ÇEŞME/KALE YERİ SIĞ.(DÖKÜNTÜTAŞI) FENERİ,İzmir,Çeşme,Ege,38.329226,26.267881,2021-09-25T06:00:00.000Z,22.0,,turkiye.gov.tr,1
17445,CİDE KUZEY MENDİREK FENERİ,Kastamonu,Cide,Karadeniz,41.9006,32.9778,2021-09-25T06:00:00.000Z,21.0,,turkiye.gov.tr,1
17446,İNEBOLU KUZEY MENDİREK FENERİ,Kastamonu,İnebolu,Karadeniz,41.9817,33.7769,2021-09-25T06:00:00.000Z,21.6,,turkiye.gov.tr,1
17448,TUZLA İTÜ GÜNEY MENDİREK FENERİ,İstanbul,Tuzla,Marmara,40.811828,29.297373,2021-09-25T06:00:00.000Z,20.4,,turkiye.gov.tr,1
17450,BODRUM YALIKAVAK GEMİTAŞI FENERİ,Muğla,Bodrum,Ege,37.150133,27.263333,2021-09-25T06:00:00.000Z,20.7,,turkiye.gov.tr,1
17453,ZONGULDAK GÜNEY MENDİREK FENERİ,Zonguldak,Merkez,Karadeniz,41.458611,31.779166,2021-09-25T06:00:00.000Z,20.2,,turkiye.gov.tr,1
17459,İLKADIM/SAMSUN LİMAN KUZEY MENDİREK FENERİ,Samsun,İlkadım,Karadeniz,41.309587,36.355678,2021-09-25T06:00:00.000Z,22.7,,turkiye.gov.tr,1
17460,ÜNYE BALIKÇI BARINAĞI ANA MENDİREK FENERİ,Ordu,Ünye,Karadeniz,41.116448,37.348722,2021-09-25T06:00:00.000Z,20.8,,turkiye.gov.tr,1
17464,TRABZON LİMANI ANA MENDİREK FENERİ,Trabzon,Ortahisar,Karadeniz,41.006776,39.750108,2021-09-25T06:00:00.000Z,19.9,,turkiye.gov.tr,1
17465,ARAKLI BALIKÇI BARINAĞI TALİ MENDİREK FENERİ,Trabzon,Araklı,Karadeniz,40.945081,40.053776,2021-09-25T06:00:00.000Z,19.4,,turkiye.gov.tr,1
17466,ÇAYELİ BALIKÇI BARINAĞI TALİ MENDİREK FENERİ,Rize,Çayeli,Karadeniz,41.090095,40.722557,2021-09-25T06:00:00.000Z,20.3,,turkiye.gov.tr,1
17467,HOPA ANA MENDİREK FENERİ,Artvin,Hopa,Karadeniz,41.420291,41.429843,2021-09-25T06:00:00.000Z,21.6,,turkiye.gov.tr,1
17470,İNCEBURUN (YILDIZADASI) MARMARİS FENERİ,Muğla,Marmaris,Akdeniz,36.813936,28.265907,2021-09-25T06:00:00.000Z,24.3,,turkiye.gov.tr,1
17472,FETHİYE/İBLİSBURNU DÖKÜNTÜTAŞ FENERİ,Muğla,Fethiye,Akdeniz,36.5455556,29.0108333,2021-09-25T06:00:00.000Z,24.9,,turkiye.gov.tr,1
17473,KAŞ BAYINDIR ANA MENDİREK FENERİ,Antalya,Kaş,Akdeniz,36.183225,29.642011,2021-09-25T06:00:00.000Z,26.4,,turkiye.gov.tr,1
17474,FİNİKE BALIKÇI BARINAĞI ANA MENDİREK FENER,Antalya,Finike,Akdeniz,36.2953,30.1533,2021-09-25T06:00:00.000Z,27.2,,turkiye.gov.tr,1
17475,KEMER SIĞLIK FENERİ,Antalya,Kemer,Akdeniz,36.612395,30.574242,2021-09-25T06:00:00.000Z,26.3,,turkiye.gov.tr,1
17476,KONYAALTI/ANTALYA YENİ LİMAN ANA MENDİREK FENERİ,Antalya,Konyaaltı,Akdeniz,36.834011,30.616572,2021-09-25T06:00:00.000Z,26.1,,turkiye.gov.tr,1
17479,SİLİFKE/TAŞUCU SEKA ANA MENDİREK FENERİ,Mersin,Silifke,Akdeniz,36.309162,33.889845,2021-09-25T06:00:00.000Z,25.5,,turkiye.gov.tr,1
17482,VAN LİMAN,Van,Tuşba,Van Gölü,38.51486,43.307362,2021-09-25T06:00:00.000Z,19.0,,turkiye.gov.tr,1
17483,TATVAN LİMAN,Bitlis,Tatvan,Van Gölü,38.512592,42.302103,2021-09-25T06:00:00.000Z,10.2,,turkiye.gov.tr,1
17484,ADİLCEVAZ LİMAN,Bitlis,Adilcevaz,Van Gölü,38.797236,42.729931,2021-09-25T06:00:00.000Z,16.0,,turkiye.gov.tr,1
17489,MUDANYA/GÜZELYALI BALIKÇI BARINAĞI,Bursa,Mudanya,Marmara,40.35612,28.934036,2021-09-25T06:00:00.000Z,19.3,,turkiye.gov.tr,1
17491,GEVAŞ AKDAMAR FENERİ,Van,Gevaş,Van Gölü,38.309988,43.041398,2021-09-25T06:00:00.000Z,21.2,,turkiye.gov.tr,1
17438,SİLİVRİ ANA MENDİREK FENERİ,İstanbul,Silivri,Marmara,41.072866,28.238398,2021-10-20T15:09:00.000Z,17.1,,mgm,0
17429,ECEABAT/KABATEPE GÜNEY MENDİREK FENERİ,Çanakkale,Eceabat,Ege,40.2019,26.2669,2021-10-20T17:27:00.000Z,19.4,,mgm,0
17393,ANTALYA KÖRFEZİ ŞAMANDIRA,Antalya,Serik,Akdeniz,36.73874,31.00718,2021-10-21T05:30:00.000Z,24.8,,mgm,0
17421,AYVALIK KANAL SANCAK A FENERİ,Balıkesir,Ayvalık,Ege,39.323394,26.640546,2021-10-21T05:54:00.000Z,17.7,,mgm,0
17422,BANDIRMA KUZEY MENDİREK FENERİ,Balıkesir,Bandırma,Marmara,40.358554,27.958451,2021-10-21T05:54:00.000Z,17.4,,mgm,0
17423,MARMARA BARINAK ANA MENDİREK FENERİ,Balıkesir,Marmara,Marmara,40.583839,27.560849,2021-10-21T05:54:00.000Z,17.3,,mgm,0
17424,MARMARA/SARAYLAR KÖYÜ BARINAK (SANDAL BASENİ) FENERİ,Balıkesir,Marmara,Marmara,40.657488,27.662533,2021-10-21T05:54:00.000Z,17.7,,mgm,0
17426,BARTIN GÜNEY MENDİREK FENERİ,Bartın,Merkez,Karadeniz,41.6864,32.2261,2021-10-21T05:54:00.000Z,17.2,,mgm,0
17435,AKÇAKOCA FENERİ,Düzce,Akçakoca,Karadeniz,41.0922,31.1197,2021-10-21T05:54:00.000Z,17.2,,mgm,0
17437,TUZLA AYDINLI LİMAN FENERİ,İstanbul,Tuzla,Marmara,40.850611,29.271174,2021-10-21T05:54:00.000Z,16.9,,mgm,0
17440,URLA BALIKÇI BARINAĞI MENDİREK FENERİ,İzmir,Urla,Ege,38.364761,26.772665,2021-10-21T05:54:00.000Z,17.9,,mgm,0
17441,GÜZELBAHÇE FENERİ,İzmir,Güzelbahçe,Ege,38.378579,26.885605,2021-10-21T05:54:00.000Z,13.5,,mgm,0
17442,KONAK/İZMİR PASAPORT MENDİREK FENERİ,İzmir,Konak,Ege,38.429236,27.131698,2021-10-21T05:54:00.000Z,20.7,,mgm,0
17448,TUZLA İTÜ GÜNEY MENDİREK FENERİ,İstanbul,Tuzla,Marmara,40.811828,29.297373,2021-10-21T05:54:00.000Z,16.9,,mgm,0
17381,KUŞADASI 3. NOLU ŞAMANDIRA,Aydın,Kuşadası,Ege,37.8458,27.2194,2021-10-21T05:57:00.000Z,21.0,,mgm,0
17384,URLA/KUBİLAY SIĞLIĞI IŞIKLI ŞAMANDIRA,İzmir,Urla,Ege,38.4467,26.7175,2021-10-21T05:57:00.000Z,19.7,,mgm,0
17389,ADALAR ŞAMANDIRA,İstanbul,Adalar,Marmara,40.93278,28.94889,2021-10-21T05:57:00.000Z,17.5,,mgm,0
17428,AYVACIK/GÜLPINAR ANA MENDİREK FENERİ,Çanakkale,Ayvacık,Ege,39.5658,26.0967,2021-10-21T05:57:00.000Z,17.9,,mgm,0
17430,GÖKÇEADA KALEKÖY ANA MENDİREK FENERİ,Çanakkale,Gökçeada,Ege,40.2317,25.8914,2021-10-21T05:57:00.000Z,18.2,,mgm,0
17431,BİGA/KARABİGA BAR. (B) NOKTASI GÜNEY MEN. FENERİ,Çanakkale,Biga,Marmara,40.399583,27.305591,2021-10-21T05:57:00.000Z,17.8,,mgm,0
17432,EZİNE/GEYİKLİ ODUNLUK İSKELE FENERİ,Çanakkale,Ezine,Ege,39.818998,26.160008,2021-10-21T05:57:00.000Z,17.9,,mgm,0
17433,GÖKÇEADA UĞURLU LİMAN FENERİ,Çanakkale,Gökçeada,Ege,40.1153,25.6989,2021-10-21T05:57:00.000Z,18.6,,mgm,0
17434,EZİNE YENİKÖY BAL.BAR. ANA MENDİREK FENERİ,Çanakkale,Ezine,Ege,39.9447,26.1611,2021-10-21T05:57:00.000Z,17.8,,mgm,0
17443,ÇEŞME/KALE YERİ SIĞ.(DÖKÜNTÜTAŞI) FENERİ,İzmir,Çeşme,Ege,38.329226,26.267881,2021-10-21T05:57:00.000Z,20.1,,mgm,0
17445,CİDE KUZEY MENDİREK FENERİ,Kastamonu,Cide,Karadeniz,41.9006,32.9778,2021-10-21T05:57:00.000Z,17.1,,mgm,0
17446,İNEBOLU KUZEY MENDİREK FENERİ,Kastamonu,İnebolu,Karadeniz,41.9817,33.7769,2021-10-21T05:57:00.000Z,17.8,,mgm,0
17452,YALOVA SAMANLIDERE TALİ (DOĞU) MENDİREK FENERİ,Yalova,Merkez,Marmara,40.660597,29.246969,2021-10-21T05:57:00.000Z,18.0,,mgm,0
17467,HOPA ANA MENDİREK FENERİ,Artvin,Hopa,Karadeniz,41.420291,41.429843,2021-10-21T05:57:00.000Z,14.7,,mgm,0
17491,GEVAŞ AKDAMAR FENERİ,Van,Gevaş,Van Gölü,38.309988,43.041398,2021-10-21T05:57:00.000Z,17.1,,mgm,0
17436,ENEZ TALİ MENDİREK FENERİ,Edirne,Enez,Ege,40.698218,26.051263,2021-10-21T05:58:00.000Z,16.3,,mgm,0
17454,FATİH/KUMKAPI FENERİ,İstanbul,Fatih,Marmara,41.000994,28.965432,2021-10-21T05:58:00.000Z,17.2,,mgm,0
17459,İLKADIM/SAMSUN LİMAN KUZEY MENDİREK FENERİ,Samsun,İlkadım,Karadeniz,41.309587,36.355678,2021-10-21T05:58:00.000Z,20.8,,mgm,0
17460,ÜNYE BALIKÇI BARINAĞI ANA MENDİREK FENERİ,Ordu,Ünye,Karadeniz,41.116448,37.348722,2021-10-21T05:58:00.000Z,17.4,,mgm,0
17470,İNCEBURUN (YILDIZADASI) MARMARİS FENERİ,Muğla,Marmaris,Akdeniz,36.813936,28.265907,2021-10-21T05:58:00.000Z,23.2,,mgm,0
17471,FETHİYE/KIZILADA FENERİ,Muğla,Fethiye,Akdeniz,36.653003,29.044002,2021-10-21T05:58:00.000Z,24.1,,mgm,0
17473,KAŞ BAYINDIR ANA MENDİREK FENERİ,Antalya,Kaş,Akdeniz,36.183225,29.642011,2021-10-21T05:58:00.000Z,23.9,,mgm,0
17482,VAN LİMAN,Van,Tuşba,Van Gölü,38.51486,43.307362,2021-10-21T05:58:00.000Z,15.9,,mgm,0
17484,ADİLCEVAZ LİMAN,Bitlis,Adilcevaz,Van Gölü,38.797236,42.729931,2021-10-21T05:58:00.000Z,14.6,,mgm,0
17386,BODRUM KARAADA SIĞLIK IŞIKLI ŞAMANDIRA,Muğla,Bodrum,Ege,37.0081,27.4142,2021-10-21T05:59:00.000Z,23.0,,mgm,0
17450,BODRUM YALIKAVAK GEMİTAŞI FENERİ,Muğla,Bodrum,Ege,37.150133,27.263333,2021-10-21T05:59:00.000Z,20.4,,mgm,0
17465,ARAKLI BALIKÇI BARINAĞI TALİ MENDİREK FENERİ,Trabzon,Araklı,Karadeniz,40.945081,40.053776,2021-10-21T05:59:00.000Z,15.5,,mgm,0
17466,ÇAYELİ BALIKÇI BARINAĞI TALİ MENDİREK FENERİ,Rize,Çayeli,Karadeniz,41.090095,40.722557,2021-10-21T05:59:00.000Z,16.2,,mgm,0
17472,FETHİYE/İBLİSBURNU DÖKÜNTÜTAŞ FENERİ,Muğla,Fethiye,Akdeniz,36.5455556,29.0108333,2021-10-21T05:59:00.000Z,24.2,,mgm,0
17474,FİNİKE BALIKÇI BARINAĞI ANA MENDİREK FENER,Antalya,Finike,Akdeniz,36.2953,30.1533,2021-10-21T05:59:00.000Z,24.7,,mgm,0
17475,KEMER SIĞLIK FENERİ,Antalya,Kemer,Akdeniz,36.612395,30.574242,2021-10-21T05:59:00.000Z,24.4,,mgm,0
17483,TATVAN LİMAN,Bitlis,Tatvan,Van Gölü,38.512592,42.302103,2021-10-21T05:59:00.000Z,13.4,,mgm,0
17489,MUDANYA/GÜZELYALI BALIKÇI BARINAĞI,Bursa,Mudanya,Marmara,40.35612,28.934036,2021-10-21T05:59:00.000Z,16.0,,mgm,0
17015,AKÇAKOCA,Düzce,Akçakoca,Karadeniz,41.089528,31.143039,2021-10-21T06:00:00.000Z,17.5,,mgm,0
17024,İNEBOLU,Kastamonu,İnebolu,Karadeniz,41.978937,33.762945,2021-10-21T06:00:00.000Z,18.1,,mgm,0
17026,SİNOP,Sinop,Merkez,Karadeniz,42.029821,35.154286,2021-10-21T06:00:00.000Z,18.2,,mgm,0
17033,ORDU,Ordu,Altınordu,Karadeniz,40.983833,37.885833,2021-10-21T06:00:00.000Z,17.5,,mgm,0
17034,GİRESUN,Giresun,Merkez,Karadeniz,40.922667,38.387833,2021-10-21T06:00:00.000Z,18.0,,mgm,0
17038,TRABZON HAVALİMANI,Trabzon,Ortahisar,Karadeniz,40.999133,39.779248,2021-10-21T06:00:00.000Z,16.6,,mgm,0
17040,RİZE,Rize,Merkez,Karadeniz,41.04,40.501333,2021-10-21T06:00:00.000Z,17.4,,mgm,0
17042,HOPA,Artvin,Hopa,Karadeniz,41.4065,41.433,2021-10-21T06:00:00.000Z,16.0,,mgm,0
17056,TEKİRDAĞ,Tekirdağ,Süleymanpaşa,Marmara,40.957959,27.496181,2021-10-21T06:00:00.000Z,17.8,,mgm,0
17059,SARIYER/KUMKÖY-KİLYOS,İstanbul,Sarıyer,Karadeniz,41.25047,29.038367,2021-10-21T06:00:00.000Z,17.5,,mgm,0
17112,ÇANAKKALE,Çanakkale,Merkez,Marmara,40.141428,26.399616,2021-10-21T06:00:00.000Z,19.0,,mgm,0
17175,AYVALIK,Balıkesir,Ayvalık,Ege,39.311292,26.686445,2021-10-21T06:00:00.000Z,20.2,,mgm,0
17180,DİKİLİ,İzmir,Dikili,Ege,39.073861,26.888093,2021-10-21T06:00:00.000Z,20.7,,mgm,0
17220,İZMİR BÖLGE,İzmir,Konak,Ege,38.3945,27.0821,2021-10-21T06:00:00.000Z,20.7,,mgm,0
17221,ÇEŞME,İzmir,Çeşme,Ege,38.303858,26.372882,2021-10-21T06:00:00.000Z,20.0,,mgm,0
17232,KUŞADASI,Aydın,Kuşadası,Ege,37.859636,27.265115,2021-10-21T06:00:00.000Z,21.0,,mgm,0
17290,BODRUM,Muğla,Bodrum,Ege,37.032611,27.439801,2021-10-21T06:00:00.000Z,23.3,,mgm,0
17296,FETHİYE,Muğla,Fethiye,Akdeniz,36.626611,29.123804,2021-10-21T06:00:00.000Z,24.2,,mgm,0
17297,DATÇA,Muğla,Datça,Ege,36.707945,27.691918,2021-10-21T06:00:00.000Z,22.2,,mgm,0
17298,MARMARİS,Muğla,Marmaris,Akdeniz,36.83926,28.244995,2021-10-21T06:00:00.000Z,23.2,,mgm,0
17302,ANTALYA BÖLGE,Antalya,Muratpaşa,Akdeniz,36.885073,30.682793,2021-10-21T06:00:00.000Z,25.0,,mgm,0
17310,ALANYA,Antalya,Alanya,Akdeniz,36.54999,31.979822,2021-10-21T06:00:00.000Z,25.4,,mgm,0
17320,ANAMUR,Mersin,Anamur,Akdeniz,36.068614,32.864876,2021-10-21T06:00:00.000Z,25.4,,mgm,0
17340,MERSİN,Mersin,Yenişehir,Akdeniz,36.780904,34.603125,2021-10-21T06:00:00.000Z,24.6,,mgm,0
17370,İSKENDERUN,Hatay,İskenderun,Akdeniz,36.592358,36.158158,2021-10-21T06:00:00.000Z,24.6,,mgm,0
17375,FİNİKE,Antalya,Finike,Akdeniz,36.3024,30.1458,2021-10-21T06:00:00.000Z,24.2,,mgm,0
17380,KAŞ,Antalya,Kaş,Akdeniz,36.200579,29.649995,2021-10-21T06:00:00.000Z,23.9,,mgm,0
17479,SİLİFKE/TAŞUCU SEKA ANA MENDİREK FENERİ,Mersin,Silifke,Akdeniz,36.309162,33.889845,2021-10-21T06:01:00.000Z,22.1,,mgm,0
17464,TRABZON LİMANI ANA MENDİREK FENERİ,Trabzon,Ortahisar,Karadeniz,41.006776,39.750108,2021-10-21T06:02:00.000Z,16.6,,mgm,0
17476,KONYAALTI/ANTALYA YENİ LİMAN ANA MENDİREK FENERİ,Antalya,Konyaaltı,Akdeniz,36.834011,30.616572,2021-10-21T06:02:00.000Z,24.8,,mgm,0
17024,İNEBOLU,Kastamonu,İnebolu,Karadeniz,41.978937,33.762945,2021-10-23T06:00:00.000Z,17.8,,turkiye.gov.tr,1
17026,SİNOP,Sinop,Merkez,Karadeniz,42.029821,35.154286,2021-10-23T06:00:00.000Z,18.4,,turkiye.gov.tr,1
17030,SAMSUN BÖLGE,Samsun,Atakum,Karadeniz,41.344286,36.255794,2021-10-23T06:00:00.000Z,21.0,,turkiye.gov.tr,1
17033,ORDU,Ordu,Altınordu,Karadeniz,40.983833,37.885833,2021-10-23T06:00:00.000Z,17.3,,turkiye.gov.tr,1
17034,GİRESUN,Giresun,Merkez,Karadeniz,40.922667,38.387833,2021-10-23T06:00:00.000Z,17.8,,turkiye.gov.tr,1
17038,TRABZON HAVALİMANI,Trabzon,Ortahisar,Karadeniz,40.999133,39.779248,2021-10-23T06:00:00.000Z,16.3,,turkiye.gov.tr,1
17040,RİZE,Rize,Merkez,Karadeniz,41.04,40.501333,2021-10-23T06:00:00.000Z,16.8,,turkiye.gov.tr,1
17042,HOPA,Artvin,Hopa,Karadeniz,41.4065,41.433,2021-10-23T06:00:00.000Z,16.0,,turkiye.gov.tr,1
17056,TEKİRDAĞ,Tekirdağ,Süleymanpaşa,Marmara,40.957959,27.496181,2021-10-23T06:00:00.000Z,17.7,,turkiye.gov.tr,1
17059,SARIYER/KUMKÖY-KİLYOS,İstanbul,Sarıyer,Karadeniz,41.25047,29.038367,2021-10-23T06:00:00.000Z,17.0,,turkiye.gov.tr,1
17112,ÇANAKKALE,Çanakkale,Merkez,Marmara,40.141428,26.399616,2021-10-23T06:00:00.000Z,18.5,,turkiye.gov.tr,1
17175,AYVALIK,Balıkesir,Ayvalık,Ege,39.311292,26.686445,2021-10-23T06:00:00.000Z,20.0,,turkiye.gov.tr,1
17180,DİKİLİ,İzmir,Dikili,Ege,39.073861,26.888093,2021-10-23T06:00:00.000Z,20.6,,turkiye.gov.tr,1
17220,İZMİR BÖLGE,İzmir,Konak,Ege,38.3945,27.0821,2021-10-23T06:00:00.000Z,20.5,,turkiye.gov.tr,1
17221,ÇEŞME,İzmir,Çeşme,Ege,38.303858,26.372882,2021-10-23T06:00:00.000Z,20.4,,turkiye.gov.tr,1
17232,KUŞADASI,Aydın,Kuşadası,Ege,37.859636,27.265115,2021-10-23T06:00:00.000Z,20.9,,turkiye.gov.tr,1
17290,BODRUM,Muğla,Bodrum,Ege,37.032611,27.439801,2021-10-23T06:00:00.000Z,23.2,,turkiye.gov.tr,1
17296,FETHİYE,Muğla,Fethiye,Akdeniz,36.626611,29.123804,2021-10-23T06:00:00.000Z,24.0,,turkiye.gov.tr,1
17297,DATÇA,Muğla,Datça,Ege,36.707945,27.691918,2021-10-23T06:00:00.000Z,22.3,,turkiye.gov.tr,1
17298,MARMARİS,Muğla,Marmaris,Akdeniz,36.83926,28.244995,2021-10-23T06:00:00.000Z,23.0,,turkiye.gov.tr,1
17302,ANTALYA BÖLGE,Antalya,Muratpaşa,Akdeniz,36.885073,30.682793,2021-10-23T06:00:00.000Z,24.7,,turkiye.gov.tr,1
17310,ALANYA,Antalya,Alanya,Akdeniz,36.54999,31.979822,2021-10-23T06:00:00.000Z,25.0,,turkiye.gov.tr,1
17320,ANAMUR,Mersin,Anamur,Akdeniz,36.068614,32.864876,2021-10-23T06:00:00.000Z,25.4,,turkiye.gov.tr,1
17340,MERSİN,Mersin,Yenişehir,Akdeniz,36.780904,34.603125,2021-10-23T06:00:00.000Z,23.6,,turkiye.gov.tr,1
17370,İSKENDERUN,Hatay,İskenderun,Akdeniz,36.592358,36.158158,2021-10-23T06:00:00.000Z,24.5,,turkiye.gov.tr,1
17375,FİNİKE,Antalya,Finike,Akdeniz,36.3024,30.1458,2021-10-23T06:00:00.000Z,24.7,,turkiye.gov.tr,1
17380,KAŞ,Antalya,Kaş,Akdeniz,36.200579,29.649995,2021-10-23T06:00:00.000Z,23.6,,turkiye.gov.tr,1
17381,KUŞADASI 3. NOLU ŞAMANDIRA,Aydın,Kuşadası,Ege,37.8458,27.2194,2021-10-23T06:00:00.000Z,20.9,,turkiye.gov.tr,1
17384,URLA/KUBİLAY SIĞLIĞI IŞIKLI ŞAMANDIRA,İzmir,Urla,Ege,38.4467,26.7175,2021-10-23T06:00:00.000Z,19.9,,turkiye.gov.tr,1
17386,BODRUM KARAADA SIĞLIK IŞIKLI ŞAMANDIRA,Muğla,Bodrum,Ege,37.0081,27.4142,2021-10-23T06:00:00.000Z,22.7,,turkiye.gov.tr,1
17391,SAMSUN ŞAMANDIRA,Samsun,Çarşamba,Karadeniz,41.436283,36.557767,2021-10-23T06:00:00.000Z,18.4,,turkiye.gov.tr,1
17393,ANTALYA KÖRFEZİ ŞAMANDIRA,Antalya,Serik,Akdeniz,36.73874,31.00718,2021-10-23T06:00:00.000Z,24.8,,turkiye.gov.tr,1
17421,AYVALIK KANAL SANCAK A FENERİ,Balıkesir,Ayvalık,Ege,39.323394,26.640546,2021-10-23T06:00:00.000Z,18.8,,turkiye.gov.tr,1
17422,BANDIRMA KUZEY MENDİREK FENERİ,Balıkesir,Bandırma,Marmara,40.358554,27.958451,2021-10-23T06:00:00.000Z,17.6,,turkiye.gov.tr,1
17423,MARMARA BARINAK ANA MENDİREK FENERİ,Balıkesir,Marmara,Marmara,40.583839,27.560849,2021-10-23T06:00:00.000Z,17.3,,turkiye.gov.tr,1
17424,MARMARA/SARAYLAR KÖYÜ BARINAK (SANDAL BASENİ) FENERİ,Balıkesir,Marmara,Marmara,40.657488,27.662533,2021-10-23T06:00:00.000Z,17.9,,turkiye.gov.tr,1
17426,BARTIN GÜNEY MENDİREK FENERİ,Bartın,Merkez,Karadeniz,41.6864,32.2261,2021-10-23T06:00:00.000Z,17.4,,turkiye.gov.tr,1
17428,AYVACIK/GÜLPINAR ANA MENDİREK FENERİ,Çanakkale,Ayvacık,Ege,39.5658,26.0967,2021-10-23T06:00:00.000Z,18.6,,turkiye.gov.tr,1
17429,ECEABAT/KABATEPE GÜNEY MENDİREK FENERİ,Çanakkale,Eceabat,Ege,40.2019,26.2669,2021-10-23T06:00:00.000Z,18.7,,turkiye.gov.tr,1
17430,GÖKÇEADA KALEKÖY ANA MENDİREK FENERİ,Çanakkale,Gökçeada,Ege,40.2317,25.8914,2021-10-23T06:00:00.000Z,18.9,,turkiye.gov.tr,1
17431,BİGA/KARABİGA BAR. (B) NOKTASI GÜNEY MEN. FENERİ,Çanakkale,Biga,Marmara,40.399583,27.305591,2021-10-23T06:00:00.000Z,18.4,,turkiye.gov.tr,1
17432,EZİNE/GEYİKLİ ODUNLUK İSKELE FENERİ,Çanakkale,Ezine,Ege,39.818998,26.160008,2021-10-23T06:00:00.000Z,21.2,,turkiye.gov.tr,1
17433,GÖKÇEADA UĞURLU LİMAN FENERİ,Çanakkale,Gökçeada,Ege,40.1153,25.6989,2021-10-23T06:00:00.000Z,18.5,,turkiye.gov.tr,1
17434,EZİNE YENİKÖY BAL.BAR. ANA MENDİREK FENERİ,Çanakkale,Ezine,Ege,39.9447,26.1611,2021-10-23T06:00:00.000Z,18.8,,turkiye.gov.tr,1
17435,AKÇAKOCA FENERİ,Düzce,Akçakoca,Karadeniz,41.0922,31.1197,2021-10-23T06:00:00.000Z,16.8,,turkiye.gov.tr,1
17436,ENEZ TALİ MENDİREK FENERİ,Edirne,Enez,Ege,40.698218,26.051263,2021-10-23T06:00:00.000Z,17.4,,turkiye.gov.tr,1
17437,TUZLA AYDINLI LİMAN FENERİ,İstanbul,Tuzla,Marmara,40.850611,29.271174,2021-10-23T06:00:00.000Z,16.9,,turkiye.gov.tr,1
17440,URLA BALIKÇI BARINAĞI MENDİREK FENERİ,İzmir,Urla,Ege,38.364761,26.772665,2021-10-23T06:00:00.000Z,17.6,,turkiye.gov.tr,1
17441,GÜZELBAHÇE FENERİ,İzmir,Güzelbahçe,Ege,38.378579,26.885605,2021-10-23T06:00:00.000Z,15.9,,turkiye.gov.tr,1
17442,KONAK/İZMİR PASAPORT MENDİREK FENERİ,İzmir,Konak,Ege,38.429236,27.131698,2021-10-23T06:00:00.000Z,20.7,,turkiye.gov.tr,1
17443,ÇEŞME/KALE YERİ SIĞ.(DÖKÜNTÜTAŞI) FENERİ,İzmir,Çeşme,Ege,38.329226,26.267881,2021-10-23T06:00:00.000Z,20.4,,turkiye.gov.tr,1
17445,CİDE KUZEY MENDİREK FENERİ,Kastamonu,Cide,Karadeniz,41.9006,32.9778,2021-10-23T06:00:00.000Z,18.0,,turkiye.gov.tr,1
17446,İNEBOLU KUZEY MENDİREK FENERİ,Kastamonu,İnebolu,Karadeniz,41.9817,33.7769,2021-10-23T06:00:00.000Z,17.6,,turkiye.gov.tr,1
17448,TUZLA İTÜ GÜNEY MENDİREK FENERİ,İstanbul,Tuzla,Marmara,40.811828,29.297373,2021-10-23T06:00:00.000Z,17.1,,turkiye.gov.tr,1
17450,BODRUM YALIKAVAK GEMİTAŞI FENERİ,Muğla,Bodrum,Ege,37.150133,27.263333,2021-10-23T06:00:00.000Z,20.2,,turkiye.gov.tr,1
17452,YALOVA SAMANLIDERE TALİ (DOĞU) MENDİREK FENERİ,Yalova,Merkez,Marmara,40.660597,29.246969,2021-10-23T06:00:00.000Z,17.6,,turkiye.gov.tr,1
17454,FATİH/KUMKAPI FENERİ,İstanbul,Fatih,Marmara,41.000994,28.965432,2021-10-23T06:00:00.000Z,17.2,,turkiye.gov.tr,1
17459,İLKADIM/SAMSUN LİMAN KUZEY MENDİREK FENERİ,Samsun,İlkadım,Karadeniz,41.309587,36.355678,2021-10-23T06:00:00.000Z,20.5,,turkiye.gov.tr,1
17460,ÜNYE BALIKÇI BARINAĞI ANA MENDİREK FENERİ,Ordu,Ünye,Karadeniz,41.116448,37.348722,2021-10-23T06:00:00.000Z,17.3,,turkiye.gov.tr,1
17464,TRABZON LİMANI ANA MENDİREK FENERİ,Trabzon,Ortahisar,Karadeniz,41.006776,39.750108,2021-10-23T06:00:00.000Z,16.2,,turkiye.gov.tr,1
17465,ARAKLI BALIKÇI BARINAĞI TALİ MENDİREK FENERİ,Trabzon,Araklı,Karadeniz,40.945081,40.053776,2021-10-23T06:00:00.000Z,15.9,,turkiye.gov.tr,1
17466,ÇAYELİ BALIKÇI BARINAĞI TALİ MENDİREK FENERİ,Rize,Çayeli,Karadeniz,41.090095,40.722557,2021-10-23T06:00:00.000Z,16.7,,turkiye.gov.tr,1
17467,HOPA ANA MENDİREK FENERİ,Artvin,Hopa,Karadeniz,41.420291,41.429843,2021-10-23T06:00:00.000Z,14.8,,turkiye.gov.tr,1
17470,İNCEBURUN (YILDIZADASI) MARMARİS FENERİ,Muğla,Marmaris,Akdeniz,36.813936,28.265907,2021-10-23T06:00:00.000Z,22.8,,turkiye.gov.tr,1
17471,FETHİYE/KIZILADA FENERİ,Muğla,Fethiye,Akdeniz,36.653003,29.044002,2021-10-23T06:00:00.000Z,23.9,,turkiye.gov.tr,1
17472,FETHİYE/İBLİSBURNU DÖKÜNTÜTAŞ FENERİ,Muğla,Fethiye,Akdeniz,36.5455556,29.0108333,2021-10-23T06:00:00.000Z,23.6,,turkiye.gov.tr,1
17473,KAŞ BAYINDIR ANA MENDİREK FENERİ,Antalya,Kaş,Akdeniz,36.183225,29.642011,2021-10-23T06:00:00.000Z,23.6,,turkiye.gov.tr,1
17474,FİNİKE BALIKÇI BARINAĞI ANA MENDİREK FENER,Antalya,Finike,Akdeniz,36.2953,30.1533,2021-10-23T06:00:00.000Z,24.6,,turkiye.gov.tr,1
17475,KEMER SIĞLIK FENERİ,Antalya,Kemer,Akdeniz,36.612395,30.574242,2021-10-23T06:00:00.000Z,24.2,,turkiye.gov.tr,1
17476,KONYAALTI/ANTALYA YENİ LİMAN ANA MENDİREK FENERİ,Antalya,Konyaaltı,Akdeniz,36.834011,30.616572,2021-10-23T06:00:00.000Z,24.5,,turkiye.gov.tr,1
17479,SİLİFKE/TAŞUCU SEKA ANA MENDİREK FENERİ,Mersin,Silifke,Akdeniz,36.309162,33.889845,2021-10-23T06:00:00.000Z,22.5,,turkiye.gov.tr,1
17482,VAN LİMAN,Van,Tuşba,Van Gölü,38.51486,43.307362,2021-10-23T06:00:00.000Z,15.5,,turkiye.gov.tr,1
17483,TATVAN LİMAN,Bitlis,Tatvan,Van Gölü,38.512592,42.302103,2021-10-23T06:00:00.000Z,10.2,,turkiye.gov.tr,1
17484,ADİLCEVAZ LİMAN,Bitlis,Adilcevaz,Van Gölü,38.797236,42.729931,2021-10-23T06:00:00.000Z,14.5,,turkiye.gov.tr,1
17489,MUDANYA/GÜZELYALI BALIKÇI BARINAĞI,Bursa,Mudanya,Marmara,40.35612,28.934036,2021-10-23T06:00:00.000Z,16.1,,turkiye.gov.tr,1
17491,GEVAŞ AKDAMAR FENERİ,Van,Gevaş,Van Gölü,38.309988,43.041398,2021-10-23T06:00:00.000Z,16.1,,turkiye.gov.tr,1
17015,AKÇAKOCA,Düzce,Akçakoca,Karadeniz,41.089528,31.143039,2021-12-02T06:00:00.000Z,13.4,,mgm,0
17024,İNEBOLU,Kastamonu,İnebolu,Karadeniz,41.978937,33.762945,2021-12-02T06:00:00.000Z,13.2,,mgm,0
17026,SİNOP,Sinop,Merkez,Karadeniz,42.029821,35.154286,2021-12-02T06:00:00.000Z,13.8,,mgm,0
17030,SAMSUN BÖLGE,Samsun,Atakum,Karadeniz,41.344286,36.255794,2021-12-02T06:00:00.000Z,13.9,,mgm,0
17033,ORDU,Ordu,Altınordu,Karadeniz,40.983833,37.885833,2021-12-02T06:00:00.000Z,14.3,,mgm,0
17034,GİRESUN,Giresun,Merkez,Karadeniz,40.922667,38.387833,2021-12-02T06:00:00.000Z,14.4,,mgm,0
17038,TRABZON HAVALİMANI,Trabzon,Ortahisar,Karadeniz,40.999133,39.779248,2021-12-02T06:00:00.000Z,14.3,,mgm,0
17040,RİZE,Rize,Merkez,Karadeniz,41.04,40.501333,2021-12-02T06:00:00.000Z,13.4,,mgm,0
17042,HOPA,Artvin,Hopa,Karadeniz,41.4065,41.433,2021-12-02T06:00:00.000Z,13.5,,mgm,0
17056,TEKİRDAĞ,Tekirdağ,Süleymanpaşa,Marmara,40.957959,27.496181,2021-12-02T06:00:00.000Z,14.3,,mgm,0
17059,SARIYER/KUMKÖY-KİLYOS,İstanbul,Sarıyer,Karadeniz,41.25047,29.038367,2021-12-02T06:00:00.000Z,13.4,,mgm,0
17112,ÇANAKKALE,Çanakkale,Merkez,Marmara,40.141428,26.399616,2021-12-02T06:00:00.000Z,14.8,,mgm,0
17175,AYVALIK,Balıkesir,Ayvalık,Ege,39.311292,26.686445,2021-12-02T06:00:00.000Z,17.0,,mgm,0
17180,DİKİLİ,İzmir,Dikili,Ege,39.073861,26.888093,2021-12-02T06:00:00.000Z,17.7,,mgm,0
17220,İZMİR BÖLGE,İzmir,Konak,Ege,38.3945,27.0821,2021-12-02T06:00:00.000Z,15.6,,mgm,0
17232,KUŞADASI,Aydın,Kuşadası,Ege,37.859636,27.265115,2021-12-02T06:00:00.000Z,19.3,,mgm,0
17290,BODRUM,Muğla,Bodrum,Ege,37.032611,27.439801,2021-12-02T06:00:00.000Z,21.0,,mgm,0
17296,FETHİYE,Muğla,Fethiye,Akdeniz,36.626611,29.123804,2021-12-02T06:00:00.000Z,21.4,,mgm,0
17297,DATÇA,Muğla,Datça,Ege,36.707945,27.691918,2021-12-02T06:00:00.000Z,20.2,,mgm,0
17298,MARMARİS,Muğla,Marmaris,Akdeniz,36.83926,28.244995,2021-12-02T06:00:00.000Z,20.5,,mgm,0
17302,ANTALYA BÖLGE,Antalya,Muratpaşa,Akdeniz,36.885073,30.682793,2021-12-02T06:00:00.000Z,19.6,,mgm,0
17310,ALANYA,Antalya,Alanya,Akdeniz,36.54999,31.979822,2021-12-02T06:00:00.000Z,21.9,,mgm,0
17320,ANAMUR,Mersin,Anamur,Akdeniz,36.068614,32.864876,2021-12-02T06:00:00.000Z,20.4,,mgm,0
17340,MERSİN,Mersin,Yenişehir,Akdeniz,36.780904,34.603125,2021-12-02T06:00:00.000Z,20.7,,mgm,0
17370,İSKENDERUN,Hatay,İskenderun,Akdeniz,36.592358,36.158158,2021-12-02T06:00:00.000Z,20.0,,mgm,0
17375,FİNİKE,Antalya,Finike,Akdeniz,36.3024,30.1458,2021-12-02T06:00:00.000Z,20.4,,mgm,0
17380,KAŞ,Antalya,Kaş,Akdeniz,36.200579,29.649995,2021-12-02T06:00:00.000Z,20.4,,mgm,0
17429,ECEABAT/KABATEPE GÜNEY MENDİREK FENERİ,Çanakkale,Eceabat,Ege,40.2019,26.2669,2021-12-02T14:56:00.000Z,16.9,,mgm,0
17381,KUŞADASI 3. NOLU ŞAMANDIRA,Aydın,Kuşadası,Ege,37.8458,27.2194,2021-12-02T20:10:00.000Z,19.4,,mgm,0
17421,AYVALIK KANAL SANCAK A FENERİ,Balıkesir,Ayvalık,Ege,39.323394,26.640546,2021-12-02T22:22:00.000Z,16.3,,mgm,0
17422,BANDIRMA KUZEY MENDİREK FENERİ,Balıkesir,Bandırma,Marmara,40.358554,27.958451,2021-12-02T22:22:00.000Z,13.3,,mgm,0
17423,MARMARA BARINAK ANA MENDİREK FENERİ,Balıkesir,Marmara,Marmara,40.583839,27.560849,2021-12-02T22:22:00.000Z,13.3,,mgm,0
17424,MARMARA/SARAYLAR KÖYÜ BARINAK (SANDAL BASENİ) FENERİ,Balıkesir,Marmara,Marmara,40.657488,27.662533,2021-12-02T22:22:00.000Z,13.8,,mgm,0
17438,SİLİVRİ ANA MENDİREK FENERİ,İstanbul,Silivri,Marmara,41.072866,28.238398,2021-12-02T22:22:00.000Z,12.6,,mgm,0
17440,URLA BALIKÇI BARINAĞI MENDİREK FENERİ,İzmir,Urla,Ege,38.364761,26.772665,2021-12-02T22:22:00.000Z,14.9,,mgm,0
17442,KONAK/İZMİR PASAPORT MENDİREK FENERİ,İzmir,Konak,Ege,38.429236,27.131698,2021-12-02T22:22:00.000Z,15.6,,mgm,0
17448,TUZLA İTÜ GÜNEY MENDİREK FENERİ,İstanbul,Tuzla,Marmara,40.811828,29.297373,2021-12-02T22:22:00.000Z,13.2,,mgm,0
17426,BARTIN GÜNEY MENDİREK FENERİ,Bartın,Merkez,Karadeniz,41.6864,32.2261,2021-12-02T22:23:00.000Z,15.1,,mgm,0
17435,AKÇAKOCA FENERİ,Düzce,Akçakoca,Karadeniz,41.0922,31.1197,2021-12-02T22:23:00.000Z,13.7,,mgm,0
17447,VİZE/MİDYE KIYIKÖY BATI MENDİREK FENERİ (ANA),Kırklareli,Vize,Karadeniz,41.630847,28.101353,2021-12-02T22:23:00.000Z,11.7,,mgm,0
17384,URLA/KUBİLAY SIĞLIĞI IŞIKLI ŞAMANDIRA,İzmir,Urla,Ege,38.4467,26.7175,2021-12-02T22:27:00.000Z,17.6,,mgm,0
17428,AYVACIK/GÜLPINAR ANA MENDİREK FENERİ,Çanakkale,Ayvacık,Ege,39.5658,26.0967,2021-12-02T22:27:00.000Z,16.7,,mgm,0
17430,GÖKÇEADA KALEKÖY ANA MENDİREK FENERİ,Çanakkale,Gökçeada,Ege,40.2317,25.8914,2021-12-02T22:27:00.000Z,15.2,,mgm,0
17431,BİGA/KARABİGA BAR. (B) NOKTASI GÜNEY MEN. FENERİ,Çanakkale,Biga,Marmara,40.399583,27.305591,2021-12-02T22:27:00.000Z,13.9,,mgm,0
17432,EZİNE/GEYİKLİ ODUNLUK İSKELE FENERİ,Çanakkale,Ezine,Ege,39.818998,26.160008,2021-12-02T22:27:00.000Z,16.8,,mgm,0
17433,GÖKÇEADA UĞURLU LİMAN FENERİ,Çanakkale,Gökçeada,Ege,40.1153,25.6989,2021-12-02T22:27:00.000Z,15.5,,mgm,0
17434,EZİNE YENİKÖY BAL.BAR. ANA MENDİREK FENERİ,Çanakkale,Ezine,Ege,39.9447,26.1611,2021-12-02T22:27:00.000Z,16.1,,mgm,0
17443,ÇEŞME/KALE YERİ SIĞ.(DÖKÜNTÜTAŞI) FENERİ,İzmir,Çeşme,Ege,38.329226,26.267881,2021-12-02T22:27:00.000Z,18.6,,mgm,0
17445,CİDE KUZEY MENDİREK FENERİ,Kastamonu,Cide,Karadeniz,41.9006,32.9778,2021-12-02T22:27:00.000Z,13.0,,mgm,0
17446,İNEBOLU KUZEY MENDİREK FENERİ,Kastamonu,İnebolu,Karadeniz,41.9817,33.7769,2021-12-02T22:27:00.000Z,13.2,,mgm,0
17452,YALOVA SAMANLIDERE TALİ (DOĞU) MENDİREK FENERİ,Yalova,Merkez,Marmara,40.660597,29.246969,2021-12-02T22:27:00.000Z,13.9,,mgm,0
17467,HOPA ANA MENDİREK FENERİ,Artvin,Hopa,Karadeniz,41.420291,41.429843,2021-12-02T22:27:00.000Z,11.0,,mgm,0
17491,GEVAŞ AKDAMAR FENERİ,Van,Gevaş,Van Gölü,38.309988,43.041398,2021-12-02T22:27:00.000Z,10.7,,mgm,0
17386,BODRUM KARAADA SIĞLIK IŞIKLI ŞAMANDIRA,Muğla,Bodrum,Ege,37.0081,27.4142,2021-12-02T22:28:00.000Z,20.9,,mgm,0
17436,ENEZ TALİ MENDİREK FENERİ,Edirne,Enez,Ege,40.698218,26.051263,2021-12-02T22:28:00.000Z,13.5,,mgm,0
17460,ÜNYE BALIKÇI BARINAĞI ANA MENDİREK FENERİ,Ordu,Ünye,Karadeniz,41.116448,37.348722,2021-12-02T22:28:00.000Z,13.4,,mgm,0
17482,VAN LİMAN,Van,Tuşba,Van Gölü,38.51486,43.307362,2021-12-02T22:28:00.000Z,9.8,,mgm,0
17484,ADİLCEVAZ LİMAN,Bitlis,Adilcevaz,Van Gölü,38.797236,42.729931,2021-12-02T22:28:00.000Z,4.9,,mgm,0
17489,MUDANYA/GÜZELYALI BALIKÇI BARINAĞI,Bursa,Mudanya,Marmara,40.35612,28.934036,2021-12-02T22:28:00.000Z,12.4,,mgm,0
17450,BODRUM YALIKAVAK GEMİTAŞI FENERİ,Muğla,Bodrum,Ege,37.150133,27.263333,2021-12-02T22:29:00.000Z,18.5,,mgm,0
17466,ÇAYELİ BALIKÇI BARINAĞI TALİ MENDİREK FENERİ,Rize,Çayeli,Karadeniz,41.090095,40.722557,2021-12-02T22:29:00.000Z,13.3,,mgm,0
17470,İNCEBURUN (YILDIZADASI) MARMARİS FENERİ,Muğla,Marmaris,Akdeniz,36.813936,28.265907,2021-12-02T22:29:00.000Z,20.7,,mgm,0
17471,FETHİYE/KIZILADA FENERİ,Muğla,Fethiye,Akdeniz,36.653003,29.044002,2021-12-02T22:29:00.000Z,21.3,,mgm,0
17473,KAŞ BAYINDIR ANA MENDİREK FENERİ,Antalya,Kaş,Akdeniz,36.183225,29.642011,2021-12-02T22:29:00.000Z,20.2,,mgm,0
17476,KONYAALTI/ANTALYA YENİ LİMAN ANA MENDİREK FENERİ,Antalya,Konyaaltı,Akdeniz,36.834011,30.616572,2021-12-02T22:29:00.000Z,20.7,,mgm,0
17479,SİLİFKE/TAŞUCU SEKA ANA MENDİREK FENERİ,Mersin,Silifke,Akdeniz,36.309162,33.889845,2021-12-02T22:29:00.000Z,19.1,,mgm,0
17465,ARAKLI BALIKÇI BARINAĞI TALİ MENDİREK FENERİ,Trabzon,Araklı,Karadeniz,40.945081,40.053776,2021-12-02T22:30:00.000Z,12.4,,mgm,0
17472,FETHİYE/İBLİSBURNU DÖKÜNTÜTAŞ FENERİ,Muğla,Fethiye,Akdeniz,36.5455556,29.0108333,2021-12-02T22:30:00.000Z,21.2,,mgm,0
17474,FİNİKE BALIKÇI BARINAĞI ANA MENDİREK FENER,Antalya,Finike,Akdeniz,36.2953,30.1533,2021-12-02T22:30:00.000Z,20.2,,mgm,0
17483,TATVAN LİMAN,Bitlis,Tatvan,Van Gölü,38.512592,42.302103,2021-12-02T22:30:00.000Z,2.7,,mgm,0
17015,AKÇAKOCA,Düzce,Akçakoca,Karadeniz,41.089528,31.143039,2022-01-22T06:00:00.000Z,9.4,,turkiye.gov.tr,1
17024,İNEBOLU,Kastamonu,İnebolu,Karadeniz,41.978937,33.762945,2022-01-22T06:00:00.000Z,8.9,,turkiye.gov.tr,1
17026,SİNOP,Sinop,Merkez,Karadeniz,42.029821,35.154286,2022-01-22T06:00:00.000Z,9.6,,turkiye.gov.tr,1
17030,SAMSUN BÖLGE,Samsun,Atakum,Karadeniz,41.344286,36.255794,2022-01-22T06:00:00.000Z,9.9,,turkiye.gov.tr,1
17033,ORDU,Ordu,Altınordu,Karadeniz,40.983833,37.885833,2022-01-22T06:00:00.000Z,8.5,,turkiye.gov.tr,1
17034,GİRESUN,Giresun,Merkez,Karadeniz,40.922667,38.387833,2022-01-22T06:00:00.000Z,10.3,,turkiye.gov.tr,1
17038,TRABZON HAVALİMANI,Trabzon,Ortahisar,Karadeniz,40.999133,39.779248,2022-01-22T06:00:00.000Z,7.6,,turkiye.gov.tr,1
17040,RİZE,Rize,Merkez,Karadeniz,41.04,40.501333,2022-01-22T06:00:00.000Z,8.3,,turkiye.gov.tr,1
17042,HOPA,Artvin,Hopa,Karadeniz,41.4065,41.433,2022-01-22T06:00:00.000Z,11.0,,turkiye.gov.tr,1
17056,TEKİRDAĞ,Tekirdağ,Süleymanpaşa,Marmara,40.957959,27.496181,2022-01-22T06:00:00.000Z,9.3,,turkiye.gov.tr,1
17059,SARIYER/KUMKÖY-KİLYOS,İstanbul,Sarıyer,Karadeniz,41.25047,29.038367,2022-01-22T06:00:00.000Z,8.0,,turkiye.gov.tr,1
17112,ÇANAKKALE,Çanakkale,Merkez,Marmara,40.141428,26.399616,2022-01-22T06:00:00.000Z,10.7,,turkiye.gov.tr,1
17175,AYVALIK,Balıkesir,Ayvalık,Ege,39.311292,26.686445,2022-01-22T06:00:00.000Z,13.2,,turkiye.gov.tr,1
17180,DİKİLİ,İzmir,Dikili,Ege,39.073861,26.888093,2022-01-22T06:00:00.000Z,14.5,,turkiye.gov.tr,1
17220,İZMİR BÖLGE,İzmir,Konak,Ege,38.3945,27.0821,2022-01-22T06:00:00.000Z,10.5,,turkiye.gov.tr,1
17232,KUŞADASI,Aydın,Kuşadası,Ege,37.859636,27.265115,2022-01-22T06:00:00.000Z,17.4,,turkiye.gov.tr,1
17290,BODRUM,Muğla,Bodrum,Ege,37.032611,27.439801,2022-01-22T06:00:00.000Z,18.0,,turkiye.gov.tr,1
17296,FETHİYE,Muğla,Fethiye,Akdeniz,36.626611,29.123804,2022-01-22T06:00:00.000Z,18.1,,turkiye.gov.tr,1
17297,DATÇA,Muğla,Datça,Ege,36.707945,27.691918,2022-01-22T06:00:00.000Z,17.6,,turkiye.gov.tr,1
17298,MARMARİS,Muğla,Marmaris,Akdeniz,36.83926,28.244995,2022-01-22T06:00:00.000Z,16.9,,turkiye.gov.tr,1
17302,ANTALYA BÖLGE,Antalya,Muratpaşa,Akdeniz,36.885073,30.682793,2022-01-22T06:00:00.000Z,17.2,,turkiye.gov.tr,1
17310,ALANYA,Antalya,Alanya,Akdeniz,36.54999,31.979822,2022-01-22T06:00:00.000Z,17.2,,turkiye.gov.tr,1
17320,ANAMUR,Mersin,Anamur,Akdeniz,36.068614,32.864876,2022-01-22T06:00:00.000Z,17.0,,turkiye.gov.tr,1
17340,MERSİN,Mersin,Yenişehir,Akdeniz,36.780904,34.603125,2022-01-22T06:00:00.000Z,15.4,,turkiye.gov.tr,1
17370,İSKENDERUN,Hatay,İskenderun,Akdeniz,36.592358,36.158158,2022-01-22T06:00:00.000Z,15.2,,turkiye.gov.tr,1
17375,FİNİKE,Antalya,Finike,Akdeniz,36.3024,30.1458,2022-01-22T06:00:00.000Z,16.7,,turkiye.gov.tr,1
17380,KAŞ,Antalya,Kaş,Akdeniz,36.200579,29.649995,2022-01-22T06:00:00.000Z,18.2,,turkiye.gov.tr,1
17381,KUŞADASI 3. NOLU ŞAMANDIRA,Aydın,Kuşadası,Ege,37.8458,27.2194,2022-01-22T06:00:00.000Z,17.1,,turkiye.gov.tr,1
17384,URLA/KUBİLAY SIĞLIĞI IŞIKLI ŞAMANDIRA,İzmir,Urla,Ege,38.4467,26.7175,2022-01-22T06:00:00.000Z,14.8,,turkiye.gov.tr,1
17386,BODRUM KARAADA SIĞLIK IŞIKLI ŞAMANDIRA,Muğla,Bodrum,Ege,37.0081,27.4142,2022-01-22T06:00:00.000Z,18.3,,turkiye.gov.tr,1
17389,ADALAR ŞAMANDIRA,İstanbul,Adalar,Marmara,40.93278,28.94889,2022-01-22T06:00:00.000Z,7.0,,turkiye.gov.tr,1
17394,SİLİFKE/TAŞUCU AÇIKLARI ŞAMANDIRA,Mersin,Silifke,Akdeniz,36.138023,33.863951,2022-01-22T06:00:00.000Z,19.0,,turkiye.gov.tr,1
17421,AYVALIK KANAL SANCAK A FENERİ,Balıkesir,Ayvalık,Ege,39.323394,26.640546,2022-01-22T06:00:00.000Z,13.3,,turkiye.gov.tr,1
17422,BANDIRMA KUZEY MENDİREK FENERİ,Balıkesir,Bandırma,Marmara,40.358554,27.958451,2022-01-22T06:00:00.000Z,8.9,,turkiye.gov.tr,1
17423,MARMARA BARINAK ANA MENDİREK FENERİ,Balıkesir,Marmara,Marmara,40.583839,27.560849,2022-01-22T06:00:00.000Z,8.9,,turkiye.gov.tr,1
17424,MARMARA/SARAYLAR KÖYÜ BARINAK (SANDAL BASENİ) FENERİ,Balıkesir,Marmara,Marmara,40.657488,27.662533,2022-01-22T06:00:00.000Z,9.2,,turkiye.gov.tr,1
17426,BARTIN GÜNEY MENDİREK FENERİ,Bartın,Merkez,Karadeniz,41.6864,32.2261,2022-01-22T06:00:00.000Z,7.8,,turkiye.gov.tr,1
17428,AYVACIK/GÜLPINAR ANA MENDİREK FENERİ,Çanakkale,Ayvacık,Ege,39.5658,26.0967,2022-01-22T06:00:00.000Z,13.8,,turkiye.gov.tr,1
17429,ECEABAT/KABATEPE GÜNEY MENDİREK FENERİ,Çanakkale,Eceabat,Ege,40.2019,26.2669,2022-01-22T06:00:00.000Z,14.1,,turkiye.gov.tr,1
17431,BİGA/KARABİGA BAR. (B) NOKTASI GÜNEY MEN. FENERİ,Çanakkale,Biga,Marmara,40.399583,27.305591,2022-01-22T06:00:00.000Z,8.8,,turkiye.gov.tr,1
17432,EZİNE/GEYİKLİ ODUNLUK İSKELE FENERİ,Çanakkale,Ezine,Ege,39.818998,26.160008,2022-01-22T06:00:00.000Z,13.1,,turkiye.gov.tr,1
17434,EZİNE YENİKÖY BAL.BAR. ANA MENDİREK FENERİ,Çanakkale,Ezine,Ege,39.9447,26.1611,2022-01-22T06:00:00.000Z,14.4,,turkiye.gov.tr,1
17436,ENEZ TALİ MENDİREK FENERİ,Edirne,Enez,Ege,40.698218,26.051263,2022-01-22T06:00:00.000Z,11.9,,turkiye.gov.tr,1
17438,SİLİVRİ ANA MENDİREK FENERİ,İstanbul,Silivri,Marmara,41.072866,28.238398,2022-01-22T06:00:00.000Z,8.8,,turkiye.gov.tr,1
17440,URLA BALIKÇI BARINAĞI MENDİREK FENERİ,İzmir,Urla,Ege,38.364761,26.772665,2022-01-22T06:00:00.000Z,10.9,,turkiye.gov.tr,1
17442,KONAK/İZMİR PASAPORT MENDİREK FENERİ,İzmir,Konak,Ege,38.429236,27.131698,2022-01-22T06:00:00.000Z,10.4,,turkiye.gov.tr,1
17445,CİDE KUZEY MENDİREK FENERİ,Kastamonu,Cide,Karadeniz,41.9006,32.9778,2022-01-22T06:00:00.000Z,8.0,,turkiye.gov.tr,1
17446,İNEBOLU KUZEY MENDİREK FENERİ,Kastamonu,İnebolu,Karadeniz,41.9817,33.7769,2022-01-22T06:00:00.000Z,8.6,,turkiye.gov.tr,1
17447,VİZE/MİDYE KIYIKÖY BATI MENDİREK FENERİ (ANA),Kırklareli,Vize,Karadeniz,41.630847,28.101353,2022-01-22T06:00:00.000Z,6.9,,turkiye.gov.tr,1
17448,TUZLA İTÜ GÜNEY MENDİREK FENERİ,İstanbul,Tuzla,Marmara,40.811828,29.297373,2022-01-22T06:00:00.000Z,8.9,,turkiye.gov.tr,1
17450,BODRUM YALIKAVAK GEMİTAŞI FENERİ,Muğla,Bodrum,Ege,37.150133,27.263333,2022-01-22T06:00:00.000Z,15.7,,turkiye.gov.tr,1
17452,YALOVA SAMANLIDERE TALİ (DOĞU) MENDİREK FENERİ,Yalova,Merkez,Marmara,40.660597,29.246969,2022-01-22T06:00:00.000Z,8.9,,turkiye.gov.tr,1
17460,ÜNYE BALIKÇI BARINAĞI ANA MENDİREK FENERİ,Ordu,Ünye,Karadeniz,41.116448,37.348722,2022-01-22T06:00:00.000Z,8.7,,turkiye.gov.tr,1
17464,TRABZON LİMANI ANA MENDİREK FENERİ,Trabzon,Ortahisar,Karadeniz,41.006776,39.750108,2022-01-22T06:00:00.000Z,7.7,,turkiye.gov.tr,1
17465,ARAKLI BALIKÇI BARINAĞI TALİ MENDİREK FENERİ,Trabzon,Araklı,Karadeniz,40.945081,40.053776,2022-01-22T06:00:00.000Z,7.8,,turkiye.gov.tr,1
17466,ÇAYELİ BALIKÇI BARINAĞI TALİ MENDİREK FENERİ,Rize,Çayeli,Karadeniz,41.090095,40.722557,2022-01-22T06:00:00.000Z,8.5,,turkiye.gov.tr,1
17467,HOPA ANA MENDİREK FENERİ,Artvin,Hopa,Karadeniz,41.420291,41.429843,2022-01-22T06:00:00.000Z,10.2,,turkiye.gov.tr,1
17470,İNCEBURUN (YILDIZADASI) MARMARİS FENERİ,Muğla,Marmaris,Akdeniz,36.813936,28.265907,2022-01-22T06:00:00.000Z,16.8,,turkiye.gov.tr,1
17472,FETHİYE/İBLİSBURNU DÖKÜNTÜTAŞ FENERİ,Muğla,Fethiye,Akdeniz,36.5455556,29.0108333,2022-01-22T06:00:00.000Z,17.9,,turkiye.gov.tr,1
17473,KAŞ BAYINDIR ANA MENDİREK FENERİ,Antalya,Kaş,Akdeniz,36.183225,29.642011,2022-01-22T06:00:00.000Z,17.9,,turkiye.gov.tr,1
17474,FİNİKE BALIKÇI BARINAĞI ANA MENDİREK FENER,Antalya,Finike,Akdeniz,36.2953,30.1533,2022-01-22T06:00:00.000Z,17.5,,turkiye.gov.tr,1
17476,KONYAALTI/ANTALYA YENİ LİMAN ANA MENDİREK FENERİ,Antalya,Konyaaltı,Akdeniz,36.834011,30.616572,2022-01-22T06:00:00.000Z,16.5,,turkiye.gov.tr,1
17479,SİLİFKE/TAŞUCU SEKA ANA MENDİREK FENERİ,Mersin,Silifke,Akdeniz,36.309162,33.889845,2022-01-22T06:00:00.000Z,15.3,,turkiye.gov.tr,1
17482,VAN LİMAN,Van,Tuşba,Van Gölü,38.51486,43.307362,2022-01-22T06:00:00.000Z,1.8,,turkiye.gov.tr,1
17483,TATVAN LİMAN,Bitlis,Tatvan,Van Gölü,38.512592,42.302103,2022-01-22T06:00:00.000Z,4.7,,turkiye.gov.tr,1
17484,ADİLCEVAZ LİMAN,Bitlis,Adilcevaz,Van Gölü,38.797236,42.729931,2022-01-22T06:00:00.000Z,3.2,,turkiye.gov.tr,1
17489,MUDANYA/GÜZELYALI BALIKÇI BARINAĞI,Bursa,Mudanya,Marmara,40.35612,28.934036,2022-01-22T06:00:00.000Z,7.8,,turkiye.gov.tr,1
17491,GEVAŞ AKDAMAR FENERİ,Van,Gevaş,Van Gölü,38.309988,43.041398,2022-01-22T06:00:00.000Z,4.3,,turkiye.gov.tr,1
17015,AKÇAKOCA,Düzce,Akçakoca,Karadeniz,41.089528,31.143039,2022-01-31T09:00:00.000Z,8.2,,mgm,0
17024,İNEBOLU,Kastamonu,İnebolu,Karadeniz,41.978937,33.762945,2022-01-31T09:00:00.000Z,8.7,,mgm,0
17026,SİNOP,Sinop,Merkez,Karadeniz,42.029821,35.154286,2022-01-31T09:00:00.000Z,8.8,,mgm,0
17030,SAMSUN BÖLGE,Samsun,Atakum,Karadeniz,41.344286,36.255794,2022-01-31T09:00:00.000Z,9.0,,mgm,0
17033,ORDU,Ordu,Altınordu,Karadeniz,40.983833,37.885833,2022-01-31T09:00:00.000Z,8.1,,mgm,0
17034,GİRESUN,Giresun,Merkez,Karadeniz,40.922667,38.387833,2022-01-31T09:00:00.000Z,10.0,,mgm,0
17038,TRABZON HAVALİMANI,Trabzon,Ortahisar,Karadeniz,40.999133,39.779248,2022-01-31T09:00:00.000Z,7.3,,mgm,0
17040,RİZE,Rize,Merkez,Karadeniz,41.04,40.501333,2022-01-31T09:00:00.000Z,7.9,,mgm,0
17042,HOPA,Artvin,Hopa,Karadeniz,41.4065,41.433,2022-01-31T09:00:00.000Z,9.9,,mgm,0
17056,TEKİRDAĞ,Tekirdağ,Süleymanpaşa,Marmara,40.957959,27.496181,2022-01-31T09:00:00.000Z,8.3,,mgm,0
17059,SARIYER/KUMKÖY-KİLYOS,İstanbul,Sarıyer,Karadeniz,41.25047,29.038367,2022-01-31T09:00:00.000Z,7.4,,mgm,0
17112,ÇANAKKALE,Çanakkale,Merkez,Marmara,40.141428,26.399616,2022-01-31T09:00:00.000Z,9.1,,mgm,0
17175,AYVALIK,Balıkesir,Ayvalık,Ege,39.311292,26.686445,2022-01-31T09:00:00.000Z,12.0,,mgm,0
17180,DİKİLİ,İzmir,Dikili,Ege,39.073861,26.888093,2022-01-31T09:00:00.000Z,13.7,,mgm,0
17220,İZMİR BÖLGE,İzmir,Konak,Ege,38.3945,27.0821,2022-01-31T09:00:00.000Z,9.4,,mgm,0
17232,KUŞADASI,Aydın,Kuşadası,Ege,37.859636,27.265115,2022-01-31T09:00:00.000Z,16.8,,mgm,0
17290,BODRUM,Muğla,Bodrum,Ege,37.032611,27.439801,2022-01-31T09:00:00.000Z,17.8,,mgm,0
17296,FETHİYE,Muğla,Fethiye,Akdeniz,36.626611,29.123804,2022-01-31T09:00:00.000Z,17.8,,mgm,0
17297,DATÇA,Muğla,Datça,Ege,36.707945,27.691918,2022-01-31T09:00:00.000Z,17.4,,mgm,0
17298,MARMARİS,Muğla,Marmaris,Akdeniz,36.83926,28.244995,2022-01-31T09:00:00.000Z,16.8,,mgm,0
17302,ANTALYA BÖLGE,Antalya,Muratpaşa,Akdeniz,36.885073,30.682793,2022-01-31T09:00:00.000Z,16.6,,mgm,0
17310,ALANYA,Antalya,Alanya,Akdeniz,36.54999,31.979822,2022-01-31T09:00:00.000Z,17.0,,mgm,0
17320,ANAMUR,Mersin,Anamur,Akdeniz,36.068614,32.864876,2022-01-31T09:00:00.000Z,16.5,,mgm,0
17340,MERSİN,Mersin,Yenişehir,Akdeniz,36.780904,34.603125,2022-01-31T09:00:00.000Z,14.0,,mgm,0
17370,İSKENDERUN,Hatay,İskenderun,Akdeniz,36.592358,36.158158,2022-01-31T09:00:00.000Z,15.3,,mgm,0
17375,FİNİKE,Antalya,Finike,Akdeniz,36.3024,30.1458,2022-01-31T09:00:00.000Z,17.2,,mgm,0
17424,MARMARA/SARAYLAR KÖYÜ BARINAK (SANDAL BASENİ) FENERİ,Balıkesir,Marmara,Marmara,40.657488,27.662533,2022-01-31T16:41:00.000Z,9.2,,mgm,0
17429,ECEABAT/KABATEPE GÜNEY MENDİREK FENERİ,Çanakkale,Eceabat,Ege,40.2019,26.2669,2022-01-31T16:52:00.000Z,11.4,,mgm,0
17422,BANDIRMA KUZEY MENDİREK FENERİ,Balıkesir,Bandırma,Marmara,40.358554,27.958451,2022-01-31T21:29:00.000Z,8.1,,mgm,0
17440,URLA BALIKÇI BARINAĞI MENDİREK FENERİ,İzmir,Urla,Ege,38.364761,26.772665,2022-01-31T21:29:00.000Z,13.5,,mgm,0
17447,VİZE/MİDYE KIYIKÖY BATI MENDİREK FENERİ (ANA),Kırklareli,Vize,Karadeniz,41.630847,28.101353,2022-01-31T21:29:00.000Z,6.7,,mgm,0
17421,AYVALIK KANAL SANCAK A FENERİ,Balıkesir,Ayvalık,Ege,39.323394,26.640546,2022-01-31T21:30:00.000Z,13.2,,mgm,0
17423,MARMARA BARINAK ANA MENDİREK FENERİ,Balıkesir,Marmara,Marmara,40.583839,27.560849,2022-01-31T21:30:00.000Z,8.2,,mgm,0
17438,SİLİVRİ ANA MENDİREK FENERİ,İstanbul,Silivri,Marmara,41.072866,28.238398,2022-01-31T21:30:00.000Z,7.9,,mgm,0
17442,KONAK/İZMİR PASAPORT MENDİREK FENERİ,İzmir,Konak,Ege,38.429236,27.131698,2022-01-31T21:30:00.000Z,9.9,,mgm,0
17448,TUZLA İTÜ GÜNEY MENDİREK FENERİ,İstanbul,Tuzla,Marmara,40.811828,29.297373,2022-01-31T21:30:00.000Z,8.1,,mgm,0
17381,KUŞADASI 3. NOLU ŞAMANDIRA,Aydın,Kuşadası,Ege,37.8458,27.2194,2022-01-31T21:33:00.000Z,16.5,,mgm,0
17384,URLA/KUBİLAY SIĞLIĞI IŞIKLI ŞAMANDIRA,İzmir,Urla,Ege,38.4467,26.7175,2022-01-31T21:33:00.000Z,15.4,,mgm,0
17389,ADALAR ŞAMANDIRA,İstanbul,Adalar,Marmara,40.93278,28.94889,2022-01-31T21:33:00.000Z,6.3,,mgm,0
17428,AYVACIK/GÜLPINAR ANA MENDİREK FENERİ,Çanakkale,Ayvacık,Ege,39.5658,26.0967,2022-01-31T21:33:00.000Z,14.4,,mgm,0
17431,BİGA/KARABİGA BAR. (B) NOKTASI GÜNEY MEN. FENERİ,Çanakkale,Biga,Marmara,40.399583,27.305591,2022-01-31T21:33:00.000Z,9.1,,mgm,0
17432,EZİNE/GEYİKLİ ODUNLUK İSKELE FENERİ,Çanakkale,Ezine,Ege,39.818998,26.160008,2022-01-31T21:33:00.000Z,14.6,,mgm,0
17433,GÖKÇEADA UĞURLU LİMAN FENERİ,Çanakkale,Gökçeada,Ege,40.1153,25.6989,2022-01-31T21:33:00.000Z,11.7,,mgm,0
17434,EZİNE YENİKÖY BAL.BAR. ANA MENDİREK FENERİ,Çanakkale,Ezine,Ege,39.9447,26.1611,2022-01-31T21:33:00.000Z,14.5,,mgm,0
17445,CİDE KUZEY MENDİREK FENERİ,Kastamonu,Cide,Karadeniz,41.9006,32.9778,2022-01-31T21:33:00.000Z,8.5,,mgm,0
17446,İNEBOLU KUZEY MENDİREK FENERİ,Kastamonu,İnebolu,Karadeniz,41.9817,33.7769,2022-01-31T21:33:00.000Z,8.8,,mgm,0
17452,YALOVA SAMANLIDERE TALİ (DOĞU) MENDİREK FENERİ,Yalova,Merkez,Marmara,40.660597,29.246969,2022-01-31T21:33:00.000Z,8.6,,mgm,0
17467,HOPA ANA MENDİREK FENERİ,Artvin,Hopa,Karadeniz,41.420291,41.429843,2022-01-31T21:33:00.000Z,10.3,,mgm,0
17491,GEVAŞ AKDAMAR FENERİ,Van,Gevaş,Van Gölü,38.309988,43.041398,2022-01-31T21:33:00.000Z,4.5,,mgm,0
17386,BODRUM KARAADA SIĞLIK IŞIKLI ŞAMANDIRA,Muğla,Bodrum,Ege,37.0081,27.4142,2022-01-31T21:34:00.000Z,17.9,,mgm,0
17436,ENEZ TALİ MENDİREK FENERİ,Edirne,Enez,Ege,40.698218,26.051263,2022-01-31T21:34:00.000Z,10.5,,mgm,0
17450,BODRUM YALIKAVAK GEMİTAŞI FENERİ,Muğla,Bodrum,Ege,37.150133,27.263333,2022-01-31T21:34:00.000Z,15.5,,mgm,0
17460,ÜNYE BALIKÇI BARINAĞI ANA MENDİREK FENERİ,Ordu,Ünye,Karadeniz,41.116448,37.348722,2022-01-31T21:34:00.000Z,8.2,,mgm,0
17464,TRABZON LİMANI ANA MENDİREK FENERİ,Trabzon,Ortahisar,Karadeniz,41.006776,39.750108,2022-01-31T21:34:00.000Z,7.4,,mgm,0
17466,ÇAYELİ BALIKÇI BARINAĞI TALİ MENDİREK FENERİ,Rize,Çayeli,Karadeniz,41.090095,40.722557,2022-01-31T21:34:00.000Z,8.2,,mgm,0
17473,KAŞ BAYINDIR ANA MENDİREK FENERİ,Antalya,Kaş,Akdeniz,36.183225,29.642011,2022-01-31T21:34:00.000Z,17.9,,mgm,0
17474,FİNİKE BALIKÇI BARINAĞI ANA MENDİREK FENER,Antalya,Finike,Akdeniz,36.2953,30.1533,2022-01-31T21:34:00.000Z,17.9,,mgm,0
17476,KONYAALTI/ANTALYA YENİ LİMAN ANA MENDİREK FENERİ,Antalya,Konyaaltı,Akdeniz,36.834011,30.616572,2022-01-31T21:34:00.000Z,15.1,,mgm,0
17482,VAN LİMAN,Van,Tuşba,Van Gölü,38.51486,43.307362,2022-01-31T21:34:00.000Z,4.1,,mgm,0
17483,TATVAN LİMAN,Bitlis,Tatvan,Van Gölü,38.512592,42.302103,2022-01-31T21:34:00.000Z,4.6,,mgm,0
17484,ADİLCEVAZ LİMAN,Bitlis,Adilcevaz,Van Gölü,38.797236,42.729931,2022-01-31T21:34:00.000Z,2.4,,mgm,0
17489,MUDANYA/GÜZELYALI BALIKÇI BARINAĞI,Bursa,Mudanya,Marmara,40.35612,28.934036,2022-01-31T21:34:00.000Z,7.3,,mgm,0
17470,İNCEBURUN (YILDIZADASI) MARMARİS FENERİ,Muğla,Marmaris,Akdeniz,36.813936,28.265907,2022-01-31T21:35:00.000Z,16.3,,mgm,0
17465,ARAKLI BALIKÇI BARINAĞI TALİ MENDİREK FENERİ,Trabzon,Araklı,Karadeniz,40.945081,40.053776,2022-01-31T21:36:00.000Z,7.3,,mgm,0
17472,FETHİYE/İBLİSBURNU DÖKÜNTÜTAŞ FENERİ,Muğla,Fethiye,Akdeniz,36.5455556,29.0108333,2022-01-31T21:36:00.000Z,18.0,,mgm,0
17015,AKÇAKOCA,Düzce,Akçakoca,Karadeniz,41.089528,31.143039,2022-05-17T09:00:00.000Z,13.6,,mgm,0
17024,İNEBOLU,Kastamonu,İnebolu,Karadeniz,41.978937,33.762945,2022-05-17T09:00:00.000Z,12.3,,mgm,0
17026,SİNOP,Sinop,Merkez,Karadeniz,42.029821,35.154286,2022-05-17T09:00:00.000Z,15.8,,mgm,0
17030,SAMSUN BÖLGE,Samsun,Atakum,Karadeniz,41.344286,36.255794,2022-05-17T09:00:00.000Z,15.7,,mgm,0
17033,ORDU,Ordu,Altınordu,Karadeniz,40.983833,37.885833,2022-05-17T09:00:00.000Z,14.5,,mgm,0
17034,GİRESUN,Giresun,Merkez,Karadeniz,40.922667,38.387833,2022-05-17T09:00:00.000Z,14.9,,mgm,0
17038,TRABZON HAVALİMANI,Trabzon,Ortahisar,Karadeniz,40.999133,39.779248,2022-05-17T09:00:00.000Z,11.0,,mgm,0
17040,RİZE,Rize,Merkez,Karadeniz,41.04,40.501333,2022-05-17T09:00:00.000Z,12.3,,mgm,0
17042,HOPA,Artvin,Hopa,Karadeniz,41.4065,41.433,2022-05-17T09:00:00.000Z,16.0,,mgm,0
17044,RİZE ARTVİN HAVALİMANI,Rize,Pazar,Karadeniz,41.177687,40.835223,2022-05-17T09:00:00.000Z,16.7,,mgm,0
17056,TEKİRDAĞ,Tekirdağ,Süleymanpaşa,Marmara,40.957959,27.496181,2022-05-17T09:00:00.000Z,16.5,,mgm,0
17059,SARIYER/KUMKÖY-KİLYOS,İstanbul,Sarıyer,Karadeniz,41.25047,29.038367,2022-05-17T09:00:00.000Z,15.0,,mgm,0
17112,ÇANAKKALE,Çanakkale,Merkez,Marmara,40.141428,26.399616,2022-05-17T09:00:00.000Z,15.6,,mgm,0
17175,AYVALIK,Balıkesir,Ayvalık,Ege,39.311292,26.686445,2022-05-17T09:00:00.000Z,16.6,,mgm,0
17180,DİKİLİ,İzmir,Dikili,Ege,39.073861,26.888093,2022-05-17T09:00:00.000Z,18.9,,mgm,0
17220,İZMİR BÖLGE,İzmir,Konak,Ege,38.3945,27.0821,2022-05-17T09:00:00.000Z,22.0,,mgm,0
17232,KUŞADASI,Aydın,Kuşadası,Ege,37.859636,27.265115,2022-05-17T09:00:00.000Z,20.3,,mgm,0
17290,BODRUM,Muğla,Bodrum,Ege,37.032611,27.439801,2022-05-17T09:00:00.000Z,19.2,,mgm,0
17296,FETHİYE,Muğla,Fethiye,Akdeniz,36.626611,29.123804,2022-05-17T09:00:00.000Z,20.7,,mgm,0
17297,DATÇA,Muğla,Datça,Ege,36.707945,27.691918,2022-05-17T09:00:00.000Z,18.6,,mgm,0
17298,MARMARİS,Muğla,Marmaris,Akdeniz,36.83926,28.244995,2022-05-17T09:00:00.000Z,19.5,,mgm,0
17302,ANTALYA BÖLGE,Antalya,Muratpaşa,Akdeniz,36.885073,30.682793,2022-05-17T09:00:00.000Z,20.6,,mgm,0
17310,ALANYA,Antalya,Alanya,Akdeniz,36.54999,31.979822,2022-05-17T09:00:00.000Z,21.9,,mgm,0
17320,ANAMUR,Mersin,Anamur,Akdeniz,36.068614,32.864876,2022-05-17T09:00:00.000Z,20.0,,mgm,0
17340,MERSİN,Mersin,Yenişehir,Akdeniz,36.780904,34.603125,2022-05-17T09:00:00.000Z,20.6,,mgm,0
17370,İSKENDERUN,Hatay,İskenderun,Akdeniz,36.592358,36.158158,2022-05-17T09:00:00.000Z,20.0,,mgm,0
17375,FİNİKE,Antalya,Finike,Akdeniz,36.3024,30.1458,2022-05-17T09:00:00.000Z,21.2,,mgm,0
17380,KAŞ,Antalya,Kaş,Akdeniz,36.200579,29.649995,2022-05-17T09:00:00.000Z,19.9,,mgm,0
17445,CİDE KUZEY MENDİREK FENERİ,Kastamonu,Cide,Karadeniz,41.9006,32.9778,2022-05-17T09:00:00.000Z,14.0,,mgm,0
17459,İLKADIM/SAMSUN LİMAN KUZEY MENDİREK FENERİ,Samsun,İlkadım,Karadeniz,41.309587,36.355678,2022-05-17T11:25:00.000Z,16.5,,mgm,0
17482,VAN LİMAN,Van,Tuşba,Van Gölü,38.51486,43.307362,2022-05-17T11:29:00.000Z,16.0,,mgm,0
17421,AYVALIK KANAL SANCAK A FENERİ,Balıkesir,Ayvalık,Ege,39.323394,26.640546,2022-05-17T11:41:00.000Z,19.6,,mgm,0
17381,KUŞADASI 3. NOLU ŞAMANDIRA,Aydın,Kuşadası,Ege,37.8458,27.2194,2022-05-17T11:42:00.000Z,20.5,,mgm,0
17384,URLA/KUBİLAY SIĞLIĞI IŞIKLI ŞAMANDIRA,İzmir,Urla,Ege,38.4467,26.7175,2022-05-17T11:42:00.000Z,23.1,,mgm,0
17389,ADALAR ŞAMANDIRA,İstanbul,Adalar,Marmara,40.93278,28.94889,2022-05-17T11:42:00.000Z,14.8,,mgm,0
17422,BANDIRMA KUZEY MENDİREK FENERİ,Balıkesir,Bandırma,Marmara,40.358554,27.958451,2022-05-17T11:42:00.000Z,18.7,,mgm,0
17423,MARMARA BARINAK ANA MENDİREK FENERİ,Balıkesir,Marmara,Marmara,40.583839,27.560849,2022-05-17T11:42:00.000Z,19.6,,mgm,0
17425,LAPSEKİ/ZİNCİRBOZAN FENERİ,Çanakkale,Lapseki,Marmara,40.4206,26.7536,2022-05-17T11:42:00.000Z,19.0,,mgm,0
17426,BARTIN GÜNEY MENDİREK FENERİ,Bartın,Merkez,Karadeniz,41.6864,32.2261,2022-05-17T11:42:00.000Z,13.7,,mgm,0
17427,BOZCAADA LİMAN GİRİŞİ GÜNEY MENDİREK FENERİ,Çanakkale,Bozcaada,Ege,39.8341,26.0748,2022-05-17T11:42:00.000Z,16.2,,mgm,0
17428,AYVACIK/GÜLPINAR ANA MENDİREK FENERİ,Çanakkale,Ayvacık,Ege,39.5658,26.0967,2022-05-17T11:42:00.000Z,20.9,,mgm,0
17429,ECEABAT/KABATEPE GÜNEY MENDİREK FENERİ,Çanakkale,Eceabat,Ege,40.2019,26.2669,2022-05-17T11:42:00.000Z,19.3,,mgm,0
17430,GÖKÇEADA KALEKÖY ANA MENDİREK FENERİ,Çanakkale,Gökçeada,Ege,40.2317,25.8914,2022-05-17T11:42:00.000Z,21.3,,mgm,0
17431,BİGA/KARABİGA BAR. (B) NOKTASI GÜNEY MEN. FENERİ,Çanakkale,Biga,Marmara,40.399583,27.305591,2022-05-17T11:42:00.000Z,20.9,,mgm,0
17432,EZİNE/GEYİKLİ ODUNLUK İSKELE FENERİ,Çanakkale,Ezine,Ege,39.818998,26.160008,2022-05-17T11:42:00.000Z,19.1,,mgm,0
17433,GÖKÇEADA UĞURLU LİMAN FENERİ,Çanakkale,Gökçeada,Ege,40.1153,25.6989,2022-05-17T11:42:00.000Z,19.4,,mgm,0
17434,EZİNE YENİKÖY BAL.BAR. ANA MENDİREK FENERİ,Çanakkale,Ezine,Ege,39.9447,26.1611,2022-05-17T11:42:00.000Z,16.4,,mgm,0
17438,SİLİVRİ ANA MENDİREK FENERİ,İstanbul,Silivri,Marmara,41.072866,28.238398,2022-05-17T11:42:00.000Z,16.8,,mgm,0
17440,URLA BALIKÇI BARINAĞI MENDİREK FENERİ,İzmir,Urla,Ege,38.364761,26.772665,2022-05-17T11:42:00.000Z,23.7,,mgm,0
17442,KONAK/İZMİR PASAPORT MENDİREK FENERİ,İzmir,Konak,Ege,38.429236,27.131698,2022-05-17T11:42:00.000Z,22.6,,mgm,0
17446,İNEBOLU KUZEY MENDİREK FENERİ,Kastamonu,İnebolu,Karadeniz,41.9817,33.7769,2022-05-17T11:42:00.000Z,12.4,,mgm,0
17447,VİZE/MİDYE KIYIKÖY BATI MENDİREK FENERİ (ANA),Kırklareli,Vize,Karadeniz,41.630847,28.101353,2022-05-17T11:42:00.000Z,17.3,,mgm,0
17448,TUZLA İTÜ GÜNEY MENDİREK FENERİ,İstanbul,Tuzla,Marmara,40.811828,29.297373,2022-05-17T11:42:00.000Z,17.5,,mgm,0
17452,YALOVA SAMANLIDERE TALİ (DOĞU) MENDİREK FENERİ,Yalova,Merkez,Marmara,40.660597,29.246969,2022-05-17T11:42:00.000Z,16.9,,mgm,0
17453,ZONGULDAK GÜNEY MENDİREK FENERİ,Zonguldak,Merkez,Karadeniz,41.458611,31.779166,2022-05-17T11:42:00.000Z,18.1,,mgm,0
17467,HOPA ANA MENDİREK FENERİ,Artvin,Hopa,Karadeniz,41.420291,41.429843,2022-05-17T11:42:00.000Z,18.2,,mgm,0
17491,GEVAŞ AKDAMAR FENERİ,Van,Gevaş,Van Gölü,38.309988,43.041398,2022-05-17T11:42:00.000Z,16.1,,mgm,0
17386,BODRUM KARAADA SIĞLIK IŞIKLI ŞAMANDIRA,Muğla,Bodrum,Ege,37.0081,27.4142,2022-05-17T11:43:00.000Z,20.0,,mgm,0
17436,ENEZ TALİ MENDİREK FENERİ,Edirne,Enez,Ege,40.698218,26.051263,2022-05-17T11:43:00.000Z,18.5,,mgm,0
17460,ÜNYE BALIKÇI BARINAĞI ANA MENDİREK FENERİ,Ordu,Ünye,Karadeniz,41.116448,37.348722,2022-05-17T11:43:00.000Z,16.9,,mgm,0
17464,TRABZON LİMANI ANA MENDİREK FENERİ,Trabzon,Ortahisar,Karadeniz,41.006776,39.750108,2022-05-17T11:43:00.000Z,12.3,,mgm,0
17466,ÇAYELİ BALIKÇI BARINAĞI TALİ MENDİREK FENERİ,Rize,Çayeli,Karadeniz,41.090095,40.722557,2022-05-17T11:43:00.000Z,14.6,,mgm,0
17470,İNCEBURUN (YILDIZADASI) MARMARİS FENERİ,Muğla,Marmaris,Akdeniz,36.813936,28.265907,2022-05-17T11:43:00.000Z,20.3,,mgm,0
17473,KAŞ BAYINDIR ANA MENDİREK FENERİ,Antalya,Kaş,Akdeniz,36.183225,29.642011,2022-05-17T11:43:00.000Z,21.3,,mgm,0
17474,FİNİKE BALIKÇI BARINAĞI ANA MENDİREK FENER,Antalya,Finike,Akdeniz,36.2953,30.1533,2022-05-17T11:43:00.000Z,21.8,,mgm,0
17476,KONYAALTI/ANTALYA YENİ LİMAN ANA MENDİREK FENERİ,Antalya,Konyaaltı,Akdeniz,36.834011,30.616572,2022-05-17T11:43:00.000Z,21.9,,mgm,0
17483,TATVAN LİMAN,Bitlis,Tatvan,Van Gölü,38.512592,42.302103,2022-05-17T11:43:00.000Z,12.5,,mgm,0
17484,ADİLCEVAZ LİMAN,Bitlis,Adilcevaz,Van Gölü,38.797236,42.729931,2022-05-17T11:43:00.000Z,12.9,,mgm,0
17489,MUDANYA/GÜZELYALI BALIKÇI BARINAĞI,Bursa,Mudanya,Marmara,40.35612,28.934036,2022-05-17T11:43:00.000Z,18.6,,mgm,0
17472,FETHİYE/İBLİSBURNU DÖKÜNTÜTAŞ FENERİ,Muğla,Fethiye,Akdeniz,36.5455556,29.0108333,2022-05-17T11:45:00.000Z,21.1,,mgm,0
17480,KARATAŞ BALIKÇI BARINAĞI TALİ MENDİREK FENERİ,Adana,Karataş,Akdeniz,36.557986,35.383499,2022-05-17T11:45:00.000Z,23.1,,mgm,0
17465,ARAKLI BALIKÇI BARINAĞI TALİ MENDİREK FENERİ,Trabzon,Araklı,Karadeniz,40.945081,40.053776,2022-05-17T11:46:00.000Z,14.0,,mgm,0
17015,AKÇAKOCA,Düzce,Akçakoca,Karadeniz,41.089528,31.143039,2022-05-25T06:00:00.000Z,17.0,,turkiye.gov.tr,1
17024,İNEBOLU,Kastamonu,İnebolu,Karadeniz,41.978937,33.762945,2022-05-25T06:00:00.000Z,15.0,,turkiye.gov.tr,1
17026,SİNOP,Sinop,Merkez,Karadeniz,42.029821,35.154286,2022-05-25T06:00:00.000Z,16.0,,turkiye.gov.tr,1
17030,SAMSUN BÖLGE,Samsun,Atakum,Karadeniz,41.344286,36.255794,2022-05-25T06:00:00.000Z,16.0,,turkiye.gov.tr,1
17033,ORDU,Ordu,Altınordu,Karadeniz,40.983833,37.885833,2022-05-25T06:00:00.000Z,15.2,,turkiye.gov.tr,1
17034,GİRESUN,Giresun,Merkez,Karadeniz,40.922667,38.387833,2022-05-25T06:00:00.000Z,14.6,,turkiye.gov.tr,1
17038,TRABZON HAVALİMANI,Trabzon,Ortahisar,Karadeniz,40.999133,39.779248,2022-05-25T06:00:00.000Z,12.4,,turkiye.gov.tr,1
17040,RİZE,Rize,Merkez,Karadeniz,41.04,40.501333,2022-05-25T06:00:00.000Z,13.0,,turkiye.gov.tr,1
17042,HOPA,Artvin,Hopa,Karadeniz,41.4065,41.433,2022-05-25T06:00:00.000Z,16.2,,turkiye.gov.tr,1
17044,RİZE ARTVİN HAVALİMANI,Rize,Pazar,Karadeniz,41.177687,40.835223,2022-05-25T06:00:00.000Z,14.6,,turkiye.gov.tr,1
17056,TEKİRDAĞ,Tekirdağ,Süleymanpaşa,Marmara,40.957959,27.496181,2022-05-25T06:00:00.000Z,18.5,,turkiye.gov.tr,1
17059,SARIYER/KUMKÖY-KİLYOS,İstanbul,Sarıyer,Karadeniz,41.25047,29.038367,2022-05-25T06:00:00.000Z,16.6,,turkiye.gov.tr,1
17112,ÇANAKKALE,Çanakkale,Merkez,Marmara,40.141428,26.399616,2022-05-25T06:00:00.000Z,16.8,,turkiye.gov.tr,1
17180,DİKİLİ,İzmir,Dikili,Ege,39.073861,26.888093,2022-05-25T06:00:00.000Z,20.2,,turkiye.gov.tr,1
17220,İZMİR BÖLGE,İzmir,Konak,Ege,38.3945,27.0821,2022-05-25T06:00:00.000Z,22.8,,turkiye.gov.tr,1
17232,KUŞADASI,Aydın,Kuşadası,Ege,37.859636,27.265115,2022-05-25T06:00:00.000Z,20.6,,turkiye.gov.tr,1
17290,BODRUM,Muğla,Bodrum,Ege,37.032611,27.439801,2022-05-25T06:00:00.000Z,19.6,,turkiye.gov.tr,1
17296,FETHİYE,Muğla,Fethiye,Akdeniz,36.626611,29.123804,2022-05-25T06:00:00.000Z,21.3,,turkiye.gov.tr,1
17297,DATÇA,Muğla,Datça,Ege,36.707945,27.691918,2022-05-25T06:00:00.000Z,19.5,,turkiye.gov.tr,1
17298,MARMARİS,Muğla,Marmaris,Akdeniz,36.83926,28.244995,2022-05-25T06:00:00.000Z,19.5,,turkiye.gov.tr,1
17302,ANTALYA BÖLGE,Antalya,Muratpaşa,Akdeniz,36.885073,30.682793,2022-05-25T06:00:00.000Z,21.4,,turkiye.gov.tr,1
17310,ALANYA,Antalya,Alanya,Akdeniz,36.54999,31.979822,2022-05-25T06:00:00.000Z,22.5,,turkiye.gov.tr,1
17320,ANAMUR,Mersin,Anamur,Akdeniz,36.068614,32.864876,2022-05-25T06:00:00.000Z,20.6,,turkiye.gov.tr,1
17340,MERSİN,Mersin,Yenişehir,Akdeniz,36.780904,34.603125,2022-05-25T06:00:00.000Z,22.2,,turkiye.gov.tr,1
17370,İSKENDERUN,Hatay,İskenderun,Akdeniz,36.592358,36.158158,2022-05-25T06:00:00.000Z,23.2,,turkiye.gov.tr,1
17375,FİNİKE,Antalya,Finike,Akdeniz,36.3024,30.1458,2022-05-25T06:00:00.000Z,22.1,,turkiye.gov.tr,1
17380,KAŞ,Antalya,Kaş,Akdeniz,36.200579,29.649995,2022-05-25T06:00:00.000Z,20.3,,turkiye.gov.tr,1
17381,KUŞADASI 3. NOLU ŞAMANDIRA,Aydın,Kuşadası,Ege,37.8458,27.2194,2022-05-25T06:00:00.000Z,20.9,,turkiye.gov.tr,1
17384,URLA/KUBİLAY SIĞLIĞI IŞIKLI ŞAMANDIRA,İzmir,Urla,Ege,38.4467,26.7175,2022-05-25T06:00:00.000Z,25.1,,turkiye.gov.tr,1
17386,BODRUM KARAADA SIĞLIK IŞIKLI ŞAMANDIRA,Muğla,Bodrum,Ege,37.0081,27.4142,2022-05-25T06:00:00.000Z,20.9,,turkiye.gov.tr,1
17389,ADALAR ŞAMANDIRA,İstanbul,Adalar,Marmara,40.93278,28.94889,2022-05-25T06:00:00.000Z,15.2,,turkiye.gov.tr,1
17421,AYVALIK KANAL SANCAK A FENERİ,Balıkesir,Ayvalık,Ege,39.323394,26.640546,2022-05-25T06:00:00.000Z,21.2,,turkiye.gov.tr,1
17422,BANDIRMA KUZEY MENDİREK FENERİ,Balıkesir,Bandırma,Marmara,40.358554,27.958451,2022-05-25T06:00:00.000Z,19.7,,turkiye.gov.tr,1
17423,MARMARA BARINAK ANA MENDİREK FENERİ,Balıkesir,Marmara,Marmara,40.583839,27.560849,2022-05-25T06:00:00.000Z,18.7,,turkiye.gov.tr,1
17425,LAPSEKİ/ZİNCİRBOZAN FENERİ,Çanakkale,Lapseki,Marmara,40.4206,26.7536,2022-05-25T06:00:00.000Z,17.6,,turkiye.gov.tr,1
17426,BARTIN GÜNEY MENDİREK FENERİ,Bartın,Merkez,Karadeniz,41.6864,32.2261,2022-05-25T06:00:00.000Z,13.6,,turkiye.gov.tr,1
17427,BOZCAADA LİMAN GİRİŞİ GÜNEY MENDİREK FENERİ,Çanakkale,Bozcaada,Ege,39.8341,26.0748,2022-05-25T06:00:00.000Z,17.0,,turkiye.gov.tr,1
17428,AYVACIK/GÜLPINAR ANA MENDİREK FENERİ,Çanakkale,Ayvacık,Ege,39.5658,26.0967,2022-05-25T06:00:00.000Z,20.5,,turkiye.gov.tr,1
17429,ECEABAT/KABATEPE GÜNEY MENDİREK FENERİ,Çanakkale,Eceabat,Ege,40.2019,26.2669,2022-05-25T06:00:00.000Z,21.0,,turkiye.gov.tr,1
17430,GÖKÇEADA KALEKÖY ANA MENDİREK FENERİ,Çanakkale,Gökçeada,Ege,40.2317,25.8914,2022-05-25T06:00:00.000Z,19.8,,turkiye.gov.tr,1
17431,BİGA/KARABİGA BAR. (B) NOKTASI GÜNEY MEN. FENERİ,Çanakkale,Biga,Marmara,40.399583,27.305591,2022-05-25T06:00:00.000Z,20.8,,turkiye.gov.tr,1
17432,EZİNE/GEYİKLİ ODUNLUK İSKELE FENERİ,Çanakkale,Ezine,Ege,39.818998,26.160008,2022-05-25T06:00:00.000Z,23.6,,turkiye.gov.tr,1
17433,GÖKÇEADA UĞURLU LİMAN FENERİ,Çanakkale,Gökçeada,Ege,40.1153,25.6989,2022-05-25T06:00:00.000Z,19.0,,turkiye.gov.tr,1
17434,EZİNE YENİKÖY BAL.BAR. ANA MENDİREK FENERİ,Çanakkale,Ezine,Ege,39.9447,26.1611,2022-05-25T06:00:00.000Z,17.9,,turkiye.gov.tr,1
17436,ENEZ TALİ MENDİREK FENERİ,Edirne,Enez,Ege,40.698218,26.051263,2022-05-25T06:00:00.000Z,19.6,,turkiye.gov.tr,1
17438,SİLİVRİ ANA MENDİREK FENERİ,İstanbul,Silivri,Marmara,41.072866,28.238398,2022-05-25T06:00:00.000Z,18.1,,turkiye.gov.tr,1
17440,URLA BALIKÇI BARINAĞI MENDİREK FENERİ,İzmir,Urla,Ege,38.364761,26.772665,2022-05-25T06:00:00.000Z,25.7,,turkiye.gov.tr,1
17442,KONAK/İZMİR PASAPORT MENDİREK FENERİ,İzmir,Konak,Ege,38.429236,27.131698,2022-05-25T06:00:00.000Z,23.8,,turkiye.gov.tr,1
17444,KARABURUN/MORDOĞAN ANA MENDİREK (KUZEY) FENERİ,İzmir,Karaburun,Ege,38.517845,26.627861,2022-05-25T06:00:00.000Z,23.2,,turkiye.gov.tr,1
17445,CİDE KUZEY MENDİREK FENERİ,Kastamonu,Cide,Karadeniz,41.9006,32.9778,2022-05-25T06:00:00.000Z,17.7,,turkiye.gov.tr,1
17446,İNEBOLU KUZEY MENDİREK FENERİ,Kastamonu,İnebolu,Karadeniz,41.9817,33.7769,2022-05-25T06:00:00.000Z,16.3,,turkiye.gov.tr,1
17447,VİZE/MİDYE KIYIKÖY BATI MENDİREK FENERİ (ANA),Kırklareli,Vize,Karadeniz,41.630847,28.101353,2022-05-25T06:00:00.000Z,17.4,,turkiye.gov.tr,1
17448,TUZLA İTÜ GÜNEY MENDİREK FENERİ,İstanbul,Tuzla,Marmara,40.811828,29.297373,2022-05-25T06:00:00.000Z,18.7,,turkiye.gov.tr,1
17452,YALOVA SAMANLIDERE TALİ (DOĞU) MENDİREK FENERİ,Yalova,Merkez,Marmara,40.660597,29.246969,2022-05-25T06:00:00.000Z,18.5,,turkiye.gov.tr,1
17453,ZONGULDAK GÜNEY MENDİREK FENERİ,Zonguldak,Merkez,Karadeniz,41.458611,31.779166,2022-05-25T06:00:00.000Z,14.9,,turkiye.gov.tr,1
17459,İLKADIM/SAMSUN LİMAN KUZEY MENDİREK FENERİ,Samsun,İlkadım,Karadeniz,41.309587,36.355678,2022-05-25T06:00:00.000Z,10.4,,turkiye.gov.tr,1
17460,ÜNYE BALIKÇI BARINAĞI ANA MENDİREK FENERİ,Ordu,Ünye,Karadeniz,41.116448,37.348722,2022-05-25T06:00:00.000Z,17.0,,turkiye.gov.tr,1
17464,TRABZON LİMANI ANA MENDİREK FENERİ,Trabzon,Ortahisar,Karadeniz,41.006776,39.750108,2022-05-25T06:00:00.000Z,12.2,,turkiye.gov.tr,1
17465,ARAKLI BALIKÇI BARINAĞI TALİ MENDİREK FENERİ,Trabzon,Araklı,Karadeniz,40.945081,40.053776,2022-05-25T06:00:00.000Z,13.8,,turkiye.gov.tr,1
17466,ÇAYELİ BALIKÇI BARINAĞI TALİ MENDİREK FENERİ,Rize,Çayeli,Karadeniz,41.090095,40.722557,2022-05-25T06:00:00.000Z,13.2,,turkiye.gov.tr,1
17467,HOPA ANA MENDİREK FENERİ,Artvin,Hopa,Karadeniz,41.420291,41.429843,2022-05-25T06:00:00.000Z,17.5,,turkiye.gov.tr,1
17470,İNCEBURUN (YILDIZADASI) MARMARİS FENERİ,Muğla,Marmaris,Akdeniz,36.813936,28.265907,2022-05-25T06:00:00.000Z,20.7,,turkiye.gov.tr,1
17472,FETHİYE/İBLİSBURNU DÖKÜNTÜTAŞ FENERİ,Muğla,Fethiye,Akdeniz,36.5455556,29.0108333,2022-05-25T06:00:00.000Z,22.7,,turkiye.gov.tr,1
17473,KAŞ BAYINDIR ANA MENDİREK FENERİ,Antalya,Kaş,Akdeniz,36.183225,29.642011,2022-05-25T06:00:00.000Z,21.2,,turkiye.gov.tr,1
17474,FİNİKE BALIKÇI BARINAĞI ANA MENDİREK FENER,Antalya,Finike,Akdeniz,36.2953,30.1533,2022-05-25T06:00:00.000Z,22.6,,turkiye.gov.tr,1
17476,KONYAALTI/ANTALYA YENİ LİMAN ANA MENDİREK FENERİ,Antalya,Konyaaltı,Akdeniz,36.834011,30.616572,2022-05-25T06:00:00.000Z,22.8,,turkiye.gov.tr,1
17480,KARATAŞ BALIKÇI BARINAĞI TALİ MENDİREK FENERİ,Adana,Karataş,Akdeniz,36.557986,35.383499,2022-05-25T06:00:00.000Z,23.4,,turkiye.gov.tr,1
17482,VAN LİMAN,Van,Tuşba,Van Gölü,38.51486,43.307362,2022-05-25T06:00:00.000Z,15.4,,turkiye.gov.tr,1
17483,TATVAN LİMAN,Bitlis,Tatvan,Van Gölü,38.512592,42.302103,2022-05-25T06:00:00.000Z,9.0,,turkiye.gov.tr,1
17484,ADİLCEVAZ LİMAN,Bitlis,Adilcevaz,Van Gölü,38.797236,42.729931,2022-05-25T06:00:00.000Z,7.3,,turkiye.gov.tr,1
17489,MUDANYA/GÜZELYALI BALIKÇI BARINAĞI,Bursa,Mudanya,Marmara,40.35612,28.934036,2022-05-25T06:00:00.000Z,19.1,,turkiye.gov.tr,1
17491,GEVAŞ AKDAMAR FENERİ,Van,Gevaş,Van Gölü,38.309988,43.041398,2022-05-25T06:00:00.000Z,13.7,,turkiye.gov.tr,1
17489,MUDANYA/GÜZELYALI BALIKÇI BARINAĞI,Bursa,Mudanya,Marmara,40.35612,28.934036,2022-06-17T20:18:00.000Z,20.5,,mgm,0
17393,ANTALYA KÖRFEZİ ŞAMANDIRA,Antalya,Serik,Akdeniz,36.73874,31.00718,2022-06-18T07:30:00.000Z,27.1,,mgm,0
17421,AYVALIK KANAL SANCAK A FENERİ,Balıkesir,Ayvalık,Ege,39.323394,26.640546,2022-06-18T07:51:00.000Z,21.4,,mgm,0
17422,BANDIRMA KUZEY MENDİREK FENERİ,Balıkesir,Bandırma,Marmara,40.358554,27.958451,2022-06-18T07:51:00.000Z,21.0,,mgm,0
17423,MARMARA BARINAK ANA MENDİREK FENERİ,Balıkesir,Marmara,Marmara,40.583839,27.560849,2022-06-18T07:51:00.000Z,21.9,,mgm,0
17426,BARTIN GÜNEY MENDİREK FENERİ,Bartın,Merkez,Karadeniz,41.6864,32.2261,2022-06-18T07:51:00.000Z,21.8,,mgm,0
17438,SİLİVRİ ANA MENDİREK FENERİ,İstanbul,Silivri,Marmara,41.072866,28.238398,2022-06-18T07:51:00.000Z,21.3,,mgm,0
17440,URLA BALIKÇI BARINAĞI MENDİREK FENERİ,İzmir,Urla,Ege,38.364761,26.772665,2022-06-18T07:51:00.000Z,24.5,,mgm,0
17442,KONAK/İZMİR PASAPORT MENDİREK FENERİ,İzmir,Konak,Ege,38.429236,27.131698,2022-06-18T07:51:00.000Z,25.2,,mgm,0
17447,VİZE/MİDYE KIYIKÖY BATI MENDİREK FENERİ (ANA),Kırklareli,Vize,Karadeniz,41.630847,28.101353,2022-06-18T07:51:00.000Z,21.4,,mgm,0
17448,TUZLA İTÜ GÜNEY MENDİREK FENERİ,İstanbul,Tuzla,Marmara,40.811828,29.297373,2022-06-18T07:51:00.000Z,21.4,,mgm,0
17383,NARLIDERE/İZMİR KÖRFEZİ A NOKTASI IŞIKLI ŞAMANDIRA,İzmir,Narlıdere,Ege,38.421203,26.917843,2022-06-18T07:57:00.000Z,24.8,,mgm,0
17384,URLA/KUBİLAY SIĞLIĞI IŞIKLI ŞAMANDIRA,İzmir,Urla,Ege,38.4467,26.7175,2022-06-18T07:57:00.000Z,24.4,,mgm,0
17389,ADALAR ŞAMANDIRA,İstanbul,Adalar,Marmara,40.93278,28.94889,2022-06-18T07:57:00.000Z,19.7,,mgm,0
17425,LAPSEKİ/ZİNCİRBOZAN FENERİ,Çanakkale,Lapseki,Marmara,40.4206,26.7536,2022-06-18T07:57:00.000Z,22.5,,mgm,0
17427,BOZCAADA LİMAN GİRİŞİ GÜNEY MENDİREK FENERİ,Çanakkale,Bozcaada,Ege,39.8341,26.0748,2022-06-18T07:57:00.000Z,18.4,,mgm,0
17428,AYVACIK/GÜLPINAR ANA MENDİREK FENERİ,Çanakkale,Ayvacık,Ege,39.5658,26.0967,2022-06-18T07:57:00.000Z,20.3,,mgm,0
17429,ECEABAT/KABATEPE GÜNEY MENDİREK FENERİ,Çanakkale,Eceabat,Ege,40.2019,26.2669,2022-06-18T07:57:00.000Z,19.4,,mgm,0
17430,GÖKÇEADA KALEKÖY ANA MENDİREK FENERİ,Çanakkale,Gökçeada,Ege,40.2317,25.8914,2022-06-18T07:57:00.000Z,23.3,,mgm,0
17431,BİGA/KARABİGA BAR. (B) NOKTASI GÜNEY MEN. FENERİ,Çanakkale,Biga,Marmara,40.399583,27.305591,2022-06-18T07:57:00.000Z,23.6,,mgm,0
17432,EZİNE/GEYİKLİ ODUNLUK İSKELE FENERİ,Çanakkale,Ezine,Ege,39.818998,26.160008,2022-06-18T07:57:00.000Z,14.2,,mgm,0
17433,GÖKÇEADA UĞURLU LİMAN FENERİ,Çanakkale,Gökçeada,Ege,40.1153,25.6989,2022-06-18T07:57:00.000Z,21.9,,mgm,0
17434,EZİNE YENİKÖY BAL.BAR. ANA MENDİREK FENERİ,Çanakkale,Ezine,Ege,39.9447,26.1611,2022-06-18T07:57:00.000Z,18.1,,mgm,0
17437,TUZLA AYDINLI LİMAN FENERİ,İstanbul,Tuzla,Marmara,40.850611,29.271174,2022-06-18T07:57:00.000Z,19.1,,mgm,0
17443,ÇEŞME/KALE YERİ SIĞ.(DÖKÜNTÜTAŞI) FENERİ,İzmir,Çeşme,Ege,38.329226,26.267881,2022-06-18T07:57:00.000Z,21.2,,mgm,0
17444,KARABURUN/MORDOĞAN ANA MENDİREK (KUZEY) FENERİ,İzmir,Karaburun,Ege,38.517845,26.627861,2022-06-18T07:57:00.000Z,24.3,,mgm,0
17445,CİDE KUZEY MENDİREK FENERİ,Kastamonu,Cide,Karadeniz,41.9006,32.9778,2022-06-18T07:57:00.000Z,20.8,,mgm,0
17446,İNEBOLU KUZEY MENDİREK FENERİ,Kastamonu,İnebolu,Karadeniz,41.9817,33.7769,2022-06-18T07:57:00.000Z,20.8,,mgm,0
17452,YALOVA SAMANLIDERE TALİ (DOĞU) MENDİREK FENERİ,Yalova,Merkez,Marmara,40.660597,29.246969,2022-06-18T07:57:00.000Z,17.1,,mgm,0
17453,ZONGULDAK GÜNEY MENDİREK FENERİ,Zonguldak,Merkez,Karadeniz,41.458611,31.779166,2022-06-18T07:57:00.000Z,21.1,,mgm,0
17467,HOPA ANA MENDİREK FENERİ,Artvin,Hopa,Karadeniz,41.420291,41.429843,2022-06-18T07:57:00.000Z,24.0,,mgm,0
17482,VAN LİMAN,Van,Tuşba,Van Gölü,38.51486,43.307362,2022-06-18T07:57:00.000Z,20.7,,mgm,0
17491,GEVAŞ AKDAMAR FENERİ,Van,Gevaş,Van Gölü,38.309988,43.041398,2022-06-18T07:57:00.000Z,21.3,,mgm,0
17492,DİDİM MARİNA FENERİ,Aydın,Didim,Ege,37.3369,27.264,2022-06-18T07:57:00.000Z,24.5,,mgm,0
17386,BODRUM KARAADA SIĞLIK IŞIKLI ŞAMANDIRA,Muğla,Bodrum,Ege,37.0081,27.4142,2022-06-18T07:58:00.000Z,23.5,,mgm,0
17436,ENEZ TALİ MENDİREK FENERİ,Edirne,Enez,Ege,40.698218,26.051263,2022-06-18T07:58:00.000Z,20.5,,mgm,0
17460,ÜNYE BALIKÇI BARINAĞI ANA MENDİREK FENERİ,Ordu,Ünye,Karadeniz,41.116448,37.348722,2022-06-18T07:58:00.000Z,22.8,,mgm,0
17464,TRABZON LİMANI ANA MENDİREK FENERİ,Trabzon,Ortahisar,Karadeniz,41.006776,39.750108,2022-06-18T07:58:00.000Z,20.3,,mgm,0
17466,ÇAYELİ BALIKÇI BARINAĞI TALİ MENDİREK FENERİ,Rize,Çayeli,Karadeniz,41.090095,40.722557,2022-06-18T07:58:00.000Z,19.1,,mgm,0
17470,İNCEBURUN (YILDIZADASI) MARMARİS FENERİ,Muğla,Marmaris,Akdeniz,36.813936,28.265907,2022-06-18T07:58:00.000Z,24.2,,mgm,0
17473,KAŞ BAYINDIR ANA MENDİREK FENERİ,Antalya,Kaş,Akdeniz,36.183225,29.642011,2022-06-18T07:58:00.000Z,25.2,,mgm,0
17475,KEMER SIĞLIK FENERİ,Antalya,Kemer,Akdeniz,36.612395,30.574242,2022-06-18T07:58:00.000Z,27.1,,mgm,0
17477,ALANYA YENİ YAT LİMAN ANA MENDİREK FENERİ,Antalya,Alanya,Akdeniz,36.557404,31.951419,2022-06-18T07:58:00.000Z,26.5,,mgm,0
17483,TATVAN LİMAN,Bitlis,Tatvan,Van Gölü,38.512592,42.302103,2022-06-18T07:58:00.000Z,21.0,,mgm,0
17484,ADİLCEVAZ LİMAN,Bitlis,Adilcevaz,Van Gölü,38.797236,42.729931,2022-06-18T07:58:00.000Z,18.1,,mgm,0
17474,FİNİKE BALIKÇI BARINAĞI ANA MENDİREK FENER,Antalya,Finike,Akdeniz,36.2953,30.1533,2022-06-18T07:59:00.000Z,26.1,,mgm,0
17476,KONYAALTI/ANTALYA YENİ LİMAN ANA MENDİREK FENERİ,Antalya,Konyaaltı,Akdeniz,36.834011,30.616572,2022-06-18T07:59:00.000Z,26.2,,mgm,0
17480,KARATAŞ BALIKÇI BARINAĞI TALİ MENDİREK FENERİ,Adana,Karataş,Akdeniz,36.557986,35.383499,2022-06-18T08:00:00.000Z,27.7,,mgm,0
17465,ARAKLI BALIKÇI BARINAĞI TALİ MENDİREK FENERİ,Trabzon,Araklı,Karadeniz,40.945081,40.053776,2022-06-18T08:01:00.000Z,19.6,,mgm,0
17472,FETHİYE/İBLİSBURNU DÖKÜNTÜTAŞ FENERİ,Muğla,Fethiye,Akdeniz,36.5455556,29.0108333,2022-06-18T08:01:00.000Z,24.6,,mgm,0
17015,AKÇAKOCA,Düzce,Akçakoca,Karadeniz,41.089528,31.143039,2022-06-18T09:00:00.000Z,21.6,,mgm,0
17024,İNEBOLU,Kastamonu,İnebolu,Karadeniz,41.978937,33.762945,2022-06-18T09:00:00.000Z,20.7,,mgm,0
17026,SİNOP,Sinop,Merkez,Karadeniz,42.029821,35.154286,2022-06-18T09:00:00.000Z,21.6,,mgm,0
17030,SAMSUN BÖLGE,Samsun,Atakum,Karadeniz,41.344286,36.255794,2022-06-18T09:00:00.000Z,22.4,,mgm,0
17033,ORDU,Ordu,Altınordu,Karadeniz,40.983833,37.885833,2022-06-18T09:00:00.000Z,20.6,,mgm,0
17034,GİRESUN,Giresun,Merkez,Karadeniz,40.922667,38.387833,2022-06-18T09:00:00.000Z,22.0,,mgm,0
17038,TRABZON HAVALİMANI,Trabzon,Ortahisar,Karadeniz,40.999133,39.779248,2022-06-18T09:00:00.000Z,20.0,,mgm,0
17040,RİZE,Rize,Merkez,Karadeniz,41.04,40.501333,2022-06-18T09:00:00.000Z,19.5,,mgm,0
17042,HOPA,Artvin,Hopa,Karadeniz,41.4065,41.433,2022-06-18T09:00:00.000Z,24.1,,mgm,0
17044,RİZE ARTVİN HAVALİMANI,Rize,Pazar,Karadeniz,41.177687,40.835223,2022-06-18T09:00:00.000Z,22.7,,mgm,0
17056,TEKİRDAĞ,Tekirdağ,Süleymanpaşa,Marmara,40.957959,27.496181,2022-06-18T09:00:00.000Z,22.1,,mgm,0
17059,SARIYER/KUMKÖY-KİLYOS,İstanbul,Sarıyer,Karadeniz,41.25047,29.038367,2022-06-18T09:00:00.000Z,21.4,,mgm,0
17112,ÇANAKKALE,Çanakkale,Merkez,Marmara,40.141428,26.399616,2022-06-18T09:00:00.000Z,19.8,,mgm,0
17175,AYVALIK,Balıkesir,Ayvalık,Ege,39.311292,26.686445,2022-06-18T09:00:00.000Z,22.5,,mgm,0
17180,DİKİLİ,İzmir,Dikili,Ege,39.073861,26.888093,2022-06-18T09:00:00.000Z,23.1,,mgm,0
17220,İZMİR BÖLGE,İzmir,Konak,Ege,38.3945,27.0821,2022-06-18T09:00:00.000Z,24.9,,mgm,0
17232,KUŞADASI,Aydın,Kuşadası,Ege,37.859636,27.265115,2022-06-18T09:00:00.000Z,24.9,,mgm,0
17290,BODRUM,Muğla,Bodrum,Ege,37.032611,27.439801,2022-06-18T09:00:00.000Z,23.7,,mgm,0
17296,FETHİYE,Muğla,Fethiye,Akdeniz,36.626611,29.123804,2022-06-18T09:00:00.000Z,24.5,,mgm,0
17297,DATÇA,Muğla,Datça,Ege,36.707945,27.691918,2022-06-18T09:00:00.000Z,23.4,,mgm,0
17298,MARMARİS,Muğla,Marmaris,Akdeniz,36.83926,28.244995,2022-06-18T09:00:00.000Z,23.4,,mgm,0
17302,ANTALYA BÖLGE,Antalya,Muratpaşa,Akdeniz,36.885073,30.682793,2022-06-18T09:00:00.000Z,25.4,,mgm,0
17310,ALANYA,Antalya,Alanya,Akdeniz,36.54999,31.979822,2022-06-18T09:00:00.000Z,25.5,,mgm,0
17320,ANAMUR,Mersin,Anamur,Akdeniz,36.068614,32.864876,2022-06-18T09:00:00.000Z,24.4,,mgm,0
17340,MERSİN,Mersin,Yenişehir,Akdeniz,36.780904,34.603125,2022-06-18T09:00:00.000Z,25.0,,mgm,0
17370,İSKENDERUN,Hatay,İskenderun,Akdeniz,36.592358,36.158158,2022-06-18T09:00:00.000Z,28.6,,mgm,0
17375,FİNİKE,Antalya,Finike,Akdeniz,36.3024,30.1458,2022-06-18T09:00:00.000Z,26.0,,mgm,0
17380,KAŞ,Antalya,Kaş,Akdeniz,36.200579,29.649995,2022-06-18T09:00:00.000Z,25.0,,mgm,0
17443,ÇEŞME/KALE YERİ SIĞ.(DÖKÜNTÜTAŞI) FENERİ,İzmir,Çeşme,Ege,38.329226,26.267881,2022-06-21T07:57:00.000Z,21.6,,mgm,0
17015,AKÇAKOCA,Düzce,Akçakoca,Karadeniz,41.089528,31.143039,2022-06-21T09:00:00.000Z,21.6,,mgm,0
17024,İNEBOLU,Kastamonu,İnebolu,Karadeniz,41.978937,33.762945,2022-06-21T09:00:00.000Z,14.7,,mgm,0
17026,SİNOP,Sinop,Merkez,Karadeniz,42.029821,35.154286,2022-06-21T09:00:00.000Z,22.3,,mgm,0
17030,SAMSUN BÖLGE,Samsun,Atakum,Karadeniz,41.344286,36.255794,2022-06-21T09:00:00.000Z,22.4,,mgm,0
17033,ORDU,Ordu,Altınordu,Karadeniz,40.983833,37.885833,2022-06-21T09:00:00.000Z,22.0,,mgm,0
17034,GİRESUN,Giresun,Merkez,Karadeniz,40.922667,38.387833,2022-06-21T09:00:00.000Z,22.2,,mgm,0
17038,TRABZON HAVALİMANI,Trabzon,Ortahisar,Karadeniz,40.999133,39.779248,2022-06-21T09:00:00.000Z,20.8,,mgm,0
17040,RİZE,Rize,Merkez,Karadeniz,41.04,40.501333,2022-06-21T09:00:00.000Z,20.0,,mgm,0
17042,HOPA,Artvin,Hopa,Karadeniz,41.4065,41.433,2022-06-21T09:00:00.000Z,24.4,,mgm,0
17044,RİZE ARTVİN HAVALİMANI,Rize,Pazar,Karadeniz,41.177687,40.835223,2022-06-21T09:00:00.000Z,23.7,,mgm,0
17056,TEKİRDAĞ,Tekirdağ,Süleymanpaşa,Marmara,40.957959,27.496181,2022-06-21T09:00:00.000Z,22.2,,mgm,0
17059,SARIYER/KUMKÖY-KİLYOS,İstanbul,Sarıyer,Karadeniz,41.25047,29.038367,2022-06-21T09:00:00.000Z,21.5,,mgm,0
17112,ÇANAKKALE,Çanakkale,Merkez,Marmara,40.141428,26.399616,2022-06-21T09:00:00.000Z,20.4,,mgm,0
17175,AYVALIK,Balıkesir,Ayvalık,Ege,39.311292,26.686445,2022-06-21T09:00:00.000Z,22.6,,mgm,0
17180,DİKİLİ,İzmir,Dikili,Ege,39.073861,26.888093,2022-06-21T09:00:00.000Z,23.4,,mgm,0
17220,İZMİR BÖLGE,İzmir,Konak,Ege,38.3945,27.0821,2022-06-21T09:00:00.000Z,25.4,,mgm,0
17232,KUŞADASI,Aydın,Kuşadası,Ege,37.859636,27.265115,2022-06-21T09:00:00.000Z,22.6,,mgm,0
17290,BODRUM,Muğla,Bodrum,Ege,37.032611,27.439801,2022-06-21T09:00:00.000Z,23.7,,mgm,0
17296,FETHİYE,Muğla,Fethiye,Akdeniz,36.626611,29.123804,2022-06-21T09:00:00.000Z,26.0,,mgm,0
17297,DATÇA,Muğla,Datça,Ege,36.707945,27.691918,2022-06-21T09:00:00.000Z,23.4,,mgm,0
17298,MARMARİS,Muğla,Marmaris,Akdeniz,36.83926,28.244995,2022-06-21T09:00:00.000Z,23.6,,mgm,0
17302,ANTALYA BÖLGE,Antalya,Muratpaşa,Akdeniz,36.885073,30.682793,2022-06-21T09:00:00.000Z,26.6,,mgm,0
17310,ALANYA,Antalya,Alanya,Akdeniz,36.54999,31.979822,2022-06-21T09:00:00.000Z,25.7,,mgm,0
17320,ANAMUR,Mersin,Anamur,Akdeniz,36.068614,32.864876,2022-06-21T09:00:00.000Z,24.9,,mgm,0
17340,MERSİN,Mersin,Yenişehir,Akdeniz,36.780904,34.603125,2022-06-21T09:00:00.000Z,26.2,,mgm,0
17370,İSKENDERUN,Hatay,İskenderun,Akdeniz,36.592358,36.158158,2022-06-21T09:00:00.000Z,27.4,,mgm,0
17375,FİNİKE,Antalya,Finike,Akdeniz,36.3024,30.1458,2022-06-21T09:00:00.000Z,26.2,,mgm,0
17380,KAŞ,Antalya,Kaş,Akdeniz,36.200579,29.649995,2022-06-21T09:00:00.000Z,24.2,,mgm,0
17467,HOPA ANA MENDİREK FENERİ,Artvin,Hopa,Karadeniz,41.420291,41.429843,2022-06-21T13:26:00.000Z,28.0,,mgm,0
17491,GEVAŞ AKDAMAR FENERİ,Van,Gevaş,Van Gölü,38.309988,43.041398,2022-06-21T15:55:00.000Z,21.5,,mgm,0
17429,ECEABAT/KABATEPE GÜNEY MENDİREK FENERİ,Çanakkale,Eceabat,Ege,40.2019,26.2669,2022-06-21T16:40:00.000Z,22.3,,mgm,0
17397,ORDU ŞAMANDIRA,Ordu,Gülyalı,Karadeniz,41.048017,38.14585,2022-06-21T18:00:00.000Z,23.4,,mgm,0
17423,MARMARA BARINAK ANA MENDİREK FENERİ,Balıkesir,Marmara,Marmara,40.583839,27.560849,2022-06-21T18:10:00.000Z,21.9,,mgm,0
17438,SİLİVRİ ANA MENDİREK FENERİ,İstanbul,Silivri,Marmara,41.072866,28.238398,2022-06-21T18:10:00.000Z,21.9,,mgm,0
17440,URLA BALIKÇI BARINAĞI MENDİREK FENERİ,İzmir,Urla,Ege,38.364761,26.772665,2022-06-21T18:10:00.000Z,26.0,,mgm,0
17447,VİZE/MİDYE KIYIKÖY BATI MENDİREK FENERİ (ANA),Kırklareli,Vize,Karadeniz,41.630847,28.101353,2022-06-21T18:10:00.000Z,21.9,,mgm,0
17383,NARLIDERE/İZMİR KÖRFEZİ A NOKTASI IŞIKLI ŞAMANDIRA,İzmir,Narlıdere,Ege,38.421203,26.917843,2022-06-21T18:11:00.000Z,24.5,,mgm,0
17421,AYVALIK KANAL SANCAK A FENERİ,Balıkesir,Ayvalık,Ege,39.323394,26.640546,2022-06-21T18:11:00.000Z,21.2,,mgm,0
17422,BANDIRMA KUZEY MENDİREK FENERİ,Balıkesir,Bandırma,Marmara,40.358554,27.958451,2022-06-21T18:11:00.000Z,22.7,,mgm,0
17426,BARTIN GÜNEY MENDİREK FENERİ,Bartın,Merkez,Karadeniz,41.6864,32.2261,2022-06-21T18:11:00.000Z,21.7,,mgm,0
17442,KONAK/İZMİR PASAPORT MENDİREK FENERİ,İzmir,Konak,Ege,38.429236,27.131698,2022-06-21T18:11:00.000Z,25.7,,mgm,0
17448,TUZLA İTÜ GÜNEY MENDİREK FENERİ,İstanbul,Tuzla,Marmara,40.811828,29.297373,2022-06-21T18:11:00.000Z,19.2,,mgm,0
17381,KUŞADASI 3. NOLU ŞAMANDIRA,Aydın,Kuşadası,Ege,37.8458,27.2194,2022-06-21T18:12:00.000Z,22.1,,mgm,0
17384,URLA/KUBİLAY SIĞLIĞI IŞIKLI ŞAMANDIRA,İzmir,Urla,Ege,38.4467,26.7175,2022-06-21T18:12:00.000Z,25.1,,mgm,0
17389,ADALAR ŞAMANDIRA,İstanbul,Adalar,Marmara,40.93278,28.94889,2022-06-21T18:12:00.000Z,21.3,,mgm,0
17425,LAPSEKİ/ZİNCİRBOZAN FENERİ,Çanakkale,Lapseki,Marmara,40.4206,26.7536,2022-06-21T18:12:00.000Z,22.6,,mgm,0
17427,BOZCAADA LİMAN GİRİŞİ GÜNEY MENDİREK FENERİ,Çanakkale,Bozcaada,Ege,39.8341,26.0748,2022-06-21T18:12:00.000Z,19.5,,mgm,0
17428,AYVACIK/GÜLPINAR ANA MENDİREK FENERİ,Çanakkale,Ayvacık,Ege,39.5658,26.0967,2022-06-21T18:12:00.000Z,21.9,,mgm,0
17430,GÖKÇEADA KALEKÖY ANA MENDİREK FENERİ,Çanakkale,Gökçeada,Ege,40.2317,25.8914,2022-06-21T18:12:00.000Z,24.0,,mgm,0
17431,BİGA/KARABİGA BAR. (B) NOKTASI GÜNEY MEN. FENERİ,Çanakkale,Biga,Marmara,40.399583,27.305591,2022-06-21T18:12:00.000Z,25.3,,mgm,0
17432,EZİNE/GEYİKLİ ODUNLUK İSKELE FENERİ,Çanakkale,Ezine,Ege,39.818998,26.160008,2022-06-21T18:12:00.000Z,24.7,,mgm,0
17433,GÖKÇEADA UĞURLU LİMAN FENERİ,Çanakkale,Gökçeada,Ege,40.1153,25.6989,2022-06-21T18:12:00.000Z,22.7,,mgm,0
17434,EZİNE YENİKÖY BAL.BAR. ANA MENDİREK FENERİ,Çanakkale,Ezine,Ege,39.9447,26.1611,2022-06-21T18:12:00.000Z,19.6,,mgm,0
17436,ENEZ TALİ MENDİREK FENERİ,Edirne,Enez,Ege,40.698218,26.051263,2022-06-21T18:12:00.000Z,22.4,,mgm,0
17437,TUZLA AYDINLI LİMAN FENERİ,İstanbul,Tuzla,Marmara,40.850611,29.271174,2022-06-21T18:12:00.000Z,20.9,,mgm,0
17444,KARABURUN/MORDOĞAN ANA MENDİREK (KUZEY) FENERİ,İzmir,Karaburun,Ege,38.517845,26.627861,2022-06-21T18:12:00.000Z,25.6,,mgm,0
17445,CİDE KUZEY MENDİREK FENERİ,Kastamonu,Cide,Karadeniz,41.9006,32.9778,2022-06-21T18:12:00.000Z,17.8,,mgm,0
17446,İNEBOLU KUZEY MENDİREK FENERİ,Kastamonu,İnebolu,Karadeniz,41.9817,33.7769,2022-06-21T18:12:00.000Z,18.0,,mgm,0
17452,YALOVA SAMANLIDERE TALİ (DOĞU) MENDİREK FENERİ,Yalova,Merkez,Marmara,40.660597,29.246969,2022-06-21T18:12:00.000Z,22.0,,mgm,0
17453,ZONGULDAK GÜNEY MENDİREK FENERİ,Zonguldak,Merkez,Karadeniz,41.458611,31.779166,2022-06-21T18:12:00.000Z,22.1,,mgm,0
17482,VAN LİMAN,Van,Tuşba,Van Gölü,38.51486,43.307362,2022-06-21T18:12:00.000Z,23.1,,mgm,0
17492,DİDİM MARİNA FENERİ,Aydın,Didim,Ege,37.3369,27.264,2022-06-21T18:12:00.000Z,24.1,,mgm,0
17386,BODRUM KARAADA SIĞLIK IŞIKLI ŞAMANDIRA,Muğla,Bodrum,Ege,37.0081,27.4142,2022-06-21T18:13:00.000Z,21.7,,mgm,0
17460,ÜNYE BALIKÇI BARINAĞI ANA MENDİREK FENERİ,Ordu,Ünye,Karadeniz,41.116448,37.348722,2022-06-21T18:13:00.000Z,23.7,,mgm,0
17464,TRABZON LİMANI ANA MENDİREK FENERİ,Trabzon,Ortahisar,Karadeniz,41.006776,39.750108,2022-06-21T18:13:00.000Z,21.1,,mgm,0
17466,ÇAYELİ BALIKÇI BARINAĞI TALİ MENDİREK FENERİ,Rize,Çayeli,Karadeniz,41.090095,40.722557,2022-06-21T18:13:00.000Z,20.2,,mgm,0
17470,İNCEBURUN (YILDIZADASI) MARMARİS FENERİ,Muğla,Marmaris,Akdeniz,36.813936,28.265907,2022-06-21T18:13:00.000Z,21.8,,mgm,0
17473,KAŞ BAYINDIR ANA MENDİREK FENERİ,Antalya,Kaş,Akdeniz,36.183225,29.642011,2022-06-21T18:13:00.000Z,23.6,,mgm,0
17475,KEMER SIĞLIK FENERİ,Antalya,Kemer,Akdeniz,36.612395,30.574242,2022-06-21T18:13:00.000Z,27.7,,mgm,0
17477,ALANYA YENİ YAT LİMAN ANA MENDİREK FENERİ,Antalya,Alanya,Akdeniz,36.557404,31.951419,2022-06-21T18:13:00.000Z,25.9,,mgm,0
17483,TATVAN LİMAN,Bitlis,Tatvan,Van Gölü,38.512592,42.302103,2022-06-21T18:13:00.000Z,19.2,,mgm,0
17484,ADİLCEVAZ LİMAN,Bitlis,Adilcevaz,Van Gölü,38.797236,42.729931,2022-06-21T18:13:00.000Z,21.3,,mgm,0
17474,FİNİKE BALIKÇI BARINAĞI ANA MENDİREK FENER,Antalya,Finike,Akdeniz,36.2953,30.1533,2022-06-21T18:14:00.000Z,26.3,,mgm,0
17476,KONYAALTI/ANTALYA YENİ LİMAN ANA MENDİREK FENERİ,Antalya,Konyaaltı,Akdeniz,36.834011,30.616572,2022-06-21T18:14:00.000Z,27.9,,mgm,0
17489,MUDANYA/GÜZELYALI BALIKÇI BARINAĞI,Bursa,Mudanya,Marmara,40.35612,28.934036,2022-06-21T18:14:00.000Z,20.8,,mgm,0
17465,ARAKLI BALIKÇI BARINAĞI TALİ MENDİREK FENERİ,Trabzon,Araklı,Karadeniz,40.945081,40.053776,2022-06-21T18:16:00.000Z,20.8,,mgm,0
17472,FETHİYE/İBLİSBURNU DÖKÜNTÜTAŞ FENERİ,Muğla,Fethiye,Akdeniz,36.5455556,29.0108333,2022-06-21T18:16:00.000Z,23.3,,mgm,0
17480,KARATAŞ BALIKÇI BARINAĞI TALİ MENDİREK FENERİ,Adana,Karataş,Akdeniz,36.557986,35.383499,2022-06-21T18:16:00.000Z,26.9,,mgm,0
17015,AKÇAKOCA,Düzce,Akçakoca,Karadeniz,41.089528,31.143039,2022-07-06T06:00:00.000Z,21.0,,turkiye.gov.tr,1
17024,İNEBOLU,Kastamonu,İnebolu,Karadeniz,41.978937,33.762945,2022-07-06T06:00:00.000Z,18.0,,turkiye.gov.tr,1
17026,SİNOP,Sinop,Merkez,Karadeniz,42.029821,35.154286,2022-07-06T06:00:00.000Z,23.5,,turkiye.gov.tr,1
17030,SAMSUN BÖLGE,Samsun,Atakum,Karadeniz,41.344286,36.255794,2022-07-06T06:00:00.000Z,23.0,,turkiye.gov.tr,1
17033,ORDU,Ordu,Altınordu,Karadeniz,40.983833,37.885833,2022-07-06T06:00:00.000Z,23.3,,turkiye.gov.tr,1
17034,GİRESUN,Giresun,Merkez,Karadeniz,40.922667,38.387833,2022-07-06T06:00:00.000Z,23.2,,turkiye.gov.tr,1
17038,TRABZON HAVALİMANI,Trabzon,Ortahisar,Karadeniz,40.999133,39.779248,2022-07-06T06:00:00.000Z,20.6,,turkiye.gov.tr,1
17040,RİZE,Rize,Merkez,Karadeniz,41.04,40.501333,2022-07-06T06:00:00.000Z,20.1,,turkiye.gov.tr,1
17042,HOPA,Artvin,Hopa,Karadeniz,41.4065,41.433,2022-07-06T06:00:00.000Z,24.8,,turkiye.gov.tr,1
17044,RİZE ARTVİN HAVALİMANI,Rize,Pazar,Karadeniz,41.177687,40.835223,2022-07-06T06:00:00.000Z,24.1,,turkiye.gov.tr,1
17056,TEKİRDAĞ,Tekirdağ,Süleymanpaşa,Marmara,40.957959,27.496181,2022-07-06T06:00:00.000Z,23.0,,turkiye.gov.tr,1
17059,SARIYER/KUMKÖY-KİLYOS,İstanbul,Sarıyer,Karadeniz,41.25047,29.038367,2022-07-06T06:00:00.000Z,21.8,,turkiye.gov.tr,1
17112,ÇANAKKALE,Çanakkale,Merkez,Marmara,40.141428,26.399616,2022-07-06T06:00:00.000Z,23.4,,turkiye.gov.tr,1
17175,AYVALIK,Balıkesir,Ayvalık,Ege,39.311292,26.686445,2022-07-06T06:00:00.000Z,23.6,,turkiye.gov.tr,1
17180,DİKİLİ,İzmir,Dikili,Ege,39.073861,26.888093,2022-07-06T06:00:00.000Z,25.0,,turkiye.gov.tr,1
17220,İZMİR BÖLGE,İzmir,Konak,Ege,38.3945,27.0821,2022-07-06T06:00:00.000Z,26.1,,turkiye.gov.tr,1
17232,KUŞADASI,Aydın,Kuşadası,Ege,37.859636,27.265115,2022-07-06T06:00:00.000Z,24.5,,turkiye.gov.tr,1
17290,BODRUM,Muğla,Bodrum,Ege,37.032611,27.439801,2022-07-06T06:00:00.000Z,24.0,,turkiye.gov.tr,1
17296,FETHİYE,Muğla,Fethiye,Akdeniz,36.626611,29.123804,2022-07-06T06:00:00.000Z,26.8,,turkiye.gov.tr,1
17297,DATÇA,Muğla,Datça,Ege,36.707945,27.691918,2022-07-06T06:00:00.000Z,23.0,,turkiye.gov.tr,1
17298,MARMARİS,Muğla,Marmaris,Akdeniz,36.83926,28.244995,2022-07-06T06:00:00.000Z,24.3,,turkiye.gov.tr,1
17302,ANTALYA BÖLGE,Antalya,Muratpaşa,Akdeniz,36.885073,30.682793,2022-07-06T06:00:00.000Z,26.2,,turkiye.gov.tr,1
17310,ALANYA,Antalya,Alanya,Akdeniz,36.54999,31.979822,2022-07-06T06:00:00.000Z,26.0,,turkiye.gov.tr,1
17320,ANAMUR,Mersin,Anamur,Akdeniz,36.068614,32.864876,2022-07-06T06:00:00.000Z,26.0,,turkiye.gov.tr,1
17340,MERSİN,Mersin,Yenişehir,Akdeniz,36.780904,34.603125,2022-07-06T06:00:00.000Z,27.6,,turkiye.gov.tr,1
17370,İSKENDERUN,Hatay,İskenderun,Akdeniz,36.592358,36.158158,2022-07-06T06:00:00.000Z,28.9,,turkiye.gov.tr,1
17375,FİNİKE,Antalya,Finike,Akdeniz,36.3024,30.1458,2022-07-06T06:00:00.000Z,26.8,,turkiye.gov.tr,1
17380,KAŞ,Antalya,Kaş,Akdeniz,36.200579,29.649995,2022-07-06T06:00:00.000Z,26.5,,turkiye.gov.tr,1
17381,KUŞADASI 3. NOLU ŞAMANDIRA,Aydın,Kuşadası,Ege,37.8458,27.2194,2022-07-06T06:00:00.000Z,22.5,,turkiye.gov.tr,1
17383,NARLIDERE/İZMİR KÖRFEZİ A NOKTASI IŞIKLI ŞAMANDIRA,İzmir,Narlıdere,Ege,38.421203,26.917843,2022-07-06T06:00:00.000Z,25.7,,turkiye.gov.tr,1
17384,URLA/KUBİLAY SIĞLIĞI IŞIKLI ŞAMANDIRA,İzmir,Urla,Ege,38.4467,26.7175,2022-07-06T06:00:00.000Z,24.9,,turkiye.gov.tr,1
17386,BODRUM KARAADA SIĞLIK IŞIKLI ŞAMANDIRA,Muğla,Bodrum,Ege,37.0081,27.4142,2022-07-06T06:00:00.000Z,23.5,,turkiye.gov.tr,1
17389,ADALAR ŞAMANDIRA,İstanbul,Adalar,Marmara,40.93278,28.94889,2022-07-06T06:00:00.000Z,21.1,,turkiye.gov.tr,1
17421,AYVALIK KANAL SANCAK A FENERİ,Balıkesir,Ayvalık,Ege,39.323394,26.640546,2022-07-06T06:00:00.000Z,22.7,,turkiye.gov.tr,1
17422,BANDIRMA KUZEY MENDİREK FENERİ,Balıkesir,Bandırma,Marmara,40.358554,27.958451,2022-07-06T06:00:00.000Z,23.5,,turkiye.gov.tr,1
17423,MARMARA BARINAK ANA MENDİREK FENERİ,Balıkesir,Marmara,Marmara,40.583839,27.560849,2022-07-06T06:00:00.000Z,21.8,,turkiye.gov.tr,1
17425,LAPSEKİ/ZİNCİRBOZAN FENERİ,Çanakkale,Lapseki,Marmara,40.4206,26.7536,2022-07-06T06:00:00.000Z,24.1,,turkiye.gov.tr,1
17426,BARTIN GÜNEY MENDİREK FENERİ,Bartın,Merkez,Karadeniz,41.6864,32.2261,2022-07-06T06:00:00.000Z,18.3,,turkiye.gov.tr,1
17427,BOZCAADA LİMAN GİRİŞİ GÜNEY MENDİREK FENERİ,Çanakkale,Bozcaada,Ege,39.8341,26.0748,2022-07-06T06:00:00.000Z,19.0,,turkiye.gov.tr,1
17428,AYVACIK/GÜLPINAR ANA MENDİREK FENERİ,Çanakkale,Ayvacık,Ege,39.5658,26.0967,2022-07-06T06:00:00.000Z,20.6,,turkiye.gov.tr,1
17429,ECEABAT/KABATEPE GÜNEY MENDİREK FENERİ,Çanakkale,Eceabat,Ege,40.2019,26.2669,2022-07-06T06:00:00.000Z,22.1,,turkiye.gov.tr,1
17430,GÖKÇEADA KALEKÖY ANA MENDİREK FENERİ,Çanakkale,Gökçeada,Ege,40.2317,25.8914,2022-07-06T06:00:00.000Z,25.0,,turkiye.gov.tr,1
17431,BİGA/KARABİGA BAR. (B) NOKTASI GÜNEY MEN. FENERİ,Çanakkale,Biga,Marmara,40.399583,27.305591,2022-07-06T06:00:00.000Z,24.9,,turkiye.gov.tr,1
17432,EZİNE/GEYİKLİ ODUNLUK İSKELE FENERİ,Çanakkale,Ezine,Ege,39.818998,26.160008,2022-07-06T06:00:00.000Z,16.5,,turkiye.gov.tr,1
17433,GÖKÇEADA UĞURLU LİMAN FENERİ,Çanakkale,Gökçeada,Ege,40.1153,25.6989,2022-07-06T06:00:00.000Z,23.2,,turkiye.gov.tr,1
17434,EZİNE YENİKÖY BAL.BAR. ANA MENDİREK FENERİ,Çanakkale,Ezine,Ege,39.9447,26.1611,2022-07-06T06:00:00.000Z,18.1,,turkiye.gov.tr,1
17436,ENEZ TALİ MENDİREK FENERİ,Edirne,Enez,Ege,40.698218,26.051263,2022-07-06T06:00:00.000Z,23.4,,turkiye.gov.tr,1
17437,TUZLA AYDINLI LİMAN FENERİ,İstanbul,Tuzla,Marmara,40.850611,29.271174,2022-07-06T06:00:00.000Z,20.6,,turkiye.gov.tr,1
17438,SİLİVRİ ANA MENDİREK FENERİ,İstanbul,Silivri,Marmara,41.072866,28.238398,2022-07-06T06:00:00.000Z,23.6,,turkiye.gov.tr,1
17440,URLA BALIKÇI BARINAĞI MENDİREK FENERİ,İzmir,Urla,Ege,38.364761,26.772665,2022-07-06T06:00:00.000Z,24.5,,turkiye.gov.tr,1
17442,KONAK/İZMİR PASAPORT MENDİREK FENERİ,İzmir,Konak,Ege,38.429236,27.131698,2022-07-06T06:00:00.000Z,26.3,,turkiye.gov.tr,1
17443,ÇEŞME/KALE YERİ SIĞ.(DÖKÜNTÜTAŞI) FENERİ,İzmir,Çeşme,Ege,38.329226,26.267881,2022-07-06T06:00:00.000Z,20.6,,turkiye.gov.tr,1
17444,KARABURUN/MORDOĞAN ANA MENDİREK (KUZEY) FENERİ,İzmir,Karaburun,Ege,38.517845,26.627861,2022-07-06T06:00:00.000Z,24.9,,turkiye.gov.tr,1
17445,CİDE KUZEY MENDİREK FENERİ,Kastamonu,Cide,Karadeniz,41.9006,32.9778,2022-07-06T06:00:00.000Z,13.1,,turkiye.gov.tr,1
17446,İNEBOLU KUZEY MENDİREK FENERİ,Kastamonu,İnebolu,Karadeniz,41.9817,33.7769,2022-07-06T06:00:00.000Z,19.5,,turkiye.gov.tr,1
17447,VİZE/MİDYE KIYIKÖY BATI MENDİREK FENERİ (ANA),Kırklareli,Vize,Karadeniz,41.630847,28.101353,2022-07-06T06:00:00.000Z,23.7,,turkiye.gov.tr,1
17448,TUZLA İTÜ GÜNEY MENDİREK FENERİ,İstanbul,Tuzla,Marmara,40.811828,29.297373,2022-07-06T06:00:00.000Z,19.0,,turkiye.gov.tr,1
17452,YALOVA SAMANLIDERE TALİ (DOĞU) MENDİREK FENERİ,Yalova,Merkez,Marmara,40.660597,29.246969,2022-07-06T06:00:00.000Z,20.7,,turkiye.gov.tr,1
17453,ZONGULDAK GÜNEY MENDİREK FENERİ,Zonguldak,Merkez,Karadeniz,41.458611,31.779166,2022-07-06T06:00:00.000Z,22.2,,turkiye.gov.tr,1
17460,ÜNYE BALIKÇI BARINAĞI ANA MENDİREK FENERİ,Ordu,Ünye,Karadeniz,41.116448,37.348722,2022-07-06T06:00:00.000Z,23.8,,turkiye.gov.tr,1
17464,TRABZON LİMANI ANA MENDİREK FENERİ,Trabzon,Ortahisar,Karadeniz,41.006776,39.750108,2022-07-06T06:00:00.000Z,21.9,,turkiye.gov.tr,1
17465,ARAKLI BALIKÇI BARINAĞI TALİ MENDİREK FENERİ,Trabzon,Araklı,Karadeniz,40.945081,40.053776,2022-07-06T06:00:00.000Z,21.3,,turkiye.gov.tr,1
17466,ÇAYELİ BALIKÇI BARINAĞI TALİ MENDİREK FENERİ,Rize,Çayeli,Karadeniz,41.090095,40.722557,2022-07-06T06:00:00.000Z,20.3,,turkiye.gov.tr,1
17467,HOPA ANA MENDİREK FENERİ,Artvin,Hopa,Karadeniz,41.420291,41.429843,2022-07-06T06:00:00.000Z,26.1,,turkiye.gov.tr,1
17470,İNCEBURUN (YILDIZADASI) MARMARİS FENERİ,Muğla,Marmaris,Akdeniz,36.813936,28.265907,2022-07-06T06:00:00.000Z,23.0,,turkiye.gov.tr,1
17472,FETHİYE/İBLİSBURNU DÖKÜNTÜTAŞ FENERİ,Muğla,Fethiye,Akdeniz,36.5455556,29.0108333,2022-07-06T06:00:00.000Z,26.0,,turkiye.gov.tr,1
17473,KAŞ BAYINDIR ANA MENDİREK FENERİ,Antalya,Kaş,Akdeniz,36.183225,29.642011,2022-07-06T06:00:00.000Z,22.9,,turkiye.gov.tr,1
17475,KEMER SIĞLIK FENERİ,Antalya,Kemer,Akdeniz,36.612395,30.574242,2022-07-06T06:00:00.000Z,26.9,,turkiye.gov.tr,1
17476,KONYAALTI/ANTALYA YENİ LİMAN ANA MENDİREK FENERİ,Antalya,Konyaaltı,Akdeniz,36.834011,30.616572,2022-07-06T06:00:00.000Z,27.7,,turkiye.gov.tr,1
17480,KARATAŞ BALIKÇI BARINAĞI TALİ MENDİREK FENERİ,Adana,Karataş,Akdeniz,36.557986,35.383499,2022-07-06T06:00:00.000Z,28.7,,turkiye.gov.tr,1
17482,VAN LİMAN,Van,Tuşba,Van Gölü,38.51486,43.307362,2022-07-06T06:00:00.000Z,21.8,,turkiye.gov.tr,1
17483,TATVAN LİMAN,Bitlis,Tatvan,Van Gölü,38.512592,42.302103,2022-07-06T06:00:00.000Z,19.6,,turkiye.gov.tr,1
17484,ADİLCEVAZ LİMAN,Bitlis,Adilcevaz,Van Gölü,38.797236,42.729931,2022-07-06T06:00:00.000Z,17.2,,turkiye.gov.tr,1
17489,MUDANYA/GÜZELYALI BALIKÇI BARINAĞI,Bursa,Mudanya,Marmara,40.35612,28.934036,2022-07-06T06:00:00.000Z,21.0,,turkiye.gov.tr,1
17490,ERDEMLİ DENİZ BİLİMLERİ ENSTİTÜSÜ,Mersin,Erdemli,Akdeniz,36.563333,34.255,2022-07-06T06:00:00.000Z,26.4,,turkiye.gov.tr,1
17491,GEVAŞ AKDAMAR FENERİ,Van,Gevaş,Van Gölü,38.309988,43.041398,2022-07-06T06:00:00.000Z,22.1,,turkiye.gov.tr,1
17492,DİDİM MARİNA FENERİ,Aydın,Didim,Ege,37.3369,27.264,2022-07-06T06:00:00.000Z,24.1,,turkiye.gov.tr,1
17015,AKÇAKOCA,Düzce,Akçakoca,Karadeniz,41.089528,31.143039,2022-07-20T06:00:00.000Z,23.6,,turkiye.gov.tr,1
17024,İNEBOLU,Kastamonu,İnebolu,Karadeniz,41.978937,33.762945,2022-07-20T06:00:00.000Z,23.7,,turkiye.gov.tr,1
17026,SİNOP,Sinop,Merkez,Karadeniz,42.029821,35.154286,2022-07-20T06:00:00.000Z,24.1,,turkiye.gov.tr,1
17030,SAMSUN BÖLGE,Samsun,Atakum,Karadeniz,41.344286,36.255794,2022-07-20T06:00:00.000Z,24.7,,turkiye.gov.tr,1
17033,ORDU,Ordu,Altınordu,Karadeniz,40.983833,37.885833,2022-07-20T06:00:00.000Z,24.0,,turkiye.gov.tr,1
17034,GİRESUN,Giresun,Merkez,Karadeniz,40.922667,38.387833,2022-07-20T06:00:00.000Z,24.1,,turkiye.gov.tr,1
17038,TRABZON HAVALİMANI,Trabzon,Ortahisar,Karadeniz,40.999133,39.779248,2022-07-20T06:00:00.000Z,21.6,,turkiye.gov.tr,1
17040,RİZE,Rize,Merkez,Karadeniz,41.04,40.501333,2022-07-20T06:00:00.000Z,20.5,,turkiye.gov.tr,1
17042,HOPA,Artvin,Hopa,Karadeniz,41.4065,41.433,2022-07-20T06:00:00.000Z,23.9,,turkiye.gov.tr,1
17044,RİZE ARTVİN HAVALİMANI,Rize,Pazar,Karadeniz,41.177687,40.835223,2022-07-20T06:00:00.000Z,23.7,,turkiye.gov.tr,1
17056,TEKİRDAĞ,Tekirdağ,Süleymanpaşa,Marmara,40.957959,27.496181,2022-07-20T06:00:00.000Z,23.1,,turkiye.gov.tr,1
17059,SARIYER/KUMKÖY-KİLYOS,İstanbul,Sarıyer,Karadeniz,41.25047,29.038367,2022-07-20T06:00:00.000Z,24.2,,turkiye.gov.tr,1
17112,ÇANAKKALE,Çanakkale,Merkez,Marmara,40.141428,26.399616,2022-07-20T06:00:00.000Z,24.3,,turkiye.gov.tr,1
17175,AYVALIK,Balıkesir,Ayvalık,Ege,39.311292,26.686445,2022-07-20T06:00:00.000Z,24.0,,turkiye.gov.tr,1
17180,DİKİLİ,İzmir,Dikili,Ege,39.073861,26.888093,2022-07-20T06:00:00.000Z,25.8,,turkiye.gov.tr,1
17220,İZMİR BÖLGE,İzmir,Konak,Ege,38.3945,27.0821,2022-07-20T06:00:00.000Z,24.7,,turkiye.gov.tr,1
17232,KUŞADASI,Aydın,Kuşadası,Ege,37.859636,27.265115,2022-07-20T06:00:00.000Z,22.4,,turkiye.gov.tr,1
17290,BODRUM,Muğla,Bodrum,Ege,37.032611,27.439801,2022-07-20T06:00:00.000Z,24.0,,turkiye.gov.tr,1
17296,FETHİYE,Muğla,Fethiye,Akdeniz,36.626611,29.123804,2022-07-20T06:00:00.000Z,27.5,,turkiye.gov.tr,1
17298,MARMARİS,Muğla,Marmaris,Akdeniz,36.83926,28.244995,2022-07-20T06:00:00.000Z,23.6,,turkiye.gov.tr,1
17302,ANTALYA BÖLGE,Antalya,Muratpaşa,Akdeniz,36.885073,30.682793,2022-07-20T06:00:00.000Z,28.2,,turkiye.gov.tr,1
17310,ALANYA,Antalya,Alanya,Akdeniz,36.54999,31.979822,2022-07-20T06:00:00.000Z,28.3,,turkiye.gov.tr,1
17320,ANAMUR,Mersin,Anamur,Akdeniz,36.068614,32.864876,2022-07-20T06:00:00.000Z,27.6,,turkiye.gov.tr,1
17340,MERSİN,Mersin,Yenişehir,Akdeniz,36.780904,34.603125,2022-07-20T06:00:00.000Z,29.3,,turkiye.gov.tr,1
17370,İSKENDERUN,Hatay,İskenderun,Akdeniz,36.592358,36.158158,2022-07-20T06:00:00.000Z,30.4,,turkiye.gov.tr,1
17375,FİNİKE,Antalya,Finike,Akdeniz,36.3024,30.1458,2022-07-20T06:00:00.000Z,27.6,,turkiye.gov.tr,1
17380,KAŞ,Antalya,Kaş,Akdeniz,36.200579,29.649995,2022-07-20T06:00:00.000Z,28.4,,turkiye.gov.tr,1
17381,KUŞADASI 3. NOLU ŞAMANDIRA,Aydın,Kuşadası,Ege,37.8458,27.2194,2022-07-20T06:00:00.000Z,22.8,,turkiye.gov.tr,1
17383,NARLIDERE/İZMİR KÖRFEZİ A NOKTASI IŞIKLI ŞAMANDIRA,İzmir,Narlıdere,Ege,38.421203,26.917843,2022-07-20T06:00:00.000Z,22.7,,turkiye.gov.tr,1
17384,URLA/KUBİLAY SIĞLIĞI IŞIKLI ŞAMANDIRA,İzmir,Urla,Ege,38.4467,26.7175,2022-07-20T06:00:00.000Z,24.2,,turkiye.gov.tr,1
17386,BODRUM KARAADA SIĞLIK IŞIKLI ŞAMANDIRA,Muğla,Bodrum,Ege,37.0081,27.4142,2022-07-20T06:00:00.000Z,23.5,,turkiye.gov.tr,1
17389,ADALAR ŞAMANDIRA,İstanbul,Adalar,Marmara,40.93278,28.94889,2022-07-20T06:00:00.000Z,18.6,,turkiye.gov.tr,1
17393,ANTALYA KÖRFEZİ ŞAMANDIRA,Antalya,Serik,Akdeniz,36.73874,31.00718,2022-07-20T06:00:00.000Z,27.9,,turkiye.gov.tr,1
17395,AMASRA ŞAMANDIRA,Bartın,Amasra,Karadeniz,41.86081,32.57793,2022-07-20T06:00:00.000Z,23.3,,turkiye.gov.tr,1
17396,SİNOP ŞAMANDIRA,Sinop,Merkez,Karadeniz,42.01086,34.80268,2022-07-20T06:00:00.000Z,23.7,,turkiye.gov.tr,1
17397,ORDU ŞAMANDIRA,Ordu,Gülyalı,Karadeniz,41.048017,38.14585,2022-07-20T06:00:00.000Z,23.8,,turkiye.gov.tr,1
17398,HOPA ŞAMANDIRA,Artvin,Hopa,Karadeniz,41.41104,41.32867,2022-07-20T06:00:00.000Z,23.8,,turkiye.gov.tr,1
17421,AYVALIK KANAL SANCAK A FENERİ,Balıkesir,Ayvalık,Ege,39.323394,26.640546,2022-07-20T06:00:00.000Z,18.8,,turkiye.gov.tr,1
17422,BANDIRMA KUZEY MENDİREK FENERİ,Balıkesir,Bandırma,Marmara,40.358554,27.958451,2022-07-20T06:00:00.000Z,23.2,,turkiye.gov.tr,1
17423,MARMARA BARINAK ANA MENDİREK FENERİ,Balıkesir,Marmara,Marmara,40.583839,27.560849,2022-07-20T06:00:00.000Z,22.1,,turkiye.gov.tr,1
17425,LAPSEKİ/ZİNCİRBOZAN FENERİ,Çanakkale,Lapseki,Marmara,40.4206,26.7536,2022-07-20T06:00:00.000Z,24.0,,turkiye.gov.tr,1
17426,BARTIN GÜNEY MENDİREK FENERİ,Bartın,Merkez,Karadeniz,41.6864,32.2261,2022-07-20T06:00:00.000Z,21.5,,turkiye.gov.tr,1
17427,BOZCAADA LİMAN GİRİŞİ GÜNEY MENDİREK FENERİ,Çanakkale,Bozcaada,Ege,39.8341,26.0748,2022-07-20T06:00:00.000Z,18.1,,turkiye.gov.tr,1
17428,AYVACIK/GÜLPINAR ANA MENDİREK FENERİ,Çanakkale,Ayvacık,Ege,39.5658,26.0967,2022-07-20T06:00:00.000Z,19.7,,turkiye.gov.tr,1
17429,ECEABAT/KABATEPE GÜNEY MENDİREK FENERİ,Çanakkale,Eceabat,Ege,40.2019,26.2669,2022-07-20T06:00:00.000Z,20.1,,turkiye.gov.tr,1
17430,GÖKÇEADA KALEKÖY ANA MENDİREK FENERİ,Çanakkale,Gökçeada,Ege,40.2317,25.8914,2022-07-20T06:00:00.000Z,23.8,,turkiye.gov.tr,1
17431,BİGA/KARABİGA BAR. (B) NOKTASI GÜNEY MEN. FENERİ,Çanakkale,Biga,Marmara,40.399583,27.305591,2022-07-20T06:00:00.000Z,23.6,,turkiye.gov.tr,1
17432,EZİNE/GEYİKLİ ODUNLUK İSKELE FENERİ,Çanakkale,Ezine,Ege,39.818998,26.160008,2022-07-20T06:00:00.000Z,17.9,,turkiye.gov.tr,1
17433,GÖKÇEADA UĞURLU LİMAN FENERİ,Çanakkale,Gökçeada,Ege,40.1153,25.6989,2022-07-20T06:00:00.000Z,23.5,,turkiye.gov.tr,1
17434,EZİNE YENİKÖY BAL.BAR. ANA MENDİREK FENERİ,Çanakkale,Ezine,Ege,39.9447,26.1611,2022-07-20T06:00:00.000Z,17.6,,turkiye.gov.tr,1
17436,ENEZ TALİ MENDİREK FENERİ,Edirne,Enez,Ege,40.698218,26.051263,2022-07-20T06:00:00.000Z,22.3,,turkiye.gov.tr,1
17437,TUZLA AYDINLI LİMAN FENERİ,İstanbul,Tuzla,Marmara,40.850611,29.271174,2022-07-20T06:00:00.000Z,17.5,,turkiye.gov.tr,1
17438,SİLİVRİ ANA MENDİREK FENERİ,İstanbul,Silivri,Marmara,41.072866,28.238398,2022-07-20T06:00:00.000Z,23.4,,turkiye.gov.tr,1
17440,URLA BALIKÇI BARINAĞI MENDİREK FENERİ,İzmir,Urla,Ege,38.364761,26.772665,2022-07-20T06:00:00.000Z,23.5,,turkiye.gov.tr,1
17442,KONAK/İZMİR PASAPORT MENDİREK FENERİ,İzmir,Konak,Ege,38.429236,27.131698,2022-07-20T06:00:00.000Z,24.9,,turkiye.gov.tr,1
17443,ÇEŞME/KALE YERİ SIĞ.(DÖKÜNTÜTAŞI) FENERİ,İzmir,Çeşme,Ege,38.329226,26.267881,2022-07-20T06:00:00.000Z,21.1,,turkiye.gov.tr,1
17445,CİDE KUZEY MENDİREK FENERİ,Kastamonu,Cide,Karadeniz,41.9006,32.9778,2022-07-20T06:00:00.000Z,17.7,,turkiye.gov.tr,1
17446,İNEBOLU KUZEY MENDİREK FENERİ,Kastamonu,İnebolu,Karadeniz,41.9817,33.7769,2022-07-20T06:00:00.000Z,22.2,,turkiye.gov.tr,1
17447,VİZE/MİDYE KIYIKÖY BATI MENDİREK FENERİ (ANA),Kırklareli,Vize,Karadeniz,41.630847,28.101353,2022-07-20T06:00:00.000Z,22.8,,turkiye.gov.tr,1
17448,TUZLA İTÜ GÜNEY MENDİREK FENERİ,İstanbul,Tuzla,Marmara,40.811828,29.297373,2022-07-20T06:00:00.000Z,20.2,,turkiye.gov.tr,1
17452,YALOVA SAMANLIDERE TALİ (DOĞU) MENDİREK FENERİ,Yalova,Merkez,Marmara,40.660597,29.246969,2022-07-20T06:00:00.000Z,20.4,,turkiye.gov.tr,1
17453,ZONGULDAK GÜNEY MENDİREK FENERİ,Zonguldak,Merkez,Karadeniz,41.458611,31.779166,2022-07-20T06:00:00.000Z,22.8,,turkiye.gov.tr,1
17460,ÜNYE BALIKÇI BARINAĞI ANA MENDİREK FENERİ,Ordu,Ünye,Karadeniz,41.116448,37.348722,2022-07-20T06:00:00.000Z,23.6,,turkiye.gov.tr,1
17464,TRABZON LİMANI ANA MENDİREK FENERİ,Trabzon,Ortahisar,Karadeniz,41.006776,39.750108,2022-07-20T06:00:00.000Z,20.8,,turkiye.gov.tr,1
17465,ARAKLI BALIKÇI BARINAĞI TALİ MENDİREK FENERİ,Trabzon,Araklı,Karadeniz,40.945081,40.053776,2022-07-20T06:00:00.000Z,20.8,,turkiye.gov.tr,1
17466,ÇAYELİ BALIKÇI BARINAĞI TALİ MENDİREK FENERİ,Rize,Çayeli,Karadeniz,41.090095,40.722557,2022-07-20T06:00:00.000Z,20.0,,turkiye.gov.tr,1
17467,HOPA ANA MENDİREK FENERİ,Artvin,Hopa,Karadeniz,41.420291,41.429843,2022-07-20T06:00:00.000Z,24.1,,turkiye.gov.tr,1
17472,FETHİYE/İBLİSBURNU DÖKÜNTÜTAŞ FENERİ,Muğla,Fethiye,Akdeniz,36.5455556,29.0108333,2022-07-20T06:00:00.000Z,27.4,,turkiye.gov.tr,1
17473,KAŞ BAYINDIR ANA MENDİREK FENERİ,Antalya,Kaş,Akdeniz,36.183225,29.642011,2022-07-20T06:00:00.000Z,28.5,,turkiye.gov.tr,1
17475,KEMER SIĞLIK FENERİ,Antalya,Kemer,Akdeniz,36.612395,30.574242,2022-07-20T06:00:00.000Z,28.3,,turkiye.gov.tr,1
17476,KONYAALTI/ANTALYA YENİ LİMAN ANA MENDİREK FENERİ,Antalya,Konyaaltı,Akdeniz,36.834011,30.616572,2022-07-20T06:00:00.000Z,28.3,,turkiye.gov.tr,1
17479,SİLİFKE/TAŞUCU SEKA ANA MENDİREK FENERİ,Mersin,Silifke,Akdeniz,36.309162,33.889845,2022-07-20T06:00:00.000Z,25.6,,turkiye.gov.tr,1
17480,KARATAŞ BALIKÇI BARINAĞI TALİ MENDİREK FENERİ,Adana,Karataş,Akdeniz,36.557986,35.383499,2022-07-20T06:00:00.000Z,29.9,,turkiye.gov.tr,1
17482,VAN LİMAN,Van,Tuşba,Van Gölü,38.51486,43.307362,2022-07-20T06:00:00.000Z,24.9,,turkiye.gov.tr,1
17483,TATVAN LİMAN,Bitlis,Tatvan,Van Gölü,38.512592,42.302103,2022-07-20T06:00:00.000Z,21.7,,turkiye.gov.tr,1
17484,ADİLCEVAZ LİMAN,Bitlis,Adilcevaz,Van Gölü,38.797236,42.729931,2022-07-20T06:00:00.000Z,18.8,,turkiye.gov.tr,1
17489,MUDANYA/GÜZELYALI BALIKÇI BARINAĞI,Bursa,Mudanya,Marmara,40.35612,28.934036,2022-07-20T06:00:00.000Z,18.2,,turkiye.gov.tr,1
17490,ERDEMLİ DENİZ BİLİMLERİ ENSTİTÜSÜ,Mersin,Erdemli,Akdeniz,36.563333,34.255,2022-07-20T06:00:00.000Z,28.0,,turkiye.gov.tr,1
17491,GEVAŞ AKDAMAR FENERİ,Van,Gevaş,Van Gölü,38.309988,43.041398,2022-07-20T06:00:00.000Z,24.0,,turkiye.gov.tr,1
17492,DİDİM MARİNA FENERİ,Aydın,Didim,Ege,37.3369,27.264,2022-07-20T06:00:00.000Z,24.1,,turkiye.gov.tr,1
17492,DİDİM MARİNA FENERİ,Aydın,Didim,Ege,37.3369,27.264,2022-08-18T05:15:00.000Z,23.5,,mgm,0
17393,ANTALYA KÖRFEZİ ŞAMANDIRA,Antalya,Serik,Akdeniz,36.73874,31.00718,2022-08-18T07:30:00.000Z,29.3,,mgm,0
17421,AYVALIK KANAL SANCAK A FENERİ,Balıkesir,Ayvalık,Ege,39.323394,26.640546,2022-08-18T08:26:00.000Z,23.3,,mgm,0
17422,BANDIRMA KUZEY MENDİREK FENERİ,Balıkesir,Bandırma,Marmara,40.358554,27.958451,2022-08-18T08:26:00.000Z,26.0,,mgm,0
17447,VİZE/MİDYE KIYIKÖY BATI MENDİREK FENERİ (ANA),Kırklareli,Vize,Karadeniz,41.630847,28.101353,2022-08-18T08:26:00.000Z,24.9,,mgm,0
17423,MARMARA BARINAK ANA MENDİREK FENERİ,Balıkesir,Marmara,Marmara,40.583839,27.560849,2022-08-18T08:27:00.000Z,25.0,,mgm,0
17426,BARTIN GÜNEY MENDİREK FENERİ,Bartın,Merkez,Karadeniz,41.6864,32.2261,2022-08-18T08:27:00.000Z,25.8,,mgm,0
17438,SİLİVRİ ANA MENDİREK FENERİ,İstanbul,Silivri,Marmara,41.072866,28.238398,2022-08-18T08:27:00.000Z,25.1,,mgm,0
17440,URLA BALIKÇI BARINAĞI MENDİREK FENERİ,İzmir,Urla,Ege,38.364761,26.772665,2022-08-18T08:27:00.000Z,28.1,,mgm,0
17442,KONAK/İZMİR PASAPORT MENDİREK FENERİ,İzmir,Konak,Ege,38.429236,27.131698,2022-08-18T08:27:00.000Z,27.7,,mgm,0
17448,TUZLA İTÜ GÜNEY MENDİREK FENERİ,İstanbul,Tuzla,Marmara,40.811828,29.297373,2022-08-18T08:27:00.000Z,25.6,,mgm,0
17446,İNEBOLU KUZEY MENDİREK FENERİ,Kastamonu,İnebolu,Karadeniz,41.9817,33.7769,2022-08-18T08:28:00.000Z,25.4,,mgm,0
17381,KUŞADASI 3. NOLU ŞAMANDIRA,Aydın,Kuşadası,Ege,37.8458,27.2194,2022-08-18T08:30:00.000Z,24.5,,mgm,0
17383,NARLIDERE/İZMİR KÖRFEZİ A NOKTASI IŞIKLI ŞAMANDIRA,İzmir,Narlıdere,Ege,38.421203,26.917843,2022-08-18T08:30:00.000Z,27.1,,mgm,0
17384,URLA/KUBİLAY SIĞLIĞI IŞIKLI ŞAMANDIRA,İzmir,Urla,Ege,38.4467,26.7175,2022-08-18T08:30:00.000Z,27.1,,mgm,0
17425,LAPSEKİ/ZİNCİRBOZAN FENERİ,Çanakkale,Lapseki,Marmara,40.4206,26.7536,2022-08-18T08:30:00.000Z,26.1,,mgm,0
17427,BOZCAADA LİMAN GİRİŞİ GÜNEY MENDİREK FENERİ,Çanakkale,Bozcaada,Ege,39.8341,26.0748,2022-08-18T08:30:00.000Z,24.6,,mgm,0
17428,AYVACIK/GÜLPINAR ANA MENDİREK FENERİ,Çanakkale,Ayvacık,Ege,39.5658,26.0967,2022-08-18T08:30:00.000Z,23.3,,mgm,0
17429,ECEABAT/KABATEPE GÜNEY MENDİREK FENERİ,Çanakkale,Eceabat,Ege,40.2019,26.2669,2022-08-18T08:30:00.000Z,26.2,,mgm,0
17430,GÖKÇEADA KALEKÖY ANA MENDİREK FENERİ,Çanakkale,Gökçeada,Ege,40.2317,25.8914,2022-08-18T08:30:00.000Z,26.8,,mgm,0
17431,BİGA/KARABİGA BAR. (B) NOKTASI GÜNEY MEN. FENERİ,Çanakkale,Biga,Marmara,40.399583,27.305591,2022-08-18T08:30:00.000Z,26.4,,mgm,0
17432,EZİNE/GEYİKLİ ODUNLUK İSKELE FENERİ,Çanakkale,Ezine,Ege,39.818998,26.160008,2022-08-18T08:30:00.000Z,23.5,,mgm,0
17433,GÖKÇEADA UĞURLU LİMAN FENERİ,Çanakkale,Gökçeada,Ege,40.1153,25.6989,2022-08-18T08:30:00.000Z,25.0,,mgm,0
17437,TUZLA AYDINLI LİMAN FENERİ,İstanbul,Tuzla,Marmara,40.850611,29.271174,2022-08-18T08:30:00.000Z,25.3,,mgm,0
17441,GÜZELBAHÇE FENERİ,İzmir,Güzelbahçe,Ege,38.378579,26.885605,2022-08-18T08:30:00.000Z,29.2,,mgm,0
17443,ÇEŞME/KALE YERİ SIĞ.(DÖKÜNTÜTAŞI) FENERİ,İzmir,Çeşme,Ege,38.329226,26.267881,2022-08-18T08:30:00.000Z,24.7,,mgm,0
17444,KARABURUN/MORDOĞAN ANA MENDİREK (KUZEY) FENERİ,İzmir,Karaburun,Ege,38.517845,26.627861,2022-08-18T08:30:00.000Z,27.0,,mgm,0
17445,CİDE KUZEY MENDİREK FENERİ,Kastamonu,Cide,Karadeniz,41.9006,32.9778,2022-08-18T08:30:00.000Z,26.8,,mgm,0
17453,ZONGULDAK GÜNEY MENDİREK FENERİ,Zonguldak,Merkez,Karadeniz,41.458611,31.779166,2022-08-18T08:30:00.000Z,26.0,,mgm,0
17467,HOPA ANA MENDİREK FENERİ,Artvin,Hopa,Karadeniz,41.420291,41.429843,2022-08-18T08:30:00.000Z,30.8,,mgm,0
17470,İNCEBURUN (YILDIZADASI) MARMARİS FENERİ,Muğla,Marmaris,Akdeniz,36.813936,28.265907,2022-08-18T08:30:00.000Z,24.1,,mgm,0
17476,KONYAALTI/ANTALYA YENİ LİMAN ANA MENDİREK FENERİ,Antalya,Konyaaltı,Akdeniz,36.834011,30.616572,2022-08-18T08:30:00.000Z,32.1,,mgm,0
17486,İSKENDERUN KÖRFEZİ,Hatay,Payas,Akdeniz,36.59159,36.17992,2022-08-18T08:30:00.000Z,31.0,,mgm,0
17490,ERDEMLİ DENİZ BİLİMLERİ ENSTİTÜSÜ,Mersin,Erdemli,Akdeniz,36.563333,34.255,2022-08-18T08:30:00.000Z,27.1,,mgm,0
17491,GEVAŞ AKDAMAR FENERİ,Van,Gevaş,Van Gölü,38.309988,43.041398,2022-08-18T08:30:00.000Z,25.7,,mgm,0
17493,SEFERİHİSAR/SIĞACIK MARİNA FENERİ,İzmir,Seferihisar,Ege,38.195707,26.782742,2022-08-18T08:30:00.000Z,23.5,,mgm,0
17386,BODRUM KARAADA SIĞLIK IŞIKLI ŞAMANDIRA,Muğla,Bodrum,Ege,37.0081,27.4142,2022-08-18T08:31:00.000Z,25.2,,mgm,0
17436,ENEZ TALİ MENDİREK FENERİ,Edirne,Enez,Ege,40.698218,26.051263,2022-08-18T08:31:00.000Z,24.6,,mgm,0
17464,TRABZON LİMANI ANA MENDİREK FENERİ,Trabzon,Ortahisar,Karadeniz,41.006776,39.750108,2022-08-18T08:31:00.000Z,24.5,,mgm,0
17475,KEMER SIĞLIK FENERİ,Antalya,Kemer,Akdeniz,36.612395,30.574242,2022-08-18T08:31:00.000Z,30.1,,mgm,0
17479,SİLİFKE/TAŞUCU SEKA ANA MENDİREK FENERİ,Mersin,Silifke,Akdeniz,36.309162,33.889845,2022-08-18T08:31:00.000Z,28.2,,mgm,0
17482,VAN LİMAN,Van,Tuşba,Van Gölü,38.51486,43.307362,2022-08-18T08:31:00.000Z,24.9,,mgm,0
17483,TATVAN LİMAN,Bitlis,Tatvan,Van Gölü,38.512592,42.302103,2022-08-18T08:31:00.000Z,22.7,,mgm,0
17484,ADİLCEVAZ LİMAN,Bitlis,Adilcevaz,Van Gölü,38.797236,42.729931,2022-08-18T08:31:00.000Z,20.9,,mgm,0
17460,ÜNYE BALIKÇI BARINAĞI ANA MENDİREK FENERİ,Ordu,Ünye,Karadeniz,41.116448,37.348722,2022-08-18T08:32:00.000Z,26.2,,mgm,0
17466,ÇAYELİ BALIKÇI BARINAĞI TALİ MENDİREK FENERİ,Rize,Çayeli,Karadeniz,41.090095,40.722557,2022-08-18T08:32:00.000Z,23.0,,mgm,0
17489,MUDANYA/GÜZELYALI BALIKÇI BARINAĞI,Bursa,Mudanya,Marmara,40.35612,28.934036,2022-08-18T08:32:00.000Z,24.5,,mgm,0
17472,FETHİYE/İBLİSBURNU DÖKÜNTÜTAŞ FENERİ,Muğla,Fethiye,Akdeniz,36.5455556,29.0108333,2022-08-18T08:34:00.000Z,27.1,,mgm,0
17465,ARAKLI BALIKÇI BARINAĞI TALİ MENDİREK FENERİ,Trabzon,Araklı,Karadeniz,40.945081,40.053776,2022-08-18T08:35:00.000Z,23.9,,mgm,0
17015,AKÇAKOCA,Düzce,Akçakoca,Karadeniz,41.089528,31.143039,2022-08-18T09:00:00.000Z,25.0,,mgm,0
17024,İNEBOLU,Kastamonu,İnebolu,Karadeniz,41.978937,33.762945,2022-08-18T09:00:00.000Z,24.9,,mgm,0
17026,SİNOP,Sinop,Merkez,Karadeniz,42.029821,35.154286,2022-08-18T09:00:00.000Z,26.6,,mgm,0
17030,SAMSUN BÖLGE,Samsun,Atakum,Karadeniz,41.344286,36.255794,2022-08-18T09:00:00.000Z,26.5,,mgm,0
17033,ORDU,Ordu,Altınordu,Karadeniz,40.983833,37.885833,2022-08-18T09:00:00.000Z,26.1,,mgm,0
17034,GİRESUN,Giresun,Merkez,Karadeniz,40.922667,38.387833,2022-08-18T09:00:00.000Z,27.7,,mgm,0
17038,TRABZON HAVALİMANI,Trabzon,Ortahisar,Karadeniz,40.999133,39.779248,2022-08-18T09:00:00.000Z,24.4,,mgm,0
17040,RİZE,Rize,Merkez,Karadeniz,41.04,40.501333,2022-08-18T09:00:00.000Z,23.3,,mgm,0
17042,HOPA,Artvin,Hopa,Karadeniz,41.4065,41.433,2022-08-18T09:00:00.000Z,24.0,,mgm,0
17044,RİZE ARTVİN HAVALİMANI,Rize,Pazar,Karadeniz,41.177687,40.835223,2022-08-18T09:00:00.000Z,26.9,,mgm,0
17056,TEKİRDAĞ,Tekirdağ,Süleymanpaşa,Marmara,40.957959,27.496181,2022-08-18T09:00:00.000Z,24.5,,mgm,0
17059,SARIYER/KUMKÖY-KİLYOS,İstanbul,Sarıyer,Karadeniz,41.25047,29.038367,2022-08-18T09:00:00.000Z,25.0,,mgm,0
17112,ÇANAKKALE,Çanakkale,Merkez,Marmara,40.141428,26.399616,2022-08-18T09:00:00.000Z,24.6,,mgm,0
17175,AYVALIK,Balıkesir,Ayvalık,Ege,39.311292,26.686445,2022-08-18T09:00:00.000Z,24.7,,mgm,0
17180,DİKİLİ,İzmir,Dikili,Ege,39.073861,26.888093,2022-08-18T09:00:00.000Z,24.8,,mgm,0
17220,İZMİR BÖLGE,İzmir,Konak,Ege,38.3945,27.0821,2022-08-18T09:00:00.000Z,27.6,,mgm,0
17232,KUŞADASI,Aydın,Kuşadası,Ege,37.859636,27.265115,2022-08-18T09:00:00.000Z,24.8,,mgm,0
17290,BODRUM,Muğla,Bodrum,Ege,37.032611,27.439801,2022-08-18T09:00:00.000Z,25.2,,mgm,0
17296,FETHİYE,Muğla,Fethiye,Akdeniz,36.626611,29.123804,2022-08-18T09:00:00.000Z,29.4,,mgm,0
17297,DATÇA,Muğla,Datça,Ege,36.707945,27.691918,2022-08-18T09:00:00.000Z,25.1,,mgm,0
17298,MARMARİS,Muğla,Marmaris,Akdeniz,36.83926,28.244995,2022-08-18T09:00:00.000Z,26.8,,mgm,0
17302,ANTALYA BÖLGE,Antalya,Muratpaşa,Akdeniz,36.885073,30.682793,2022-08-18T09:00:00.000Z,30.7,,mgm,0
17310,ALANYA,Antalya,Alanya,Akdeniz,36.54999,31.979822,2022-08-18T09:00:00.000Z,29.8,,mgm,0
17340,MERSİN,Mersin,Yenişehir,Akdeniz,36.780904,34.603125,2022-08-18T09:00:00.000Z,30.1,,mgm,0
17370,İSKENDERUN,Hatay,İskenderun,Akdeniz,36.592358,36.158158,2022-08-18T09:00:00.000Z,30.6,,mgm,0
17375,FİNİKE,Antalya,Finike,Akdeniz,36.3024,30.1458,2022-08-18T09:00:00.000Z,29.9,,mgm,0
17380,KAŞ,Antalya,Kaş,Akdeniz,36.200579,29.649995,2022-08-18T09:00:00.000Z,30.0,,mgm,0
17015,AKÇAKOCA,Düzce,Akçakoca,Karadeniz,41.089528,31.143039,2022-10-05T06:00:00.000Z,21.0,,turkiye.gov.tr,1
17024,İNEBOLU,Kastamonu,İnebolu,Karadeniz,41.978937,33.762945,2022-10-05T06:00:00.000Z,20.9,,turkiye.gov.tr,1
17026,SİNOP,Sinop,Merkez,Karadeniz,42.029821,35.154286,2022-10-05T06:00:00.000Z,22.1,,turkiye.gov.tr,1
17030,SAMSUN BÖLGE,Samsun,Atakum,Karadeniz,41.344286,36.255794,2022-10-05T06:00:00.000Z,21.4,,turkiye.gov.tr,1
17033,ORDU,Ordu,Altınordu,Karadeniz,40.983833,37.885833,2022-10-05T06:00:00.000Z,21.8,,turkiye.gov.tr,1
17034,GİRESUN,Giresun,Merkez,Karadeniz,40.922667,38.387833,2022-10-05T06:00:00.000Z,21.6,,turkiye.gov.tr,1
17038,TRABZON HAVALİMANI,Trabzon,Ortahisar,Karadeniz,40.999133,39.779248,2022-10-05T06:00:00.000Z,19.5,,turkiye.gov.tr,1
17040,RİZE,Rize,Merkez,Karadeniz,41.04,40.501333,2022-10-05T06:00:00.000Z,19.2,,turkiye.gov.tr,1
17042,HOPA,Artvin,Hopa,Karadeniz,41.4065,41.433,2022-10-05T06:00:00.000Z,19.7,,turkiye.gov.tr,1
17044,RİZE ARTVİN HAVALİMANI,Rize,Pazar,Karadeniz,41.177687,40.835223,2022-10-05T06:00:00.000Z,23.2,,turkiye.gov.tr,1
17056,TEKİRDAĞ,Tekirdağ,Süleymanpaşa,Marmara,40.957959,27.496181,2022-10-05T06:00:00.000Z,20.9,,turkiye.gov.tr,1
17059,SARIYER/KUMKÖY-KİLYOS,İstanbul,Sarıyer,Karadeniz,41.25047,29.038367,2022-10-05T06:00:00.000Z,21.2,,turkiye.gov.tr,1
17112,ÇANAKKALE,Çanakkale,Merkez,Marmara,40.141428,26.399616,2022-10-05T06:00:00.000Z,20.2,,turkiye.gov.tr,1
17175,AYVALIK,Balıkesir,Ayvalık,Ege,39.311292,26.686445,2022-10-05T06:00:00.000Z,21.6,,turkiye.gov.tr,1
17180,DİKİLİ,İzmir,Dikili,Ege,39.073861,26.888093,2022-10-05T06:00:00.000Z,21.0,,turkiye.gov.tr,1
17220,İZMİR BÖLGE,İzmir,Konak,Ege,38.3945,27.0821,2022-10-05T06:00:00.000Z,23.7,,turkiye.gov.tr,1
17232,KUŞADASI,Aydın,Kuşadası,Ege,37.859636,27.265115,2022-10-05T06:00:00.000Z,21.9,,turkiye.gov.tr,1
17290,BODRUM,Muğla,Bodrum,Ege,37.032611,27.439801,2022-10-05T06:00:00.000Z,22.3,,turkiye.gov.tr,1
17296,FETHİYE,Muğla,Fethiye,Akdeniz,36.626611,29.123804,2022-10-05T06:00:00.000Z,25.1,,turkiye.gov.tr,1
17297,DATÇA,Muğla,Datça,Ege,36.707945,27.691918,2022-10-05T06:00:00.000Z,21.1,,turkiye.gov.tr,1
17298,MARMARİS,Muğla,Marmaris,Akdeniz,36.83926,28.244995,2022-10-05T06:00:00.000Z,21.7,,turkiye.gov.tr,1
17302,ANTALYA BÖLGE,Antalya,Muratpaşa,Akdeniz,36.885073,30.682793,2022-10-05T06:00:00.000Z,27.3,,turkiye.gov.tr,1
17310,ALANYA,Antalya,Alanya,Akdeniz,36.54999,31.979822,2022-10-05T06:00:00.000Z,27.1,,turkiye.gov.tr,1
17320,ANAMUR,Mersin,Anamur,Akdeniz,36.068614,32.864876,2022-10-05T06:00:00.000Z,26.7,,turkiye.gov.tr,1
17340,MERSİN,Mersin,Yenişehir,Akdeniz,36.780904,34.603125,2022-10-05T06:00:00.000Z,27.4,,turkiye.gov.tr,1
17370,İSKENDERUN,Hatay,İskenderun,Akdeniz,36.592358,36.158158,2022-10-05T06:00:00.000Z,28.3,,turkiye.gov.tr,1
17375,FİNİKE,Antalya,Finike,Akdeniz,36.3024,30.1458,2022-10-05T06:00:00.000Z,27.0,,turkiye.gov.tr,1
17380,KAŞ,Antalya,Kaş,Akdeniz,36.200579,29.649995,2022-10-05T06:00:00.000Z,26.9,,turkiye.gov.tr,1
17381,KUŞADASI 3. NOLU ŞAMANDIRA,Aydın,Kuşadası,Ege,37.8458,27.2194,2022-10-05T06:00:00.000Z,21.2,,turkiye.gov.tr,1
17383,NARLIDERE/İZMİR KÖRFEZİ A NOKTASI IŞIKLI ŞAMANDIRA,İzmir,Narlıdere,Ege,38.421203,26.917843,2022-10-05T06:00:00.000Z,22.6,,turkiye.gov.tr,1
17384,URLA/KUBİLAY SIĞLIĞI IŞIKLI ŞAMANDIRA,İzmir,Urla,Ege,38.4467,26.7175,2022-10-05T06:00:00.000Z,22.2,,turkiye.gov.tr,1
17386,BODRUM KARAADA SIĞLIK IŞIKLI ŞAMANDIRA,Muğla,Bodrum,Ege,37.0081,27.4142,2022-10-05T06:00:00.000Z,21.6,,turkiye.gov.tr,1
17387,GİRESUN PALAMUT KAYALIĞI MAHMUZ FENERİ,Giresun,Merkez,Karadeniz,40.9182,38.3783,2022-10-05T06:00:00.000Z,21.4,,turkiye.gov.tr,1
17388,SİLİVRİ TPAO ŞAMANDIRA,İstanbul,Silivri,Marmara,41.039565,28.187255,2022-10-05T06:00:00.000Z,15.6,,turkiye.gov.tr,1
17397,ORDU ŞAMANDIRA,Ordu,Gülyalı,Karadeniz,41.048017,38.14585,2022-10-05T06:00:00.000Z,21.9,,turkiye.gov.tr,1
17421,AYVALIK KANAL SANCAK A FENERİ,Balıkesir,Ayvalık,Ege,39.323394,26.640546,2022-10-05T06:00:00.000Z,20.1,,turkiye.gov.tr,1
17422,BANDIRMA KUZEY MENDİREK FENERİ,Balıkesir,Bandırma,Marmara,40.358554,27.958451,2022-10-05T06:00:00.000Z,19.9,,turkiye.gov.tr,1
17423,MARMARA BARINAK ANA MENDİREK FENERİ,Balıkesir,Marmara,Marmara,40.583839,27.560849,2022-10-05T06:00:00.000Z,20.3,,turkiye.gov.tr,1
17425,LAPSEKİ/ZİNCİRBOZAN FENERİ,Çanakkale,Lapseki,Marmara,40.4206,26.7536,2022-10-05T06:00:00.000Z,21.5,,turkiye.gov.tr,1
17426,BARTIN GÜNEY MENDİREK FENERİ,Bartın,Merkez,Karadeniz,41.6864,32.2261,2022-10-05T06:00:00.000Z,21.0,,turkiye.gov.tr,1
17427,BOZCAADA LİMAN GİRİŞİ GÜNEY MENDİREK FENERİ,Çanakkale,Bozcaada,Ege,39.8341,26.0748,2022-10-05T06:00:00.000Z,21.4,,turkiye.gov.tr,1
17428,AYVACIK/GÜLPINAR ANA MENDİREK FENERİ,Çanakkale,Ayvacık,Ege,39.5658,26.0967,2022-10-05T06:00:00.000Z,18.7,,turkiye.gov.tr,1
17429,ECEABAT/KABATEPE GÜNEY MENDİREK FENERİ,Çanakkale,Eceabat,Ege,40.2019,26.2669,2022-10-05T06:00:00.000Z,22.4,,turkiye.gov.tr,1
17430,GÖKÇEADA KALEKÖY ANA MENDİREK FENERİ,Çanakkale,Gökçeada,Ege,40.2317,25.8914,2022-10-05T06:00:00.000Z,21.8,,turkiye.gov.tr,1
17431,BİGA/KARABİGA BAR. (B) NOKTASI GÜNEY MEN. FENERİ,Çanakkale,Biga,Marmara,40.399583,27.305591,2022-10-05T06:00:00.000Z,20.2,,turkiye.gov.tr,1
17432,EZİNE/GEYİKLİ ODUNLUK İSKELE FENERİ,Çanakkale,Ezine,Ege,39.818998,26.160008,2022-10-05T06:00:00.000Z,20.3,,turkiye.gov.tr,1
17433,GÖKÇEADA UĞURLU LİMAN FENERİ,Çanakkale,Gökçeada,Ege,40.1153,25.6989,2022-10-05T06:00:00.000Z,21.4,,turkiye.gov.tr,1
17434,EZİNE YENİKÖY BAL.BAR. ANA MENDİREK FENERİ,Çanakkale,Ezine,Ege,39.9447,26.1611,2022-10-05T06:00:00.000Z,19.7,,turkiye.gov.tr,1
17435,AKÇAKOCA FENERİ,Düzce,Akçakoca,Karadeniz,41.0922,31.1197,2022-10-05T06:00:00.000Z,22.1,,turkiye.gov.tr,1
17436,ENEZ TALİ MENDİREK FENERİ,Edirne,Enez,Ege,40.698218,26.051263,2022-10-05T06:00:00.000Z,20.3,,turkiye.gov.tr,1
17438,SİLİVRİ ANA MENDİREK FENERİ,İstanbul,Silivri,Marmara,41.072866,28.238398,2022-10-05T06:00:00.000Z,20.2,,turkiye.gov.tr,1
17440,URLA BALIKÇI BARINAĞI MENDİREK FENERİ,İzmir,Urla,Ege,38.364761,26.772665,2022-10-05T06:00:00.000Z,20.8,,turkiye.gov.tr,1
17441,GÜZELBAHÇE FENERİ,İzmir,Güzelbahçe,Ege,38.378579,26.885605,2022-10-05T06:00:00.000Z,21.6,,turkiye.gov.tr,1
17442,KONAK/İZMİR PASAPORT MENDİREK FENERİ,İzmir,Konak,Ege,38.429236,27.131698,2022-10-05T06:00:00.000Z,23.1,,turkiye.gov.tr,1
17443,ÇEŞME/KALE YERİ SIĞ.(DÖKÜNTÜTAŞI) FENERİ,İzmir,Çeşme,Ege,38.329226,26.267881,2022-10-05T06:00:00.000Z,21.5,,turkiye.gov.tr,1
17444,KARABURUN/MORDOĞAN ANA MENDİREK (KUZEY) FENERİ,İzmir,Karaburun,Ege,38.517845,26.627861,2022-10-05T06:00:00.000Z,22.1,,turkiye.gov.tr,1
17445,CİDE KUZEY MENDİREK FENERİ,Kastamonu,Cide,Karadeniz,41.9006,32.9778,2022-10-05T06:00:00.000Z,20.5,,turkiye.gov.tr,1
17447,VİZE/MİDYE KIYIKÖY BATI MENDİREK FENERİ (ANA),Kırklareli,Vize,Karadeniz,41.630847,28.101353,2022-10-05T06:00:00.000Z,18.3,,turkiye.gov.tr,1
17448,TUZLA İTÜ GÜNEY MENDİREK FENERİ,İstanbul,Tuzla,Marmara,40.811828,29.297373,2022-10-05T06:00:00.000Z,20.5,,turkiye.gov.tr,1
17453,ZONGULDAK GÜNEY MENDİREK FENERİ,Zonguldak,Merkez,Karadeniz,41.458611,31.779166,2022-10-05T06:00:00.000Z,20.9,,turkiye.gov.tr,1
17460,ÜNYE BALIKÇI BARINAĞI ANA MENDİREK FENERİ,Ordu,Ünye,Karadeniz,41.116448,37.348722,2022-10-05T06:00:00.000Z,20.3,,turkiye.gov.tr,1
17464,TRABZON LİMANI ANA MENDİREK FENERİ,Trabzon,Ortahisar,Karadeniz,41.006776,39.750108,2022-10-05T06:00:00.000Z,20.0,,turkiye.gov.tr,1
17465,ARAKLI BALIKÇI BARINAĞI TALİ MENDİREK FENERİ,Trabzon,Araklı,Karadeniz,40.945081,40.053776,2022-10-05T06:00:00.000Z,19.9,,turkiye.gov.tr,1
17466,ÇAYELİ BALIKÇI BARINAĞI TALİ MENDİREK FENERİ,Rize,Çayeli,Karadeniz,41.090095,40.722557,2022-10-05T06:00:00.000Z,19.3,,turkiye.gov.tr,1
17467,HOPA ANA MENDİREK FENERİ,Artvin,Hopa,Karadeniz,41.420291,41.429843,2022-10-05T06:00:00.000Z,23.8,,turkiye.gov.tr,1
17470,İNCEBURUN (YILDIZADASI) MARMARİS FENERİ,Muğla,Marmaris,Akdeniz,36.813936,28.265907,2022-10-05T06:00:00.000Z,21.7,,turkiye.gov.tr,1
17472,FETHİYE/İBLİSBURNU DÖKÜNTÜTAŞ FENERİ,Muğla,Fethiye,Akdeniz,36.5455556,29.0108333,2022-10-05T06:00:00.000Z,24.7,,turkiye.gov.tr,1
17475,KEMER SIĞLIK FENERİ,Antalya,Kemer,Akdeniz,36.612395,30.574242,2022-10-05T06:00:00.000Z,27.4,,turkiye.gov.tr,1
17476,KONYAALTI/ANTALYA YENİ LİMAN ANA MENDİREK FENERİ,Antalya,Konyaaltı,Akdeniz,36.834011,30.616572,2022-10-05T06:00:00.000Z,27.0,,turkiye.gov.tr,1
17479,SİLİFKE/TAŞUCU SEKA ANA MENDİREK FENERİ,Mersin,Silifke,Akdeniz,36.309162,33.889845,2022-10-05T06:00:00.000Z,26.1,,turkiye.gov.tr,1
17480,KARATAŞ BALIKÇI BARINAĞI TALİ MENDİREK FENERİ,Adana,Karataş,Akdeniz,36.557986,35.383499,2022-10-05T06:00:00.000Z,27.6,,turkiye.gov.tr,1
17482,VAN LİMAN,Van,Tuşba,Van Gölü,38.51486,43.307362,2022-10-05T06:00:00.000Z,19.4,,turkiye.gov.tr,1
17483,TATVAN LİMAN,Bitlis,Tatvan,Van Gölü,38.512592,42.302103,2022-10-05T06:00:00.000Z,12.4,,turkiye.gov.tr,1
17484,ADİLCEVAZ LİMAN,Bitlis,Adilcevaz,Van Gölü,38.797236,42.729931,2022-10-05T06:00:00.000Z,16.2,,turkiye.gov.tr,1
17486,İSKENDERUN KÖRFEZİ,Hatay,Payas,Akdeniz,36.59159,36.17992,2022-10-05T06:00:00.000Z,29.1,,turkiye.gov.tr,1
17489,MUDANYA/GÜZELYALI BALIKÇI BARINAĞI,Bursa,Mudanya,Marmara,40.35612,28.934036,2022-10-05T06:00:00.000Z,18.4,,turkiye.gov.tr,1
17491,GEVAŞ AKDAMAR FENERİ,Van,Gevaş,Van Gölü,38.309988,43.041398,2022-10-05T06:00:00.000Z,19.5,,turkiye.gov.tr,1
17493,SEFERİHİSAR/SIĞACIK MARİNA FENERİ,İzmir,Seferihisar,Ege,38.195707,26.782742,2022-10-05T06:00:00.000Z,20.8,,turkiye.gov.tr,1
17015,AKÇAKOCA,Düzce,Akçakoca,Karadeniz,41.089528,31.143039,2022-11-07T09:00:00.000Z,15.4,,mgm,0
17024,İNEBOLU,Kastamonu,İnebolu,Karadeniz,41.978937,33.762945,2022-11-07T09:00:00.000Z,11.6,,mgm,0
17026,SİNOP,Sinop,Merkez,Karadeniz,42.029821,35.154286,2022-11-07T09:00:00.000Z,16.7,,mgm,0
17030,SAMSUN BÖLGE,Samsun,Atakum,Karadeniz,41.344286,36.255794,2022-11-07T09:00:00.000Z,17.4,,mgm,0
17033,ORDU,Ordu,Altınordu,Karadeniz,40.983833,37.885833,2022-11-07T09:00:00.000Z,17.8,,mgm,0
17034,GİRESUN,Giresun,Merkez,Karadeniz,40.922667,38.387833,2022-11-07T09:00:00.000Z,17.6,,mgm,0
17038,TRABZON HAVALİMANI,Trabzon,Ortahisar,Karadeniz,40.999133,39.779248,2022-11-07T09:00:00.000Z,15.0,,mgm,0
17040,RİZE,Rize,Merkez,Karadeniz,41.04,40.501333,2022-11-07T09:00:00.000Z,15.4,,mgm,0
17042,HOPA,Artvin,Hopa,Karadeniz,41.4065,41.433,2022-11-07T09:00:00.000Z,15.2,,mgm,0
17044,RİZE ARTVİN HAVALİMANI,Rize,Pazar,Karadeniz,41.177687,40.835223,2022-11-07T09:00:00.000Z,19.0,,mgm,0
17056,TEKİRDAĞ,Tekirdağ,Süleymanpaşa,Marmara,40.957959,27.496181,2022-11-07T09:00:00.000Z,16.0,,mgm,0
17059,SARIYER/KUMKÖY-KİLYOS,İstanbul,Sarıyer,Karadeniz,41.25047,29.038367,2022-11-07T09:00:00.000Z,16.5,,mgm,0
17112,ÇANAKKALE,Çanakkale,Merkez,Marmara,40.141428,26.399616,2022-11-07T09:00:00.000Z,17.0,,mgm,0
17175,AYVALIK,Balıkesir,Ayvalık,Ege,39.311292,26.686445,2022-11-07T09:00:00.000Z,18.0,,mgm,0
17180,DİKİLİ,İzmir,Dikili,Ege,39.073861,26.888093,2022-11-07T09:00:00.000Z,18.2,,mgm,0
17220,İZMİR BÖLGE,İzmir,Konak,Ege,38.3945,27.0821,2022-11-07T09:00:00.000Z,19.1,,mgm,0
17221,ÇEŞME,İzmir,Çeşme,Ege,38.303858,26.372882,2022-11-07T09:00:00.000Z,19.0,,mgm,0
17232,KUŞADASI,Aydın,Kuşadası,Ege,37.859636,27.265115,2022-11-07T09:00:00.000Z,19.8,,mgm,0
17290,BODRUM,Muğla,Bodrum,Ege,37.032611,27.439801,2022-11-07T09:00:00.000Z,22.3,,mgm,0
17296,FETHİYE,Muğla,Fethiye,Akdeniz,36.626611,29.123804,2022-11-07T09:00:00.000Z,23.3,,mgm,0
17297,DATÇA,Muğla,Datça,Ege,36.707945,27.691918,2022-11-07T09:00:00.000Z,21.9,,mgm,0
17298,MARMARİS,Muğla,Marmaris,Akdeniz,36.83926,28.244995,2022-11-07T09:00:00.000Z,21.4,,mgm,0
17302,ANTALYA BÖLGE,Antalya,Muratpaşa,Akdeniz,36.885073,30.682793,2022-11-07T09:00:00.000Z,23.8,,mgm,0
17310,ALANYA,Antalya,Alanya,Akdeniz,36.54999,31.979822,2022-11-07T09:00:00.000Z,23.5,,mgm,0
17320,ANAMUR,Mersin,Anamur,Akdeniz,36.068614,32.864876,2022-11-07T09:00:00.000Z,23.4,,mgm,0
17340,MERSİN,Mersin,Yenişehir,Akdeniz,36.780904,34.603125,2022-11-07T09:00:00.000Z,22.4,,mgm,0
17370,İSKENDERUN,Hatay,İskenderun,Akdeniz,36.592358,36.158158,2022-11-07T09:00:00.000Z,25.3,,mgm,0
17375,FİNİKE,Antalya,Finike,Akdeniz,36.3024,30.1458,2022-11-07T09:00:00.000Z,24.0,,mgm,0
17380,KAŞ,Antalya,Kaş,Akdeniz,36.200579,29.649995,2022-11-07T09:00:00.000Z,23.4,,mgm,0
17429,ECEABAT/KABATEPE GÜNEY MENDİREK FENERİ,Çanakkale,Eceabat,Ege,40.2019,26.2669,2022-11-07T14:33:00.000Z,19.3,,mgm,0
17427,BOZCAADA LİMAN GİRİŞİ GÜNEY MENDİREK FENERİ,Çanakkale,Bozcaada,Ege,39.8341,26.0748,2022-11-07T14:41:00.000Z,19.4,,mgm,0
17421,AYVALIK KANAL SANCAK A FENERİ,Balıkesir,Ayvalık,Ege,39.323394,26.640546,2022-11-07T16:00:00.000Z,17.6,,mgm,0
17470,İNCEBURUN (YILDIZADASI) MARMARİS FENERİ,Muğla,Marmaris,Akdeniz,36.813936,28.265907,2022-11-07T16:23:00.000Z,21.3,,mgm,0
17387,GİRESUN PALAMUT KAYALIĞI MAHMUZ FENERİ,Giresun,Merkez,Karadeniz,40.9182,38.3783,2022-11-07T19:10:00.000Z,17.0,,mgm,0
17422,BANDIRMA KUZEY MENDİREK FENERİ,Balıkesir,Bandırma,Marmara,40.358554,27.958451,2022-11-08T02:25:00.000Z,16.2,,mgm,0
17440,URLA BALIKÇI BARINAĞI MENDİREK FENERİ,İzmir,Urla,Ege,38.364761,26.772665,2022-11-08T02:25:00.000Z,17.7,,mgm,0
17442,KONAK/İZMİR PASAPORT MENDİREK FENERİ,İzmir,Konak,Ege,38.429236,27.131698,2022-11-08T02:25:00.000Z,19.0,,mgm,0
17447,VİZE/MİDYE KIYIKÖY BATI MENDİREK FENERİ (ANA),Kırklareli,Vize,Karadeniz,41.630847,28.101353,2022-11-08T02:25:00.000Z,15.6,,mgm,0
17448,TUZLA İTÜ GÜNEY MENDİREK FENERİ,İstanbul,Tuzla,Marmara,40.811828,29.297373,2022-11-08T02:25:00.000Z,15.7,,mgm,0
17449,KANDIRA/KEFKEN ADASI DOĞU MENDİREK FENERİ,Kocaeli,Kandıra,Karadeniz,41.211869,30.260694,2022-11-08T02:25:00.000Z,19.4,,mgm,0
17423,MARMARA BARINAK ANA MENDİREK FENERİ,Balıkesir,Marmara,Marmara,40.583839,27.560849,2022-11-08T02:26:00.000Z,16.7,,mgm,0
17438,SİLİVRİ ANA MENDİREK FENERİ,İstanbul,Silivri,Marmara,41.072866,28.238398,2022-11-08T02:26:00.000Z,16.2,,mgm,0
17381,KUŞADASI 3. NOLU ŞAMANDIRA,Aydın,Kuşadası,Ege,37.8458,27.2194,2022-11-08T02:30:00.000Z,19.7,,mgm,0
17383,NARLIDERE/İZMİR KÖRFEZİ A NOKTASI IŞIKLI ŞAMANDIRA,İzmir,Narlıdere,Ege,38.421203,26.917843,2022-11-08T02:30:00.000Z,18.8,,mgm,0
17384,URLA/KUBİLAY SIĞLIĞI IŞIKLI ŞAMANDIRA,İzmir,Urla,Ege,38.4467,26.7175,2022-11-08T02:30:00.000Z,18.5,,mgm,0
17389,ADALAR ŞAMANDIRA,İstanbul,Adalar,Marmara,40.93278,28.94889,2022-11-08T02:30:00.000Z,17.0,,mgm,0
17425,LAPSEKİ/ZİNCİRBOZAN FENERİ,Çanakkale,Lapseki,Marmara,40.4206,26.7536,2022-11-08T02:30:00.000Z,17.3,,mgm,0
17426,BARTIN GÜNEY MENDİREK FENERİ,Bartın,Merkez,Karadeniz,41.6864,32.2261,2022-11-08T02:30:00.000Z,15.2,,mgm,0
17428,AYVACIK/GÜLPINAR ANA MENDİREK FENERİ,Çanakkale,Ayvacık,Ege,39.5658,26.0967,2022-11-08T02:30:00.000Z,16.4,,mgm,0
17430,GÖKÇEADA KALEKÖY ANA MENDİREK FENERİ,Çanakkale,Gökçeada,Ege,40.2317,25.8914,2022-11-08T02:30:00.000Z,19.0,,mgm,0
17432,EZİNE/GEYİKLİ ODUNLUK İSKELE FENERİ,Çanakkale,Ezine,Ege,39.818998,26.160008,2022-11-08T02:30:00.000Z,19.1,,mgm,0
17433,GÖKÇEADA UĞURLU LİMAN FENERİ,Çanakkale,Gökçeada,Ege,40.1153,25.6989,2022-11-08T02:30:00.000Z,18.8,,mgm,0
17434,EZİNE YENİKÖY BAL.BAR. ANA MENDİREK FENERİ,Çanakkale,Ezine,Ege,39.9447,26.1611,2022-11-08T02:30:00.000Z,18.0,,mgm,0
17436,ENEZ TALİ MENDİREK FENERİ,Edirne,Enez,Ege,40.698218,26.051263,2022-11-08T02:30:00.000Z,17.3,,mgm,0
17437,TUZLA AYDINLI LİMAN FENERİ,İstanbul,Tuzla,Marmara,40.850611,29.271174,2022-11-08T02:30:00.000Z,16.8,,mgm,0
17439,FOÇA/AZAPLAR (VENEDİK) KAYALIĞI FENERİ,İzmir,Foça,Ege,38.616562,26.744274,2022-11-08T02:30:00.000Z,19.7,,mgm,0
17441,GÜZELBAHÇE FENERİ,İzmir,Güzelbahçe,Ege,38.378579,26.885605,2022-11-08T02:30:00.000Z,20.0,,mgm,0
17443,ÇEŞME/KALE YERİ SIĞ.(DÖKÜNTÜTAŞI) FENERİ,İzmir,Çeşme,Ege,38.329226,26.267881,2022-11-08T02:30:00.000Z,18.6,,mgm,0
17444,KARABURUN/MORDOĞAN ANA MENDİREK (KUZEY) FENERİ,İzmir,Karaburun,Ege,38.517845,26.627861,2022-11-08T02:30:00.000Z,19.9,,mgm,0
17445,CİDE KUZEY MENDİREK FENERİ,Kastamonu,Cide,Karadeniz,41.9006,32.9778,2022-11-08T02:30:00.000Z,12.6,,mgm,0
17446,İNEBOLU KUZEY MENDİREK FENERİ,Kastamonu,İnebolu,Karadeniz,41.9817,33.7769,2022-11-08T02:30:00.000Z,12.9,,mgm,0
17452,YALOVA SAMANLIDERE TALİ (DOĞU) MENDİREK FENERİ,Yalova,Merkez,Marmara,40.660597,29.246969,2022-11-08T02:30:00.000Z,16.9,,mgm,0
17453,ZONGULDAK GÜNEY MENDİREK FENERİ,Zonguldak,Merkez,Karadeniz,41.458611,31.779166,2022-11-08T02:30:00.000Z,16.5,,mgm,0
17467,HOPA ANA MENDİREK FENERİ,Artvin,Hopa,Karadeniz,41.420291,41.429843,2022-11-08T02:30:00.000Z,18.9,,mgm,0
17476,KONYAALTI/ANTALYA YENİ LİMAN ANA MENDİREK FENERİ,Antalya,Konyaaltı,Akdeniz,36.834011,30.616572,2022-11-08T02:30:00.000Z,24.0,,mgm,0
17486,İSKENDERUN KÖRFEZİ,Hatay,Payas,Akdeniz,36.59159,36.17992,2022-11-08T02:30:00.000Z,24.4,,mgm,0
17491,GEVAŞ AKDAMAR FENERİ,Van,Gevaş,Van Gölü,38.309988,43.041398,2022-11-08T02:30:00.000Z,14.4,,mgm,0
17493,SEFERİHİSAR/SIĞACIK MARİNA FENERİ,İzmir,Seferihisar,Ege,38.195707,26.782742,2022-11-08T02:30:00.000Z,18.9,,mgm,0
17386,BODRUM KARAADA SIĞLIK IŞIKLI ŞAMANDIRA,Muğla,Bodrum,Ege,37.0081,27.4142,2022-11-08T02:31:00.000Z,22.4,,mgm,0
17464,TRABZON LİMANI ANA MENDİREK FENERİ,Trabzon,Ortahisar,Karadeniz,41.006776,39.750108,2022-11-08T02:31:00.000Z,15.0,,mgm,0
17466,ÇAYELİ BALIKÇI BARINAĞI TALİ MENDİREK FENERİ,Rize,Çayeli,Karadeniz,41.090095,40.722557,2022-11-08T02:31:00.000Z,15.2,,mgm,0
17480,KARATAŞ BALIKÇI BARINAĞI TALİ MENDİREK FENERİ,Adana,Karataş,Akdeniz,36.557986,35.383499,2022-11-08T02:31:00.000Z,21.7,,mgm,0
17482,VAN LİMAN,Van,Tuşba,Van Gölü,38.51486,43.307362,2022-11-08T02:31:00.000Z,12.2,,mgm,0
17483,TATVAN LİMAN,Bitlis,Tatvan,Van Gölü,38.512592,42.302103,2022-11-08T02:31:00.000Z,9.1,,mgm,0
17484,ADİLCEVAZ LİMAN,Bitlis,Adilcevaz,Van Gölü,38.797236,42.729931,2022-11-08T02:31:00.000Z,9.6,,mgm,0
17475,KEMER SIĞLIK FENERİ,Antalya,Kemer,Akdeniz,36.612395,30.574242,2022-11-08T02:32:00.000Z,24.3,,mgm,0
17460,ÜNYE BALIKÇI BARINAĞI ANA MENDİREK FENERİ,Ordu,Ünye,Karadeniz,41.116448,37.348722,2022-11-08T02:33:00.000Z,16.5,,mgm,0
17489,MUDANYA/GÜZELYALI BALIKÇI BARINAĞI,Bursa,Mudanya,Marmara,40.35612,28.934036,2022-11-08T02:33:00.000Z,14.9,,mgm,0
17465,ARAKLI BALIKÇI BARINAĞI TALİ MENDİREK FENERİ,Trabzon,Araklı,Karadeniz,40.945081,40.053776,2022-11-08T02:36:00.000Z,15.5,,mgm,0
17015,AKÇAKOCA,Düzce,Akçakoca,Karadeniz,41.089528,31.143039,2022-11-29T09:00:00.000Z,15.2,,mgm,0
17024,İNEBOLU,Kastamonu,İnebolu,Karadeniz,41.978937,33.762945,2022-11-29T09:00:00.000Z,15.1,,mgm,0
17026,SİNOP,Sinop,Merkez,Karadeniz,42.029821,35.154286,2022-11-29T09:00:00.000Z,15.2,,mgm,0
17030,SAMSUN BÖLGE,Samsun,Atakum,Karadeniz,41.344286,36.255794,2022-11-29T09:00:00.000Z,15.0,,mgm,0
17033,ORDU,Ordu,Altınordu,Karadeniz,40.983833,37.885833,2022-11-29T09:00:00.000Z,14.6,,mgm,0
17034,GİRESUN,Giresun,Merkez,Karadeniz,40.922667,38.387833,2022-11-29T09:00:00.000Z,15.0,,mgm,0
17038,TRABZON HAVALİMANI,Trabzon,Ortahisar,Karadeniz,40.999133,39.779248,2022-11-29T09:00:00.000Z,14.7,,mgm,0
17040,RİZE,Rize,Merkez,Karadeniz,41.04,40.501333,2022-11-29T09:00:00.000Z,13.0,,mgm,0
17042,HOPA,Artvin,Hopa,Karadeniz,41.4065,41.433,2022-11-29T09:00:00.000Z,13.5,,mgm,0
17044,RİZE ARTVİN HAVALİMANI,Rize,Pazar,Karadeniz,41.177687,40.835223,2022-11-29T09:00:00.000Z,16.3,,mgm,0
17056,TEKİRDAĞ,Tekirdağ,Süleymanpaşa,Marmara,40.957959,27.496181,2022-11-29T09:00:00.000Z,15.0,,mgm,0
17059,SARIYER/KUMKÖY-KİLYOS,İstanbul,Sarıyer,Karadeniz,41.25047,29.038367,2022-11-29T09:00:00.000Z,14.8,,mgm,0
17112,ÇANAKKALE,Çanakkale,Merkez,Marmara,40.141428,26.399616,2022-11-29T09:00:00.000Z,16.9,,mgm,0
17175,AYVALIK,Balıkesir,Ayvalık,Ege,39.311292,26.686445,2022-11-29T09:00:00.000Z,16.5,,mgm,0
17180,DİKİLİ,İzmir,Dikili,Ege,39.073861,26.888093,2022-11-29T09:00:00.000Z,17.3,,mgm,0
17220,İZMİR BÖLGE,İzmir,Konak,Ege,38.3945,27.0821,2022-11-29T09:00:00.000Z,16.2,,mgm,0
17221,ÇEŞME,İzmir,Çeşme,Ege,38.303858,26.372882,2022-11-29T09:00:00.000Z,18.8,,mgm,0
17232,KUŞADASI,Aydın,Kuşadası,Ege,37.859636,27.265115,2022-11-29T09:00:00.000Z,19.4,,mgm,0
17290,BODRUM,Muğla,Bodrum,Ege,37.032611,27.439801,2022-11-29T09:00:00.000Z,21.2,,mgm,0
17296,FETHİYE,Muğla,Fethiye,Akdeniz,36.626611,29.123804,2022-11-29T09:00:00.000Z,21.3,,mgm,0
17297,DATÇA,Muğla,Datça,Ege,36.707945,27.691918,2022-11-29T09:00:00.000Z,20.7,,mgm,0
17298,MARMARİS,Muğla,Marmaris,Akdeniz,36.83926,28.244995,2022-11-29T09:00:00.000Z,20.3,,mgm,0
17302,ANTALYA BÖLGE,Antalya,Muratpaşa,Akdeniz,36.885073,30.682793,2022-11-29T09:00:00.000Z,21.6,,mgm,0
17310,ALANYA,Antalya,Alanya,Akdeniz,36.54999,31.979822,2022-11-29T09:00:00.000Z,22.1,,mgm,0
17320,ANAMUR,Mersin,Anamur,Akdeniz,36.068614,32.864876,2022-11-29T09:00:00.000Z,22.0,,mgm,0
17340,MERSİN,Mersin,Yenişehir,Akdeniz,36.780904,34.603125,2022-11-29T09:00:00.000Z,20.2,,mgm,0
17370,İSKENDERUN,Hatay,İskenderun,Akdeniz,36.592358,36.158158,2022-11-29T09:00:00.000Z,21.9,,mgm,0
17375,FİNİKE,Antalya,Finike,Akdeniz,36.3024,30.1458,2022-11-29T09:00:00.000Z,22.8,,mgm,0
17380,KAŞ,Antalya,Kaş,Akdeniz,36.200579,29.649995,2022-11-29T09:00:00.000Z,21.9,,mgm,0
17470,İNCEBURUN (YILDIZADASI) MARMARİS FENERİ,Muğla,Marmaris,Akdeniz,36.813936,28.265907,2022-11-29T12:02:00.000Z,20.2,,mgm,0
17429,ECEABAT/KABATEPE GÜNEY MENDİREK FENERİ,Çanakkale,Eceabat,Ege,40.2019,26.2669,2022-11-29T12:27:00.000Z,18.5,,mgm,0
17427,BOZCAADA LİMAN GİRİŞİ GÜNEY MENDİREK FENERİ,Çanakkale,Bozcaada,Ege,39.8341,26.0748,2022-11-29T13:58:00.000Z,17.1,,mgm,0
17431,BİGA/KARABİGA BAR. (B) NOKTASI GÜNEY MEN. FENERİ,Çanakkale,Biga,Marmara,40.399583,27.305591,2022-11-29T19:16:00.000Z,13.2,,mgm,0
17476,KONYAALTI/ANTALYA YENİ LİMAN ANA MENDİREK FENERİ,Antalya,Konyaaltı,Akdeniz,36.834011,30.616572,2022-11-29T23:55:00.000Z,21.9,,mgm,0
17391,SAMSUN ŞAMANDIRA,Samsun,Çarşamba,Karadeniz,41.436283,36.557767,2022-11-30T01:00:00.000Z,14.6,,mgm,0
17395,AMASRA ŞAMANDIRA,Bartın,Amasra,Karadeniz,41.86081,32.57793,2022-11-30T01:00:00.000Z,16.1,,mgm,0
17396,SİNOP ŞAMANDIRA,Sinop,Merkez,Karadeniz,42.01086,34.80268,2022-11-30T01:00:00.000Z,13.3,,mgm,0
17397,ORDU ŞAMANDIRA,Ordu,Gülyalı,Karadeniz,41.048017,38.14585,2022-11-30T01:00:00.000Z,21.1,,mgm,0
17398,HOPA ŞAMANDIRA,Artvin,Hopa,Karadeniz,41.41104,41.32867,2022-11-30T01:00:00.000Z,16.5,,mgm,0
17422,BANDIRMA KUZEY MENDİREK FENERİ,Balıkesir,Bandırma,Marmara,40.358554,27.958451,2022-11-30T01:03:00.000Z,14.0,,mgm,0
17438,SİLİVRİ ANA MENDİREK FENERİ,İstanbul,Silivri,Marmara,41.072866,28.238398,2022-11-30T01:03:00.000Z,14.2,,mgm,0
17442,KONAK/İZMİR PASAPORT MENDİREK FENERİ,İzmir,Konak,Ege,38.429236,27.131698,2022-11-30T01:03:00.000Z,16.2,,mgm,0
17447,VİZE/MİDYE KIYIKÖY BATI MENDİREK FENERİ (ANA),Kırklareli,Vize,Karadeniz,41.630847,28.101353,2022-11-30T01:03:00.000Z,13.3,,mgm,0
17423,MARMARA BARINAK ANA MENDİREK FENERİ,Balıkesir,Marmara,Marmara,40.583839,27.560849,2022-11-30T01:04:00.000Z,14.2,,mgm,0
17440,URLA BALIKÇI BARINAĞI MENDİREK FENERİ,İzmir,Urla,Ege,38.364761,26.772665,2022-11-30T01:04:00.000Z,16.5,,mgm,0
17448,TUZLA İTÜ GÜNEY MENDİREK FENERİ,İstanbul,Tuzla,Marmara,40.811828,29.297373,2022-11-30T01:04:00.000Z,14.1,,mgm,0
17381,KUŞADASI 3. NOLU ŞAMANDIRA,Aydın,Kuşadası,Ege,37.8458,27.2194,2022-11-30T01:09:00.000Z,19.6,,mgm,0
17383,NARLIDERE/İZMİR KÖRFEZİ A NOKTASI IŞIKLI ŞAMANDIRA,İzmir,Narlıdere,Ege,38.421203,26.917843,2022-11-30T01:09:00.000Z,16.4,,mgm,0
17384,URLA/KUBİLAY SIĞLIĞI IŞIKLI ŞAMANDIRA,İzmir,Urla,Ege,38.4467,26.7175,2022-11-30T01:09:00.000Z,17.5,,mgm,0
17387,GİRESUN PALAMUT KAYALIĞI MAHMUZ FENERİ,Giresun,Merkez,Karadeniz,40.9182,38.3783,2022-11-30T01:09:00.000Z,15.2,,mgm,0
17421,AYVALIK KANAL SANCAK A FENERİ,Balıkesir,Ayvalık,Ege,39.323394,26.640546,2022-11-30T01:09:00.000Z,17.0,,mgm,0
17425,LAPSEKİ/ZİNCİRBOZAN FENERİ,Çanakkale,Lapseki,Marmara,40.4206,26.7536,2022-11-30T01:09:00.000Z,14.9,,mgm,0
17426,BARTIN GÜNEY MENDİREK FENERİ,Bartın,Merkez,Karadeniz,41.6864,32.2261,2022-11-30T01:09:00.000Z,11.1,,mgm,0
17428,AYVACIK/GÜLPINAR ANA MENDİREK FENERİ,Çanakkale,Ayvacık,Ege,39.5658,26.0967,2022-11-30T01:09:00.000Z,15.7,,mgm,0
17430,GÖKÇEADA KALEKÖY ANA MENDİREK FENERİ,Çanakkale,Gökçeada,Ege,40.2317,25.8914,2022-11-30T01:09:00.000Z,17.2,,mgm,0
17432,EZİNE/GEYİKLİ ODUNLUK İSKELE FENERİ,Çanakkale,Ezine,Ege,39.818998,26.160008,2022-11-30T01:09:00.000Z,16.5,,mgm,0
17433,GÖKÇEADA UĞURLU LİMAN FENERİ,Çanakkale,Gökçeada,Ege,40.1153,25.6989,2022-11-30T01:09:00.000Z,16.4,,mgm,0
17434,EZİNE YENİKÖY BAL.BAR. ANA MENDİREK FENERİ,Çanakkale,Ezine,Ege,39.9447,26.1611,2022-11-30T01:09:00.000Z,16.7,,mgm,0
17436,ENEZ TALİ MENDİREK FENERİ,Edirne,Enez,Ege,40.698218,26.051263,2022-11-30T01:09:00.000Z,13.8,,mgm,0
17437,TUZLA AYDINLI LİMAN FENERİ,İstanbul,Tuzla,Marmara,40.850611,29.271174,2022-11-30T01:09:00.000Z,15.2,,mgm,0
17441,GÜZELBAHÇE FENERİ,İzmir,Güzelbahçe,Ege,38.378579,26.885605,2022-11-30T01:09:00.000Z,18.1,,mgm,0
17443,ÇEŞME/KALE YERİ SIĞ.(DÖKÜNTÜTAŞI) FENERİ,İzmir,Çeşme,Ege,38.329226,26.267881,2022-11-30T01:09:00.000Z,18.9,,mgm,0
17444,KARABURUN/MORDOĞAN ANA MENDİREK (KUZEY) FENERİ,İzmir,Karaburun,Ege,38.517845,26.627861,2022-11-30T01:09:00.000Z,17.8,,mgm,0
17445,CİDE KUZEY MENDİREK FENERİ,Kastamonu,Cide,Karadeniz,41.9006,32.9778,2022-11-30T01:09:00.000Z,15.6,,mgm,0
17446,İNEBOLU KUZEY MENDİREK FENERİ,Kastamonu,İnebolu,Karadeniz,41.9817,33.7769,2022-11-30T01:09:00.000Z,15.2,,mgm,0
17452,YALOVA SAMANLIDERE TALİ (DOĞU) MENDİREK FENERİ,Yalova,Merkez,Marmara,40.660597,29.246969,2022-11-30T01:09:00.000Z,14.6,,mgm,0
17453,ZONGULDAK GÜNEY MENDİREK FENERİ,Zonguldak,Merkez,Karadeniz,41.458611,31.779166,2022-11-30T01:09:00.000Z,15.5,,mgm,0
17467,HOPA ANA MENDİREK FENERİ,Artvin,Hopa,Karadeniz,41.420291,41.429843,2022-11-30T01:09:00.000Z,16.4,,mgm,0
17486,İSKENDERUN KÖRFEZİ,Hatay,Payas,Akdeniz,36.59159,36.17992,2022-11-30T01:09:00.000Z,22.1,,mgm,0
17491,GEVAŞ AKDAMAR FENERİ,Van,Gevaş,Van Gölü,38.309988,43.041398,2022-11-30T01:09:00.000Z,11.7,,mgm,0
17493,SEFERİHİSAR/SIĞACIK MARİNA FENERİ,İzmir,Seferihisar,Ege,38.195707,26.782742,2022-11-30T01:09:00.000Z,17.9,,mgm,0
17386,BODRUM KARAADA SIĞLIK IŞIKLI ŞAMANDIRA,Muğla,Bodrum,Ege,37.0081,27.4142,2022-11-30T01:10:00.000Z,21.2,,mgm,0
17464,TRABZON LİMANI ANA MENDİREK FENERİ,Trabzon,Ortahisar,Karadeniz,41.006776,39.750108,2022-11-30T01:10:00.000Z,8.2,,mgm,0
17466,ÇAYELİ BALIKÇI BARINAĞI TALİ MENDİREK FENERİ,Rize,Çayeli,Karadeniz,41.090095,40.722557,2022-11-30T01:10:00.000Z,12.9,,mgm,0
17479,SİLİFKE/TAŞUCU SEKA ANA MENDİREK FENERİ,Mersin,Silifke,Akdeniz,36.309162,33.889845,2022-11-30T01:10:00.000Z,19.8,,mgm,0
17482,VAN LİMAN,Van,Tuşba,Van Gölü,38.51486,43.307362,2022-11-30T01:10:00.000Z,7.7,,mgm,0
17483,TATVAN LİMAN,Bitlis,Tatvan,Van Gölü,38.512592,42.302103,2022-11-30T01:10:00.000Z,6.0,,mgm,0
17484,ADİLCEVAZ LİMAN,Bitlis,Adilcevaz,Van Gölü,38.797236,42.729931,2022-11-30T01:10:00.000Z,8.9,,mgm,0
17489,MUDANYA/GÜZELYALI BALIKÇI BARINAĞI,Bursa,Mudanya,Marmara,40.35612,28.934036,2022-11-30T01:10:00.000Z,12.9,,mgm,0
17475,KEMER SIĞLIK FENERİ,Antalya,Kemer,Akdeniz,36.612395,30.574242,2022-11-30T01:11:00.000Z,22.3,,mgm,0
17480,KARATAŞ BALIKÇI BARINAĞI TALİ MENDİREK FENERİ,Adana,Karataş,Akdeniz,36.557986,35.383499,2022-11-30T01:11:00.000Z,19.3,,mgm,0
17460,ÜNYE BALIKÇI BARINAĞI ANA MENDİREK FENERİ,Ordu,Ünye,Karadeniz,41.116448,37.348722,2022-11-30T01:12:00.000Z,13.4,,mgm,0
17465,ARAKLI BALIKÇI BARINAĞI TALİ MENDİREK FENERİ,Trabzon,Araklı,Karadeniz,40.945081,40.053776,2022-11-30T01:15:00.000Z,12.6,,mgm,0
17015,AKÇAKOCA,Düzce,Akçakoca,Karadeniz,41.089528,31.143039,2022-12-03T06:00:00.000Z,15.4,,turkiye.gov.tr,1
17024,İNEBOLU,Kastamonu,İnebolu,Karadeniz,41.978937,33.762945,2022-12-03T06:00:00.000Z,15.2,,turkiye.gov.tr,1
17026,SİNOP,Sinop,Merkez,Karadeniz,42.029821,35.154286,2022-12-03T06:00:00.000Z,15.0,,turkiye.gov.tr,1
17030,SAMSUN BÖLGE,Samsun,Atakum,Karadeniz,41.344286,36.255794,2022-12-03T06:00:00.000Z,15.0,,turkiye.gov.tr,1
17033,ORDU,Ordu,Altınordu,Karadeniz,40.983833,37.885833,2022-12-03T06:00:00.000Z,14.3,,turkiye.gov.tr,1
17034,GİRESUN,Giresun,Merkez,Karadeniz,40.922667,38.387833,2022-12-03T06:00:00.000Z,14.8,,turkiye.gov.tr,1
17038,TRABZON HAVALİMANI,Trabzon,Ortahisar,Karadeniz,40.999133,39.779248,2022-12-03T06:00:00.000Z,12.5,,turkiye.gov.tr,1
17040,RİZE,Rize,Merkez,Karadeniz,41.04,40.501333,2022-12-03T06:00:00.000Z,15.8,,turkiye.gov.tr,1
17042,HOPA,Artvin,Hopa,Karadeniz,41.4065,41.433,2022-12-03T06:00:00.000Z,13.2,,turkiye.gov.tr,1
17044,RİZE ARTVİN HAVALİMANI,Rize,Pazar,Karadeniz,41.177687,40.835223,2022-12-03T06:00:00.000Z,15.8,,turkiye.gov.tr,1
17056,TEKİRDAĞ,Tekirdağ,Süleymanpaşa,Marmara,40.957959,27.496181,2022-12-03T06:00:00.000Z,14.2,,turkiye.gov.tr,1
17059,SARIYER/KUMKÖY-KİLYOS,İstanbul,Sarıyer,Karadeniz,41.25047,29.038367,2022-12-03T06:00:00.000Z,14.2,,turkiye.gov.tr,1
17112,ÇANAKKALE,Çanakkale,Merkez,Marmara,40.141428,26.399616,2022-12-03T06:00:00.000Z,16.5,,turkiye.gov.tr,1
17175,AYVALIK,Balıkesir,Ayvalık,Ege,39.311292,26.686445,2022-12-03T06:00:00.000Z,16.2,,turkiye.gov.tr,1
17180,DİKİLİ,İzmir,Dikili,Ege,39.073861,26.888093,2022-12-03T06:00:00.000Z,16.8,,turkiye.gov.tr,1
17220,İZMİR BÖLGE,İzmir,Konak,Ege,38.3945,27.0821,2022-12-03T06:00:00.000Z,15.7,,turkiye.gov.tr,1
17232,KUŞADASI,Aydın,Kuşadası,Ege,37.859636,27.265115,2022-12-03T06:00:00.000Z,19.5,,turkiye.gov.tr,1
17290,BODRUM,Muğla,Bodrum,Ege,37.032611,27.439801,2022-12-03T06:00:00.000Z,21.1,,turkiye.gov.tr,1
17296,FETHİYE,Muğla,Fethiye,Akdeniz,36.626611,29.123804,2022-12-03T06:00:00.000Z,21.1,,turkiye.gov.tr,1
17297,DATÇA,Muğla,Datça,Ege,36.707945,27.691918,2022-12-03T06:00:00.000Z,20.7,,turkiye.gov.tr,1
17298,MARMARİS,Muğla,Marmaris,Akdeniz,36.83926,28.244995,2022-12-03T06:00:00.000Z,20.1,,turkiye.gov.tr,1
17302,ANTALYA BÖLGE,Antalya,Muratpaşa,Akdeniz,36.885073,30.682793,2022-12-03T06:00:00.000Z,21.4,,turkiye.gov.tr,1
17310,ALANYA,Antalya,Alanya,Akdeniz,36.54999,31.979822,2022-12-03T06:00:00.000Z,21.7,,turkiye.gov.tr,1
17320,ANAMUR,Mersin,Anamur,Akdeniz,36.068614,32.864876,2022-12-03T06:00:00.000Z,22.0,,turkiye.gov.tr,1
17340,MERSİN,Mersin,Yenişehir,Akdeniz,36.780904,34.603125,2022-12-03T06:00:00.000Z,18.6,,turkiye.gov.tr,1
17370,İSKENDERUN,Hatay,İskenderun,Akdeniz,36.592358,36.158158,2022-12-03T06:00:00.000Z,22.1,,turkiye.gov.tr,1
17375,FİNİKE,Antalya,Finike,Akdeniz,36.3024,30.1458,2022-12-03T06:00:00.000Z,21.9,,turkiye.gov.tr,1
17380,KAŞ,Antalya,Kaş,Akdeniz,36.200579,29.649995,2022-12-03T06:00:00.000Z,21.6,,turkiye.gov.tr,1
17381,KUŞADASI 3. NOLU ŞAMANDIRA,Aydın,Kuşadası,Ege,37.8458,27.2194,2022-12-03T06:00:00.000Z,19.7,,turkiye.gov.tr,1
17383,NARLIDERE/İZMİR KÖRFEZİ A NOKTASI IŞIKLI ŞAMANDIRA,İzmir,Narlıdere,Ege,38.421203,26.917843,2022-12-03T06:00:00.000Z,16.1,,turkiye.gov.tr,1
17384,URLA/KUBİLAY SIĞLIĞI IŞIKLI ŞAMANDIRA,İzmir,Urla,Ege,38.4467,26.7175,2022-12-03T06:00:00.000Z,17.6,,turkiye.gov.tr,1
17386,BODRUM KARAADA SIĞLIK IŞIKLI ŞAMANDIRA,Muğla,Bodrum,Ege,37.0081,27.4142,2022-12-03T06:00:00.000Z,21.2,,turkiye.gov.tr,1
17387,GİRESUN PALAMUT KAYALIĞI MAHMUZ FENERİ,Giresun,Merkez,Karadeniz,40.9182,38.3783,2022-12-03T06:00:00.000Z,15.1,,turkiye.gov.tr,1
17396,SİNOP ŞAMANDIRA,Sinop,Merkez,Karadeniz,42.01086,34.80268,2022-12-03T06:00:00.000Z,13.3,,turkiye.gov.tr,1
17397,ORDU ŞAMANDIRA,Ordu,Gülyalı,Karadeniz,41.048017,38.14585,2022-12-03T06:00:00.000Z,21.1,,turkiye.gov.tr,1
17421,AYVALIK KANAL SANCAK A FENERİ,Balıkesir,Ayvalık,Ege,39.323394,26.640546,2022-12-03T06:00:00.000Z,17.2,,turkiye.gov.tr,1
17422,BANDIRMA KUZEY MENDİREK FENERİ,Balıkesir,Bandırma,Marmara,40.358554,27.958451,2022-12-03T06:00:00.000Z,13.7,,turkiye.gov.tr,1
17423,MARMARA BARINAK ANA MENDİREK FENERİ,Balıkesir,Marmara,Marmara,40.583839,27.560849,2022-12-03T06:00:00.000Z,14.2,,turkiye.gov.tr,1
17425,LAPSEKİ/ZİNCİRBOZAN FENERİ,Çanakkale,Lapseki,Marmara,40.4206,26.7536,2022-12-03T06:00:00.000Z,14.6,,turkiye.gov.tr,1
17426,BARTIN GÜNEY MENDİREK FENERİ,Bartın,Merkez,Karadeniz,41.6864,32.2261,2022-12-03T06:00:00.000Z,14.8,,turkiye.gov.tr,1
17427,BOZCAADA LİMAN GİRİŞİ GÜNEY MENDİREK FENERİ,Çanakkale,Bozcaada,Ege,39.8341,26.0748,2022-12-03T06:00:00.000Z,16.8,,turkiye.gov.tr,1
17428,AYVACIK/GÜLPINAR ANA MENDİREK FENERİ,Çanakkale,Ayvacık,Ege,39.5658,26.0967,2022-12-03T06:00:00.000Z,16.9,,turkiye.gov.tr,1
17429,ECEABAT/KABATEPE GÜNEY MENDİREK FENERİ,Çanakkale,Eceabat,Ege,40.2019,26.2669,2022-12-03T06:00:00.000Z,18.2,,turkiye.gov.tr,1
17430,GÖKÇEADA KALEKÖY ANA MENDİREK FENERİ,Çanakkale,Gökçeada,Ege,40.2317,25.8914,2022-12-03T06:00:00.000Z,17.0,,turkiye.gov.tr,1
17431,BİGA/KARABİGA BAR. (B) NOKTASI GÜNEY MEN. FENERİ,Çanakkale,Biga,Marmara,40.399583,27.305591,2022-12-03T06:00:00.000Z,13.3,,turkiye.gov.tr,1
17432,EZİNE/GEYİKLİ ODUNLUK İSKELE FENERİ,Çanakkale,Ezine,Ege,39.818998,26.160008,2022-12-03T06:00:00.000Z,16.7,,turkiye.gov.tr,1
17433,GÖKÇEADA UĞURLU LİMAN FENERİ,Çanakkale,Gökçeada,Ege,40.1153,25.6989,2022-12-03T06:00:00.000Z,16.2,,turkiye.gov.tr,1
17434,EZİNE YENİKÖY BAL.BAR. ANA MENDİREK FENERİ,Çanakkale,Ezine,Ege,39.9447,26.1611,2022-12-03T06:00:00.000Z,16.0,,turkiye.gov.tr,1
17436,ENEZ TALİ MENDİREK FENERİ,Edirne,Enez,Ege,40.698218,26.051263,2022-12-03T06:00:00.000Z,13.7,,turkiye.gov.tr,1
17437,TUZLA AYDINLI LİMAN FENERİ,İstanbul,Tuzla,Marmara,40.850611,29.271174,2022-12-03T06:00:00.000Z,15.1,,turkiye.gov.tr,1
17438,SİLİVRİ ANA MENDİREK FENERİ,İstanbul,Silivri,Marmara,41.072866,28.238398,2022-12-03T06:00:00.000Z,13.7,,turkiye.gov.tr,1
17440,URLA BALIKÇI BARINAĞI MENDİREK FENERİ,İzmir,Urla,Ege,38.364761,26.772665,2022-12-03T06:00:00.000Z,16.9,,turkiye.gov.tr,1
17441,GÜZELBAHÇE FENERİ,İzmir,Güzelbahçe,Ege,38.378579,26.885605,2022-12-03T06:00:00.000Z,18.9,,turkiye.gov.tr,1
17442,KONAK/İZMİR PASAPORT MENDİREK FENERİ,İzmir,Konak,Ege,38.429236,27.131698,2022-12-03T06:00:00.000Z,15.9,,turkiye.gov.tr,1
17443,ÇEŞME/KALE YERİ SIĞ.(DÖKÜNTÜTAŞI) FENERİ,İzmir,Çeşme,Ege,38.329226,26.267881,2022-12-03T06:00:00.000Z,18.9,,turkiye.gov.tr,1
17444,KARABURUN/MORDOĞAN ANA MENDİREK (KUZEY) FENERİ,İzmir,Karaburun,Ege,38.517845,26.627861,2022-12-03T06:00:00.000Z,18.2,,turkiye.gov.tr,1
17445,CİDE KUZEY MENDİREK FENERİ,Kastamonu,Cide,Karadeniz,41.9006,32.9778,2022-12-03T06:00:00.000Z,15.2,,turkiye.gov.tr,1
17446,İNEBOLU KUZEY MENDİREK FENERİ,Kastamonu,İnebolu,Karadeniz,41.9817,33.7769,2022-12-03T06:00:00.000Z,15.1,,turkiye.gov.tr,1
17447,VİZE/MİDYE KIYIKÖY BATI MENDİREK FENERİ (ANA),Kırklareli,Vize,Karadeniz,41.630847,28.101353,2022-12-03T06:00:00.000Z,11.9,,turkiye.gov.tr,1
17448,TUZLA İTÜ GÜNEY MENDİREK FENERİ,İstanbul,Tuzla,Marmara,40.811828,29.297373,2022-12-03T06:00:00.000Z,14.2,,turkiye.gov.tr,1
17453,ZONGULDAK GÜNEY MENDİREK FENERİ,Zonguldak,Merkez,Karadeniz,41.458611,31.779166,2022-12-03T06:00:00.000Z,15.3,,turkiye.gov.tr,1
17460,ÜNYE BALIKÇI BARINAĞI ANA MENDİREK FENERİ,Ordu,Ünye,Karadeniz,41.116448,37.348722,2022-12-03T06:00:00.000Z,13.7,,turkiye.gov.tr,1
17464,TRABZON LİMANI ANA MENDİREK FENERİ,Trabzon,Ortahisar,Karadeniz,41.006776,39.750108,2022-12-03T06:00:00.000Z,7.9,,turkiye.gov.tr,1
17465,ARAKLI BALIKÇI BARINAĞI TALİ MENDİREK FENERİ,Trabzon,Araklı,Karadeniz,40.945081,40.053776,2022-12-03T06:00:00.000Z,12.9,,turkiye.gov.tr,1
17466,ÇAYELİ BALIKÇI BARINAĞI TALİ MENDİREK FENERİ,Rize,Çayeli,Karadeniz,41.090095,40.722557,2022-12-03T06:00:00.000Z,13.1,,turkiye.gov.tr,1
17467,HOPA ANA MENDİREK FENERİ,Artvin,Hopa,Karadeniz,41.420291,41.429843,2022-12-03T06:00:00.000Z,15.8,,turkiye.gov.tr,1
17470,İNCEBURUN (YILDIZADASI) MARMARİS FENERİ,Muğla,Marmaris,Akdeniz,36.813936,28.265907,2022-12-03T06:00:00.000Z,20.3,,turkiye.gov.tr,1
17475,KEMER SIĞLIK FENERİ,Antalya,Kemer,Akdeniz,36.612395,30.574242,2022-12-03T06:00:00.000Z,22.3,,turkiye.gov.tr,1
17476,KONYAALTI/ANTALYA YENİ LİMAN ANA MENDİREK FENERİ,Antalya,Konyaaltı,Akdeniz,36.834011,30.616572,2022-12-03T06:00:00.000Z,21.7,,turkiye.gov.tr,1
17479,SİLİFKE/TAŞUCU SEKA ANA MENDİREK FENERİ,Mersin,Silifke,Akdeniz,36.309162,33.889845,2022-12-03T06:00:00.000Z,20.0,,turkiye.gov.tr,1
17480,KARATAŞ BALIKÇI BARINAĞI TALİ MENDİREK FENERİ,Adana,Karataş,Akdeniz,36.557986,35.383499,2022-12-03T06:00:00.000Z,20.2,,turkiye.gov.tr,1
17482,VAN LİMAN,Van,Tuşba,Van Gölü,38.51486,43.307362,2022-12-03T06:00:00.000Z,10.7,,turkiye.gov.tr,1
17483,TATVAN LİMAN,Bitlis,Tatvan,Van Gölü,38.512592,42.302103,2022-12-03T06:00:00.000Z,6.8,,turkiye.gov.tr,1
17484,ADİLCEVAZ LİMAN,Bitlis,Adilcevaz,Van Gölü,38.797236,42.729931,2022-12-03T06:00:00.000Z,8.7,,turkiye.gov.tr,1
17486,İSKENDERUN KÖRFEZİ,Hatay,Payas,Akdeniz,36.59159,36.17992,2022-12-03T06:00:00.000Z,22.6,,turkiye.gov.tr,1
17489,MUDANYA/GÜZELYALI BALIKÇI BARINAĞI,Bursa,Mudanya,Marmara,40.35612,28.934036,2022-12-03T06:00:00.000Z,13.1,,turkiye.gov.tr,1
17491,GEVAŞ AKDAMAR FENERİ,Van,Gevaş,Van Gölü,38.309988,43.041398,2022-12-03T06:00:00.000Z,11.6,,turkiye.gov.tr,1
17493,SEFERİHİSAR/SIĞACIK MARİNA FENERİ,İzmir,Seferihisar,Ege,38.195707,26.782742,2022-12-03T06:00:00.000Z,18.2,,turkiye.gov.tr,1
17015,AKÇAKOCA,Düzce,Akçakoca,Karadeniz,41.089528,31.143039,2023-01-27T09:00:00.000Z,10.0,,mgm,0
17024,İNEBOLU,Kastamonu,İnebolu,Karadeniz,41.978937,33.762945,2023-01-27T09:00:00.000Z,11.0,,mgm,0
17026,SİNOP,Sinop,Merkez,Karadeniz,42.029821,35.154286,2023-01-27T09:00:00.000Z,10.7,,mgm,0
17030,SAMSUN BÖLGE,Samsun,Atakum,Karadeniz,41.344286,36.255794,2023-01-27T09:00:00.000Z,11.2,,mgm,0
17033,ORDU,Ordu,Altınordu,Karadeniz,40.983833,37.885833,2023-01-27T09:00:00.000Z,10.6,,mgm,0
17034,GİRESUN,Giresun,Merkez,Karadeniz,40.922667,38.387833,2023-01-27T09:00:00.000Z,9.6,,mgm,0
17038,TRABZON HAVALİMANI,Trabzon,Ortahisar,Karadeniz,40.999133,39.779248,2023-01-27T09:00:00.000Z,9.4,,mgm,0
17040,RİZE,Rize,Merkez,Karadeniz,41.04,40.501333,2023-01-27T09:00:00.000Z,12.4,,mgm,0
17042,HOPA,Artvin,Hopa,Karadeniz,41.4065,41.433,2023-01-27T09:00:00.000Z,12.0,,mgm,0
17044,RİZE ARTVİN HAVALİMANI,Rize,Pazar,Karadeniz,41.177687,40.835223,2023-01-27T09:00:00.000Z,11.4,,mgm,0
17056,TEKİRDAĞ,Tekirdağ,Süleymanpaşa,Marmara,40.957959,27.496181,2023-01-27T09:00:00.000Z,11.0,,mgm,0
17059,SARIYER/KUMKÖY-KİLYOS,İstanbul,Sarıyer,Karadeniz,41.25047,29.038367,2023-01-27T09:00:00.000Z,10.0,,mgm,0
17112,ÇANAKKALE,Çanakkale,Merkez,Marmara,40.141428,26.399616,2023-01-27T09:00:00.000Z,12.6,,mgm,0
17175,AYVALIK,Balıkesir,Ayvalık,Ege,39.311292,26.686445,2023-01-27T09:00:00.000Z,14.0,,mgm,0
17180,DİKİLİ,İzmir,Dikili,Ege,39.073861,26.888093,2023-01-27T09:00:00.000Z,13.5,,mgm,0
17220,İZMİR BÖLGE,İzmir,Konak,Ege,38.3945,27.0821,2023-01-27T09:00:00.000Z,13.4,,mgm,0
17221,ÇEŞME,İzmir,Çeşme,Ege,38.303858,26.372882,2023-01-27T09:00:00.000Z,11.8,,mgm,0
17232,KUŞADASI,Aydın,Kuşadası,Ege,37.859636,27.265115,2023-01-27T09:00:00.000Z,18.0,,mgm,0
17290,BODRUM,Muğla,Bodrum,Ege,37.032611,27.439801,2023-01-27T09:00:00.000Z,19.1,,mgm,0
17296,FETHİYE,Muğla,Fethiye,Akdeniz,36.626611,29.123804,2023-01-27T09:00:00.000Z,18.8,,mgm,0
17297,DATÇA,Muğla,Datça,Ege,36.707945,27.691918,2023-01-27T09:00:00.000Z,18.9,,mgm,0
17298,MARMARİS,Muğla,Marmaris,Akdeniz,36.83926,28.244995,2023-01-27T09:00:00.000Z,17.4,,mgm,0
17310,ALANYA,Antalya,Alanya,Akdeniz,36.54999,31.979822,2023-01-27T09:00:00.000Z,17.3,,mgm,0
17320,ANAMUR,Mersin,Anamur,Akdeniz,36.068614,32.864876,2023-01-27T09:00:00.000Z,17.4,,mgm,0
17340,MERSİN,Mersin,Yenişehir,Akdeniz,36.780904,34.603125,2023-01-27T09:00:00.000Z,17.4,,mgm,0
17370,İSKENDERUN,Hatay,İskenderun,Akdeniz,36.592358,36.158158,2023-01-27T09:00:00.000Z,18.7,,mgm,0
17375,FİNİKE,Antalya,Finike,Akdeniz,36.3024,30.1458,2023-01-27T09:00:00.000Z,18.1,,mgm,0
17380,KAŞ,Antalya,Kaş,Akdeniz,36.200579,29.649995,2023-01-27T09:00:00.000Z,18.1,,mgm,0
17433,GÖKÇEADA UĞURLU LİMAN FENERİ,Çanakkale,Gökçeada,Ege,40.1153,25.6989,2023-01-27T11:58:00.000Z,13.2,,mgm,0
17427,BOZCAADA LİMAN GİRİŞİ GÜNEY MENDİREK FENERİ,Çanakkale,Bozcaada,Ege,39.8341,26.0748,2023-01-27T13:16:00.000Z,15.6,,mgm,0
17453,ZONGULDAK GÜNEY MENDİREK FENERİ,Zonguldak,Merkez,Karadeniz,41.458611,31.779166,2023-01-27T15:39:00.000Z,11.2,,mgm,0
17381,KUŞADASI 3. NOLU ŞAMANDIRA,Aydın,Kuşadası,Ege,37.8458,27.2194,2023-01-27T16:45:00.000Z,18.2,,mgm,0
17384,URLA/KUBİLAY SIĞLIĞI IŞIKLI ŞAMANDIRA,İzmir,Urla,Ege,38.4467,26.7175,2023-01-27T16:45:00.000Z,16.3,,mgm,0
17421,AYVALIK KANAL SANCAK A FENERİ,Balıkesir,Ayvalık,Ege,39.323394,26.640546,2023-01-27T16:45:00.000Z,16.3,,mgm,0
17423,MARMARA BARINAK ANA MENDİREK FENERİ,Balıkesir,Marmara,Marmara,40.583839,27.560849,2023-01-27T16:45:00.000Z,35.7,outlier: z=+18.8 vs Marmara/01 median 10.6C,mgm,0
17424,MARMARA/SARAYLAR KÖYÜ BARINAK (SANDAL BASENİ) FENERİ,Balıkesir,Marmara,Marmara,40.657488,27.662533,2023-01-27T16:45:00.000Z,11.6,,mgm,0
17425,LAPSEKİ/ZİNCİRBOZAN FENERİ,Çanakkale,Lapseki,Marmara,40.4206,26.7536,2023-01-27T16:45:00.000Z,11.5,,mgm,0
17428,AYVACIK/GÜLPINAR ANA MENDİREK FENERİ,Çanakkale,Ayvacık,Ege,39.5658,26.0967,2023-01-27T16:45:00.000Z,14.9,,mgm,0
17429,ECEABAT/KABATEPE GÜNEY MENDİREK FENERİ,Çanakkale,Eceabat,Ege,40.2019,26.2669,2023-01-27T16:45:00.000Z,13.5,,mgm,0
17430,GÖKÇEADA KALEKÖY ANA MENDİREK FENERİ,Çanakkale,Gökçeada,Ege,40.2317,25.8914,2023-01-27T16:45:00.000Z,13.7,,mgm,0
17431,BİGA/KARABİGA BAR. (B) NOKTASI GÜNEY MEN. FENERİ,Çanakkale,Biga,Marmara,40.399583,27.305591,2023-01-27T16:45:00.000Z,10.0,,mgm,0
17432,EZİNE/GEYİKLİ ODUNLUK İSKELE FENERİ,Çanakkale,Ezine,Ege,39.818998,26.160008,2023-01-27T16:45:00.000Z,16.6,,mgm,0
17434,EZİNE YENİKÖY BAL.BAR. ANA MENDİREK FENERİ,Çanakkale,Ezine,Ege,39.9447,26.1611,2023-01-27T16:45:00.000Z,15.4,,mgm,0
17437,TUZLA AYDINLI LİMAN FENERİ,İstanbul,Tuzla,Marmara,40.850611,29.271174,2023-01-27T16:45:00.000Z,11.7,,mgm,0
17441,GÜZELBAHÇE FENERİ,İzmir,Güzelbahçe,Ege,38.378579,26.885605,2023-01-27T16:45:00.000Z,16.1,,mgm,0
17443,ÇEŞME/KALE YERİ SIĞ.(DÖKÜNTÜTAŞI) FENERİ,İzmir,Çeşme,Ege,38.329226,26.267881,2023-01-27T16:45:00.000Z,12.3,,mgm,0
17445,CİDE KUZEY MENDİREK FENERİ,Kastamonu,Cide,Karadeniz,41.9006,32.9778,2023-01-27T16:45:00.000Z,11.3,,mgm,0
17446,İNEBOLU KUZEY MENDİREK FENERİ,Kastamonu,İnebolu,Karadeniz,41.9817,33.7769,2023-01-27T16:45:00.000Z,11.0,,mgm,0
17447,VİZE/MİDYE KIYIKÖY BATI MENDİREK FENERİ (ANA),Kırklareli,Vize,Karadeniz,41.630847,28.101353,2023-01-27T16:45:00.000Z,9.1,,mgm,0
17448,TUZLA İTÜ GÜNEY MENDİREK FENERİ,İstanbul,Tuzla,Marmara,40.811828,29.297373,2023-01-27T16:45:00.000Z,10.8,,mgm,0
17452,YALOVA SAMANLIDERE TALİ (DOĞU) MENDİREK FENERİ,Yalova,Merkez,Marmara,40.660597,29.246969,2023-01-27T16:45:00.000Z,12.9,,mgm,0
17467,HOPA ANA MENDİREK FENERİ,Artvin,Hopa,Karadeniz,41.420291,41.429843,2023-01-27T16:45:00.000Z,12.1,,mgm,0
17470,İNCEBURUN (YILDIZADASI) MARMARİS FENERİ,Muğla,Marmaris,Akdeniz,36.813936,28.265907,2023-01-27T16:45:00.000Z,16.4,,mgm,0
17476,KONYAALTI/ANTALYA YENİ LİMAN ANA MENDİREK FENERİ,Antalya,Konyaaltı,Akdeniz,36.834011,30.616572,2023-01-27T16:45:00.000Z,18.4,,mgm,0
17486,İSKENDERUN KÖRFEZİ,Hatay,Payas,Akdeniz,36.59159,36.17992,2023-01-27T16:45:00.000Z,18.4,,mgm,0
17491,GEVAŞ AKDAMAR FENERİ,Van,Gevaş,Van Gölü,38.309988,43.041398,2023-01-27T16:45:00.000Z,5.9,,mgm,0
17492,DİDİM MARİNA FENERİ,Aydın,Didim,Ege,37.3369,27.264,2023-01-27T16:45:00.000Z,18.4,,mgm,0
17386,BODRUM KARAADA SIĞLIK IŞIKLI ŞAMANDIRA,Muğla,Bodrum,Ege,37.0081,27.4142,2023-01-27T16:46:00.000Z,19.1,,mgm,0
17436,ENEZ TALİ MENDİREK FENERİ,Edirne,Enez,Ege,40.698218,26.051263,2023-01-27T16:46:00.000Z,10.1,,mgm,0
17438,SİLİVRİ ANA MENDİREK FENERİ,İstanbul,Silivri,Marmara,41.072866,28.238398,2023-01-27T16:46:00.000Z,10.7,,mgm,0
17440,URLA BALIKÇI BARINAĞI MENDİREK FENERİ,İzmir,Urla,Ege,38.364761,26.772665,2023-01-27T16:46:00.000Z,15.5,,mgm,0
17464,TRABZON LİMANI ANA MENDİREK FENERİ,Trabzon,Ortahisar,Karadeniz,41.006776,39.750108,2023-01-27T16:46:00.000Z,8.0,,mgm,0
17466,ÇAYELİ BALIKÇI BARINAĞI TALİ MENDİREK FENERİ,Rize,Çayeli,Karadeniz,41.090095,40.722557,2023-01-27T16:46:00.000Z,9.5,,mgm,0
17475,KEMER SIĞLIK FENERİ,Antalya,Kemer,Akdeniz,36.612395,30.574242,2023-01-27T16:46:00.000Z,18.9,,mgm,0
17479,SİLİFKE/TAŞUCU SEKA ANA MENDİREK FENERİ,Mersin,Silifke,Akdeniz,36.309162,33.889845,2023-01-27T16:46:00.000Z,16.4,,mgm,0
17482,VAN LİMAN,Van,Tuşba,Van Gölü,38.51486,43.307362,2023-01-27T16:46:00.000Z,5.5,,mgm,0
17483,TATVAN LİMAN,Bitlis,Tatvan,Van Gölü,38.512592,42.302103,2023-01-27T16:46:00.000Z,3.6,,mgm,0
17484,ADİLCEVAZ LİMAN,Bitlis,Adilcevaz,Van Gölü,38.797236,42.729931,2023-01-27T16:46:00.000Z,2.7,,mgm,0
17489,MUDANYA/GÜZELYALI BALIKÇI BARINAĞI,Bursa,Mudanya,Marmara,40.35612,28.934036,2023-01-27T16:46:00.000Z,10.8,,mgm,0
17480,KARATAŞ BALIKÇI BARINAĞI TALİ MENDİREK FENERİ,Adana,Karataş,Akdeniz,36.557986,35.383499,2023-01-27T16:47:00.000Z,15.6,,mgm,0
17460,ÜNYE BALIKÇI BARINAĞI ANA MENDİREK FENERİ,Ordu,Ünye,Karadeniz,41.116448,37.348722,2023-01-27T16:49:00.000Z,10.7,,mgm,0
17465,ARAKLI BALIKÇI BARINAĞI TALİ MENDİREK FENERİ,Trabzon,Araklı,Karadeniz,40.945081,40.053776,2023-01-27T16:52:00.000Z,9.2,,mgm,0
17015,AKÇAKOCA,Düzce,Akçakoca,Karadeniz,41.089528,31.143039,2023-01-29T09:00:00.000Z,9.8,,mgm,0
17024,İNEBOLU,Kastamonu,İnebolu,Karadeniz,41.978937,33.762945,2023-01-29T09:00:00.000Z,11.0,,mgm,0
17026,SİNOP,Sinop,Merkez,Karadeniz,42.029821,35.154286,2023-01-29T09:00:00.000Z,10.5,,mgm,0
17030,SAMSUN BÖLGE,Samsun,Atakum,Karadeniz,41.344286,36.255794,2023-01-29T09:00:00.000Z,11.0,,mgm,0
17034,GİRESUN,Giresun,Merkez,Karadeniz,40.922667,38.387833,2023-01-29T09:00:00.000Z,9.8,,mgm,0
17038,TRABZON HAVALİMANI,Trabzon,Ortahisar,Karadeniz,40.999133,39.779248,2023-01-29T09:00:00.000Z,9.1,,mgm,0
17040,RİZE,Rize,Merkez,Karadeniz,41.04,40.501333,2023-01-29T09:00:00.000Z,12.1,,mgm,0
17042,HOPA,Artvin,Hopa,Karadeniz,41.4065,41.433,2023-01-29T09:00:00.000Z,12.0,,mgm,0
17044,RİZE ARTVİN HAVALİMANI,Rize,Pazar,Karadeniz,41.177687,40.835223,2023-01-29T09:00:00.000Z,11.3,,mgm,0
17056,TEKİRDAĞ,Tekirdağ,Süleymanpaşa,Marmara,40.957959,27.496181,2023-01-29T09:00:00.000Z,10.7,,mgm,0
17059,SARIYER/KUMKÖY-KİLYOS,İstanbul,Sarıyer,Karadeniz,41.25047,29.038367,2023-01-29T09:00:00.000Z,9.8,,mgm,0
17112,ÇANAKKALE,Çanakkale,Merkez,Marmara,40.141428,26.399616,2023-01-29T09:00:00.000Z,12.3,,mgm,0
17175,AYVALIK,Balıkesir,Ayvalık,Ege,39.311292,26.686445,2023-01-29T09:00:00.000Z,14.0,,mgm,0
17180,DİKİLİ,İzmir,Dikili,Ege,39.073861,26.888093,2023-01-29T09:00:00.000Z,13.7,,mgm,0
17220,İZMİR BÖLGE,İzmir,Konak,Ege,38.3945,27.0821,2023-01-29T09:00:00.000Z,14.0,,mgm,0
17221,ÇEŞME,İzmir,Çeşme,Ege,38.303858,26.372882,2023-01-29T09:00:00.000Z,11.2,,mgm,0
17232,KUŞADASI,Aydın,Kuşadası,Ege,37.859636,27.265115,2023-01-29T09:00:00.000Z,17.9,,mgm,0
17290,BODRUM,Muğla,Bodrum,Ege,37.032611,27.439801,2023-01-29T09:00:00.000Z,19.0,,mgm,0
17296,FETHİYE,Muğla,Fethiye,Akdeniz,36.626611,29.123804,2023-01-29T09:00:00.000Z,18.6,,mgm,0
17297,DATÇA,Muğla,Datça,Ege,36.707945,27.691918,2023-01-29T09:00:00.000Z,18.5,,mgm,0
17298,MARMARİS,Muğla,Marmaris,Akdeniz,36.83926,28.244995,2023-01-29T09:00:00.000Z,16.8,,mgm,0
17302,ANTALYA BÖLGE,Antalya,Muratpaşa,Akdeniz,36.885073,30.682793,2023-01-29T09:00:00.000Z,16.7,,mgm,0
17310,ALANYA,Antalya,Alanya,Akdeniz,36.54999,31.979822,2023-01-29T09:00:00.000Z,17.1,,mgm,0
17320,ANAMUR,Mersin,Anamur,Akdeniz,36.068614,32.864876,2023-01-29T09:00:00.000Z,17.4,,mgm,0
17340,MERSİN,Mersin,Yenişehir,Akdeniz,36.780904,34.603125,2023-01-29T09:00:00.000Z,17.4,,mgm,0
17370,İSKENDERUN,Hatay,İskenderun,Akdeniz,36.592358,36.158158,2023-01-29T09:00:00.000Z,18.3,,mgm,0
17375,FİNİKE,Antalya,Finike,Akdeniz,36.3024,30.1458,2023-01-29T09:00:00.000Z,18.0,,mgm,0
17380,KAŞ,Antalya,Kaş,Akdeniz,36.200579,29.649995,2023-01-29T09:00:00.000Z,18.0,,mgm,0
17427,BOZCAADA LİMAN GİRİŞİ GÜNEY MENDİREK FENERİ,Çanakkale,Bozcaada,Ege,39.8341,26.0748,2023-01-29T15:04:00.000Z,15.7,,mgm,0
17438,SİLİVRİ ANA MENDİREK FENERİ,İstanbul,Silivri,Marmara,41.072866,28.238398,2023-01-29T20:40:00.000Z,10.2,,mgm,0
17448,TUZLA İTÜ GÜNEY MENDİREK FENERİ,İstanbul,Tuzla,Marmara,40.811828,29.297373,2023-01-29T20:40:00.000Z,10.6,,mgm,0
17440,URLA BALIKÇI BARINAĞI MENDİREK FENERİ,İzmir,Urla,Ege,38.364761,26.772665,2023-01-29T20:41:00.000Z,14.8,,mgm,0
17447,VİZE/MİDYE KIYIKÖY BATI MENDİREK FENERİ (ANA),Kırklareli,Vize,Karadeniz,41.630847,28.101353,2023-01-29T20:41:00.000Z,8.1,,mgm,0
17484,ADİLCEVAZ LİMAN,Bitlis,Adilcevaz,Van Gölü,38.797236,42.729931,2023-01-29T20:41:00.000Z,1.7,,mgm,0
17381,KUŞADASI 3. NOLU ŞAMANDIRA,Aydın,Kuşadası,Ege,37.8458,27.2194,2023-01-29T20:45:00.000Z,17.9,,mgm,0
17384,URLA/KUBİLAY SIĞLIĞI IŞIKLI ŞAMANDIRA,İzmir,Urla,Ege,38.4467,26.7175,2023-01-29T20:45:00.000Z,16.1,,mgm,0
17387,GİRESUN PALAMUT KAYALIĞI MAHMUZ FENERİ,Giresun,Merkez,Karadeniz,40.9182,38.3783,2023-01-29T20:45:00.000Z,11.7,,mgm,0
17421,AYVALIK KANAL SANCAK A FENERİ,Balıkesir,Ayvalık,Ege,39.323394,26.640546,2023-01-29T20:45:00.000Z,12.9,,mgm,0
17423,MARMARA BARINAK ANA MENDİREK FENERİ,Balıkesir,Marmara,Marmara,40.583839,27.560849,2023-01-29T20:45:00.000Z,11.3,,mgm,0
17425,LAPSEKİ/ZİNCİRBOZAN FENERİ,Çanakkale,Lapseki,Marmara,40.4206,26.7536,2023-01-29T20:45:00.000Z,11.3,,mgm,0
17428,AYVACIK/GÜLPINAR ANA MENDİREK FENERİ,Çanakkale,Ayvacık,Ege,39.5658,26.0967,2023-01-29T20:45:00.000Z,14.8,,mgm,0
17429,ECEABAT/KABATEPE GÜNEY MENDİREK FENERİ,Çanakkale,Eceabat,Ege,40.2019,26.2669,2023-01-29T20:45:00.000Z,15.4,,mgm,0
17430,GÖKÇEADA KALEKÖY ANA MENDİREK FENERİ,Çanakkale,Gökçeada,Ege,40.2317,25.8914,2023-01-29T20:45:00.000Z,14.6,,mgm,0
17432,EZİNE/GEYİKLİ ODUNLUK İSKELE FENERİ,Çanakkale,Ezine,Ege,39.818998,26.160008,2023-01-29T20:45:00.000Z,14.7,,mgm,0
17433,GÖKÇEADA UĞURLU LİMAN FENERİ,Çanakkale,Gökçeada,Ege,40.1153,25.6989,2023-01-29T20:45:00.000Z,13.5,,mgm,0
17434,EZİNE YENİKÖY BAL.BAR. ANA MENDİREK FENERİ,Çanakkale,Ezine,Ege,39.9447,26.1611,2023-01-29T20:45:00.000Z,15.0,,mgm,0
17437,TUZLA AYDINLI LİMAN FENERİ,İstanbul,Tuzla,Marmara,40.850611,29.271174,2023-01-29T20:45:00.000Z,11.0,,mgm,0
17441,GÜZELBAHÇE FENERİ,İzmir,Güzelbahçe,Ege,38.378579,26.885605,2023-01-29T20:45:00.000Z,15.3,,mgm,0
17443,ÇEŞME/KALE YERİ SIĞ.(DÖKÜNTÜTAŞI) FENERİ,İzmir,Çeşme,Ege,38.329226,26.267881,2023-01-29T20:45:00.000Z,9.3,,mgm,0
17445,CİDE KUZEY MENDİREK FENERİ,Kastamonu,Cide,Karadeniz,41.9006,32.9778,2023-01-29T20:45:00.000Z,10.9,,mgm,0
17446,İNEBOLU KUZEY MENDİREK FENERİ,Kastamonu,İnebolu,Karadeniz,41.9817,33.7769,2023-01-29T20:45:00.000Z,10.8,,mgm,0
17452,YALOVA SAMANLIDERE TALİ (DOĞU) MENDİREK FENERİ,Yalova,Merkez,Marmara,40.660597,29.246969,2023-01-29T20:45:00.000Z,10.2,,mgm,0
17453,ZONGULDAK GÜNEY MENDİREK FENERİ,Zonguldak,Merkez,Karadeniz,41.458611,31.779166,2023-01-29T20:45:00.000Z,10.8,,mgm,0
17467,HOPA ANA MENDİREK FENERİ,Artvin,Hopa,Karadeniz,41.420291,41.429843,2023-01-29T20:45:00.000Z,12.0,,mgm,0
17470,İNCEBURUN (YILDIZADASI) MARMARİS FENERİ,Muğla,Marmaris,Akdeniz,36.813936,28.265907,2023-01-29T20:45:00.000Z,16.6,,mgm,0
17476,KONYAALTI/ANTALYA YENİ LİMAN ANA MENDİREK FENERİ,Antalya,Konyaaltı,Akdeniz,36.834011,30.616572,2023-01-29T20:45:00.000Z,17.1,,mgm,0
17486,İSKENDERUN KÖRFEZİ,Hatay,Payas,Akdeniz,36.59159,36.17992,2023-01-29T20:45:00.000Z,17.9,,mgm,0
17491,GEVAŞ AKDAMAR FENERİ,Van,Gevaş,Van Gölü,38.309988,43.041398,2023-01-29T20:45:00.000Z,4.9,,mgm,0
17492,DİDİM MARİNA FENERİ,Aydın,Didim,Ege,37.3369,27.264,2023-01-29T20:45:00.000Z,19.0,,mgm,0
17386,BODRUM KARAADA SIĞLIK IŞIKLI ŞAMANDIRA,Muğla,Bodrum,Ege,37.0081,27.4142,2023-01-29T20:46:00.000Z,19.1,,mgm,0
17436,ENEZ TALİ MENDİREK FENERİ,Edirne,Enez,Ege,40.698218,26.051263,2023-01-29T20:46:00.000Z,10.6,,mgm,0
17464,TRABZON LİMANI ANA MENDİREK FENERİ,Trabzon,Ortahisar,Karadeniz,41.006776,39.750108,2023-01-29T20:46:00.000Z,8.3,,mgm,0
17466,ÇAYELİ BALIKÇI BARINAĞI TALİ MENDİREK FENERİ,Rize,Çayeli,Karadeniz,41.090095,40.722557,2023-01-29T20:46:00.000Z,9.1,,mgm,0
17479,SİLİFKE/TAŞUCU SEKA ANA MENDİREK FENERİ,Mersin,Silifke,Akdeniz,36.309162,33.889845,2023-01-29T20:46:00.000Z,16.4,,mgm,0
17482,VAN LİMAN,Van,Tuşba,Van Gölü,38.51486,43.307362,2023-01-29T20:46:00.000Z,5.4,,mgm,0
17483,TATVAN LİMAN,Bitlis,Tatvan,Van Gölü,38.512592,42.302103,2023-01-29T20:46:00.000Z,2.4,,mgm,0
17489,MUDANYA/GÜZELYALI BALIKÇI BARINAĞI,Bursa,Mudanya,Marmara,40.35612,28.934036,2023-01-29T20:46:00.000Z,9.9,,mgm,0
17480,KARATAŞ BALIKÇI BARINAĞI TALİ MENDİREK FENERİ,Adana,Karataş,Akdeniz,36.557986,35.383499,2023-01-29T20:47:00.000Z,14.3,,mgm,0
17460,ÜNYE BALIKÇI BARINAĞI ANA MENDİREK FENERİ,Ordu,Ünye,Karadeniz,41.116448,37.348722,2023-01-29T20:49:00.000Z,10.3,,mgm,0
17465,ARAKLI BALIKÇI BARINAĞI TALİ MENDİREK FENERİ,Trabzon,Araklı,Karadeniz,40.945081,40.053776,2023-01-29T20:52:00.000Z,9.0,,mgm,0
17427,BOZCAADA LİMAN GİRİŞİ GÜNEY MENDİREK FENERİ,Çanakkale,Bozcaada,Ege,39.8341,26.0748,2023-02-02T15:13:00.000Z,15.3,,mgm,0
17473,KAŞ BAYINDIR ANA MENDİREK FENERİ,Antalya,Kaş,Akdeniz,36.183225,29.642011,2023-02-03T01:21:00.000Z,20.7,,mgm,0
17429,ECEABAT/KABATEPE GÜNEY MENDİREK FENERİ,Çanakkale,Eceabat,Ege,40.2019,26.2669,2023-02-03T06:35:00.000Z,12.9,,mgm,0
17491,GEVAŞ AKDAMAR FENERİ,Van,Gevaş,Van Gölü,38.309988,43.041398,2023-02-03T06:42:00.000Z,4.9,,mgm,0
17395,AMASRA ŞAMANDIRA,Bartın,Amasra,Karadeniz,41.86081,32.57793,2023-02-03T07:30:00.000Z,10.4,,mgm,0
17396,SİNOP ŞAMANDIRA,Sinop,Merkez,Karadeniz,42.01086,34.80268,2023-02-03T07:30:00.000Z,10.1,,mgm,0
17398,HOPA ŞAMANDIRA,Artvin,Hopa,Karadeniz,41.41104,41.32867,2023-02-03T07:30:00.000Z,11.8,,mgm,0
17438,SİLİVRİ ANA MENDİREK FENERİ,İstanbul,Silivri,Marmara,41.072866,28.238398,2023-02-03T07:32:00.000Z,9.5,,mgm,0
17448,TUZLA İTÜ GÜNEY MENDİREK FENERİ,İstanbul,Tuzla,Marmara,40.811828,29.297373,2023-02-03T07:32:00.000Z,9.2,,mgm,0
17381,KUŞADASI 3. NOLU ŞAMANDIRA,Aydın,Kuşadası,Ege,37.8458,27.2194,2023-02-03T07:33:00.000Z,17.7,,mgm,0
17384,URLA/KUBİLAY SIĞLIĞI IŞIKLI ŞAMANDIRA,İzmir,Urla,Ege,38.4467,26.7175,2023-02-03T07:33:00.000Z,15.8,,mgm,0
17387,GİRESUN PALAMUT KAYALIĞI MAHMUZ FENERİ,Giresun,Merkez,Karadeniz,40.9182,38.3783,2023-02-03T07:33:00.000Z,10.6,,mgm,0
17423,MARMARA BARINAK ANA MENDİREK FENERİ,Balıkesir,Marmara,Marmara,40.583839,27.560849,2023-02-03T07:33:00.000Z,12.2,,mgm,0
17424,MARMARA/SARAYLAR KÖYÜ BARINAK (SANDAL BASENİ) FENERİ,Balıkesir,Marmara,Marmara,40.657488,27.662533,2023-02-03T07:33:00.000Z,6.7,,mgm,0
17425,LAPSEKİ/ZİNCİRBOZAN FENERİ,Çanakkale,Lapseki,Marmara,40.4206,26.7536,2023-02-03T07:33:00.000Z,10.7,,mgm,0
17428,AYVACIK/GÜLPINAR ANA MENDİREK FENERİ,Çanakkale,Ayvacık,Ege,39.5658,26.0967,2023-02-03T07:33:00.000Z,14.9,,mgm,0
17430,GÖKÇEADA KALEKÖY ANA MENDİREK FENERİ,Çanakkale,Gökçeada,Ege,40.2317,25.8914,2023-02-03T07:33:00.000Z,12.9,,mgm,0
17431,BİGA/KARABİGA BAR. (B) NOKTASI GÜNEY MEN. FENERİ,Çanakkale,Biga,Marmara,40.399583,27.305591,2023-02-03T07:33:00.000Z,8.8,,mgm,0
17432,EZİNE/GEYİKLİ ODUNLUK İSKELE FENERİ,Çanakkale,Ezine,Ege,39.818998,26.160008,2023-02-03T07:33:00.000Z,15.0,,mgm,0
17433,GÖKÇEADA UĞURLU LİMAN FENERİ,Çanakkale,Gökçeada,Ege,40.1153,25.6989,2023-02-03T07:33:00.000Z,11.6,,mgm,0
17434,EZİNE YENİKÖY BAL.BAR. ANA MENDİREK FENERİ,Çanakkale,Ezine,Ege,39.9447,26.1611,2023-02-03T07:33:00.000Z,14.8,,mgm,0
17437,TUZLA AYDINLI LİMAN FENERİ,İstanbul,Tuzla,Marmara,40.850611,29.271174,2023-02-03T07:33:00.000Z,10.1,,mgm,0
17440,URLA BALIKÇI BARINAĞI MENDİREK FENERİ,İzmir,Urla,Ege,38.364761,26.772665,2023-02-03T07:33:00.000Z,14.0,,mgm,0
17441,GÜZELBAHÇE FENERİ,İzmir,Güzelbahçe,Ege,38.378579,26.885605,2023-02-03T07:33:00.000Z,15.7,,mgm,0
17442,KONAK/İZMİR PASAPORT MENDİREK FENERİ,İzmir,Konak,Ege,38.429236,27.131698,2023-02-03T07:33:00.000Z,12.9,,mgm,0
17445,CİDE KUZEY MENDİREK FENERİ,Kastamonu,Cide,Karadeniz,41.9006,32.9778,2023-02-03T07:33:00.000Z,9.6,,mgm,0
17446,İNEBOLU KUZEY MENDİREK FENERİ,Kastamonu,İnebolu,Karadeniz,41.9817,33.7769,2023-02-03T07:33:00.000Z,9.8,,mgm,0
17447,VİZE/MİDYE KIYIKÖY BATI MENDİREK FENERİ (ANA),Kırklareli,Vize,Karadeniz,41.630847,28.101353,2023-02-03T07:33:00.000Z,7.6,,mgm,0
17452,YALOVA SAMANLIDERE TALİ (DOĞU) MENDİREK FENERİ,Yalova,Merkez,Marmara,40.660597,29.246969,2023-02-03T07:33:00.000Z,9.7,,mgm,0
17453,ZONGULDAK GÜNEY MENDİREK FENERİ,Zonguldak,Merkez,Karadeniz,41.458611,31.779166,2023-02-03T07:33:00.000Z,10.3,,mgm,0
17467,HOPA ANA MENDİREK FENERİ,Artvin,Hopa,Karadeniz,41.420291,41.429843,2023-02-03T07:33:00.000Z,11.6,,mgm,0
17476,KONYAALTI/ANTALYA YENİ LİMAN ANA MENDİREK FENERİ,Antalya,Konyaaltı,Akdeniz,36.834011,30.616572,2023-02-03T07:33:00.000Z,16.6,,mgm,0
17486,İSKENDERUN KÖRFEZİ,Hatay,Payas,Akdeniz,36.59159,36.17992,2023-02-03T07:33:00.000Z,17.6,,mgm,0
17492,DİDİM MARİNA FENERİ,Aydın,Didim,Ege,37.3369,27.264,2023-02-03T07:33:00.000Z,18.3,,mgm,0
17386,BODRUM KARAADA SIĞLIK IŞIKLI ŞAMANDIRA,Muğla,Bodrum,Ege,37.0081,27.4142,2023-02-03T07:34:00.000Z,18.8,,mgm,0
17436,ENEZ TALİ MENDİREK FENERİ,Edirne,Enez,Ege,40.698218,26.051263,2023-02-03T07:34:00.000Z,11.6,,mgm,0
17460,ÜNYE BALIKÇI BARINAĞI ANA MENDİREK FENERİ,Ordu,Ünye,Karadeniz,41.116448,37.348722,2023-02-03T07:34:00.000Z,9.4,,mgm,0
17464,TRABZON LİMANI ANA MENDİREK FENERİ,Trabzon,Ortahisar,Karadeniz,41.006776,39.750108,2023-02-03T07:34:00.000Z,8.0,,mgm,0
17466,ÇAYELİ BALIKÇI BARINAĞI TALİ MENDİREK FENERİ,Rize,Çayeli,Karadeniz,41.090095,40.722557,2023-02-03T07:34:00.000Z,9.0,,mgm,0
17475,KEMER SIĞLIK FENERİ,Antalya,Kemer,Akdeniz,36.612395,30.574242,2023-02-03T07:34:00.000Z,17.8,,mgm,0
17479,SİLİFKE/TAŞUCU SEKA ANA MENDİREK FENERİ,Mersin,Silifke,Akdeniz,36.309162,33.889845,2023-02-03T07:34:00.000Z,15.8,,mgm,0
17482,VAN LİMAN,Van,Tuşba,Van Gölü,38.51486,43.307362,2023-02-03T07:34:00.000Z,5.2,,mgm,0
17483,TATVAN LİMAN,Bitlis,Tatvan,Van Gölü,38.512592,42.302103,2023-02-03T07:34:00.000Z,2.6,,mgm,0
17484,ADİLCEVAZ LİMAN,Bitlis,Adilcevaz,Van Gölü,38.797236,42.729931,2023-02-03T07:34:00.000Z,1.1,,mgm,0
17489,MUDANYA/GÜZELYALI BALIKÇI BARINAĞI,Bursa,Mudanya,Marmara,40.35612,28.934036,2023-02-03T07:34:00.000Z,8.9,,mgm,0
17480,KARATAŞ BALIKÇI BARINAĞI TALİ MENDİREK FENERİ,Adana,Karataş,Akdeniz,36.557986,35.383499,2023-02-03T07:35:00.000Z,14.2,,mgm,0
17465,ARAKLI BALIKÇI BARINAĞI TALİ MENDİREK FENERİ,Trabzon,Araklı,Karadeniz,40.945081,40.053776,2023-02-03T07:40:00.000Z,8.5,,mgm,0
17015,AKÇAKOCA,Düzce,Akçakoca,Karadeniz,41.089528,31.143039,2023-02-03T09:00:00.000Z,9.6,,mgm,0
17024,İNEBOLU,Kastamonu,İnebolu,Karadeniz,41.978937,33.762945,2023-02-03T09:00:00.000Z,11.0,,mgm,0
17026,SİNOP,Sinop,Merkez,Karadeniz,42.029821,35.154286,2023-02-03T09:00:00.000Z,10.5,,mgm,0
17030,SAMSUN BÖLGE,Samsun,Atakum,Karadeniz,41.344286,36.255794,2023-02-03T09:00:00.000Z,10.8,,mgm,0
17033,ORDU,Ordu,Altınordu,Karadeniz,40.983833,37.885833,2023-02-03T09:00:00.000Z,9.4,,mgm,0
17034,GİRESUN,Giresun,Merkez,Karadeniz,40.922667,38.387833,2023-02-03T09:00:00.000Z,10.4,,mgm,0
17038,TRABZON HAVALİMANI,Trabzon,Ortahisar,Karadeniz,40.999133,39.779248,2023-02-03T09:00:00.000Z,8.4,,mgm,0
17040,RİZE,Rize,Merkez,Karadeniz,41.04,40.501333,2023-02-03T09:00:00.000Z,11.8,,mgm,0
17042,HOPA,Artvin,Hopa,Karadeniz,41.4065,41.433,2023-02-03T09:00:00.000Z,11.3,,mgm,0
17044,RİZE ARTVİN HAVALİMANI,Rize,Pazar,Karadeniz,41.177687,40.835223,2023-02-03T09:00:00.000Z,10.9,,mgm,0
17056,TEKİRDAĞ,Tekirdağ,Süleymanpaşa,Marmara,40.957959,27.496181,2023-02-03T09:00:00.000Z,10.0,,mgm,0
17059,SARIYER/KUMKÖY-KİLYOS,İstanbul,Sarıyer,Karadeniz,41.25047,29.038367,2023-02-03T09:00:00.000Z,9.4,,mgm,0
17112,ÇANAKKALE,Çanakkale,Merkez,Marmara,40.141428,26.399616,2023-02-03T09:00:00.000Z,12.0,,mgm,0
17175,AYVALIK,Balıkesir,Ayvalık,Ege,39.311292,26.686445,2023-02-03T09:00:00.000Z,13.8,,mgm,0
17180,DİKİLİ,İzmir,Dikili,Ege,39.073861,26.888093,2023-02-03T09:00:00.000Z,13.4,,mgm,0
17220,İZMİR BÖLGE,İzmir,Konak,Ege,38.3945,27.0821,2023-02-03T09:00:00.000Z,12.8,,mgm,0
17221,ÇEŞME,İzmir,Çeşme,Ege,38.303858,26.372882,2023-02-03T09:00:00.000Z,13.8,,mgm,0
17232,KUŞADASI,Aydın,Kuşadası,Ege,37.859636,27.265115,2023-02-03T09:00:00.000Z,17.8,,mgm,0
17290,BODRUM,Muğla,Bodrum,Ege,37.032611,27.439801,2023-02-03T09:00:00.000Z,18.6,,mgm,0
17296,FETHİYE,Muğla,Fethiye,Akdeniz,36.626611,29.123804,2023-02-03T09:00:00.000Z,18.3,,mgm,0
17297,DATÇA,Muğla,Datça,Ege,36.707945,27.691918,2023-02-03T09:00:00.000Z,17.9,,mgm,0
17298,MARMARİS,Muğla,Marmaris,Akdeniz,36.83926,28.244995,2023-02-03T09:00:00.000Z,16.8,,mgm,0
17310,ALANYA,Antalya,Alanya,Akdeniz,36.54999,31.979822,2023-02-03T09:00:00.000Z,16.6,,mgm,0
17320,ANAMUR,Mersin,Anamur,Akdeniz,36.068614,32.864876,2023-02-03T09:00:00.000Z,17.4,,mgm,0
17340,MERSİN,Mersin,Yenişehir,Akdeniz,36.780904,34.603125,2023-02-03T09:00:00.000Z,16.5,,mgm,0
17370,İSKENDERUN,Hatay,İskenderun,Akdeniz,36.592358,36.158158,2023-02-03T09:00:00.000Z,17.3,,mgm,0
17375,FİNİKE,Antalya,Finike,Akdeniz,36.3024,30.1458,2023-02-03T09:00:00.000Z,17.6,,mgm,0
17380,KAŞ,Antalya,Kaş,Akdeniz,36.200579,29.649995,2023-02-03T09:00:00.000Z,18.0,,mgm,0
17015,AKÇAKOCA,Düzce,Akçakoca,Karadeniz,41.089528,31.143039,2023-02-05T09:00:00.000Z,9.6,,mgm,0
17024,İNEBOLU,Kastamonu,İnebolu,Karadeniz,41.978937,33.762945,2023-02-05T09:00:00.000Z,9.4,,mgm,0
17026,SİNOP,Sinop,Merkez,Karadeniz,42.029821,35.154286,2023-02-05T09:00:00.000Z,10.3,,mgm,0
17030,SAMSUN BÖLGE,Samsun,Atakum,Karadeniz,41.344286,36.255794,2023-02-05T09:00:00.000Z,10.5,,mgm,0
17033,ORDU,Ordu,Altınordu,Karadeniz,40.983833,37.885833,2023-02-05T09:00:00.000Z,9.3,,mgm,0
17034,GİRESUN,Giresun,Merkez,Karadeniz,40.922667,38.387833,2023-02-05T09:00:00.000Z,10.2,,mgm,0
17038,TRABZON HAVALİMANI,Trabzon,Ortahisar,Karadeniz,40.999133,39.779248,2023-02-05T09:00:00.000Z,8.2,,mgm,0
17040,RİZE,Rize,Merkez,Karadeniz,41.04,40.501333,2023-02-05T09:00:00.000Z,11.6,,mgm,0
17042,HOPA,Artvin,Hopa,Karadeniz,41.4065,41.433,2023-02-05T09:00:00.000Z,11.6,,mgm,0
17044,RİZE ARTVİN HAVALİMANI,Rize,Pazar,Karadeniz,41.177687,40.835223,2023-02-05T09:00:00.000Z,11.0,,mgm,0
17056,TEKİRDAĞ,Tekirdağ,Süleymanpaşa,Marmara,40.957959,27.496181,2023-02-05T09:00:00.000Z,10.0,,mgm,0
17059,SARIYER/KUMKÖY-KİLYOS,İstanbul,Sarıyer,Karadeniz,41.25047,29.038367,2023-02-05T09:00:00.000Z,9.2,,mgm,0
17112,ÇANAKKALE,Çanakkale,Merkez,Marmara,40.141428,26.399616,2023-02-05T09:00:00.000Z,11.9,,mgm,0
17175,AYVALIK,Balıkesir,Ayvalık,Ege,39.311292,26.686445,2023-02-05T09:00:00.000Z,13.6,,mgm,0
17180,DİKİLİ,İzmir,Dikili,Ege,39.073861,26.888093,2023-02-05T09:00:00.000Z,13.4,,mgm,0
17220,İZMİR BÖLGE,İzmir,Konak,Ege,38.3945,27.0821,2023-02-05T09:00:00.000Z,12.6,,mgm,0
17221,ÇEŞME,İzmir,Çeşme,Ege,38.303858,26.372882,2023-02-05T09:00:00.000Z,13.8,,mgm,0
17232,KUŞADASI,Aydın,Kuşadası,Ege,37.859636,27.265115,2023-02-05T09:00:00.000Z,17.6,,mgm,0
17290,BODRUM,Muğla,Bodrum,Ege,37.032611,27.439801,2023-02-05T09:00:00.000Z,18.4,,mgm,0
17296,FETHİYE,Muğla,Fethiye,Akdeniz,36.626611,29.123804,2023-02-05T09:00:00.000Z,18.1,,mgm,0
17298,MARMARİS,Muğla,Marmaris,Akdeniz,36.83926,28.244995,2023-02-05T09:00:00.000Z,16.6,,mgm,0
17310,ALANYA,Antalya,Alanya,Akdeniz,36.54999,31.979822,2023-02-05T09:00:00.000Z,16.5,,mgm,0
17320,ANAMUR,Mersin,Anamur,Akdeniz,36.068614,32.864876,2023-02-05T09:00:00.000Z,17.4,,mgm,0
17340,MERSİN,Mersin,Yenişehir,Akdeniz,36.780904,34.603125,2023-02-05T09:00:00.000Z,16.5,,mgm,0
17370,İSKENDERUN,Hatay,İskenderun,Akdeniz,36.592358,36.158158,2023-02-05T09:00:00.000Z,17.6,,mgm,0
17375,FİNİKE,Antalya,Finike,Akdeniz,36.3024,30.1458,2023-02-05T09:00:00.000Z,17.5,,mgm,0
17380,KAŞ,Antalya,Kaş,Akdeniz,36.200579,29.649995,2023-02-05T09:00:00.000Z,18.2,,mgm,0
17381,KUŞADASI 3. NOLU ŞAMANDIRA,Aydın,Kuşadası,Ege,37.8458,27.2194,2023-02-05T10:29:00.000Z,17.6,,mgm,0
17473,KAŞ BAYINDIR ANA MENDİREK FENERİ,Antalya,Kaş,Akdeniz,36.183225,29.642011,2023-02-05T13:46:00.000Z,20.3,,mgm,0
17427,BOZCAADA LİMAN GİRİŞİ GÜNEY MENDİREK FENERİ,Çanakkale,Bozcaada,Ege,39.8341,26.0748,2023-02-05T14:31:00.000Z,14.7,,mgm,0
17433,GÖKÇEADA UĞURLU LİMAN FENERİ,Çanakkale,Gökçeada,Ege,40.1153,25.6989,2023-02-05T15:28:00.000Z,12.2,,mgm,0
17398,HOPA ŞAMANDIRA,Artvin,Hopa,Karadeniz,41.41104,41.32867,2023-02-05T15:30:00.000Z,11.8,,mgm,0
17438,SİLİVRİ ANA MENDİREK FENERİ,İstanbul,Silivri,Marmara,41.072866,28.238398,2023-02-05T15:32:00.000Z,9.2,,mgm,0
17447,VİZE/MİDYE KIYIKÖY BATI MENDİREK FENERİ (ANA),Kırklareli,Vize,Karadeniz,41.630847,28.101353,2023-02-05T15:32:00.000Z,7.4,,mgm,0
17384,URLA/KUBİLAY SIĞLIĞI IŞIKLI ŞAMANDIRA,İzmir,Urla,Ege,38.4467,26.7175,2023-02-05T15:33:00.000Z,15.4,,mgm,0
17423,MARMARA BARINAK ANA MENDİREK FENERİ,Balıkesir,Marmara,Marmara,40.583839,27.560849,2023-02-05T15:33:00.000Z,12.0,,mgm,0
17425,LAPSEKİ/ZİNCİRBOZAN FENERİ,Çanakkale,Lapseki,Marmara,40.4206,26.7536,2023-02-05T15:33:00.000Z,10.2,,mgm,0
17428,AYVACIK/GÜLPINAR ANA MENDİREK FENERİ,Çanakkale,Ayvacık,Ege,39.5658,26.0967,2023-02-05T15:33:00.000Z,12.9,,mgm,0
17429,ECEABAT/KABATEPE GÜNEY MENDİREK FENERİ,Çanakkale,Eceabat,Ege,40.2019,26.2669,2023-02-05T15:33:00.000Z,15.0,,mgm,0
17430,GÖKÇEADA KALEKÖY ANA MENDİREK FENERİ,Çanakkale,Gökçeada,Ege,40.2317,25.8914,2023-02-05T15:33:00.000Z,14.9,,mgm,0
17431,BİGA/KARABİGA BAR. (B) NOKTASI GÜNEY MEN. FENERİ,Çanakkale,Biga,Marmara,40.399583,27.305591,2023-02-05T15:33:00.000Z,7.7,,mgm,0
17432,EZİNE/GEYİKLİ ODUNLUK İSKELE FENERİ,Çanakkale,Ezine,Ege,39.818998,26.160008,2023-02-05T15:33:00.000Z,13.4,,mgm,0
17434,EZİNE YENİKÖY BAL.BAR. ANA MENDİREK FENERİ,Çanakkale,Ezine,Ege,39.9447,26.1611,2023-02-05T15:33:00.000Z,13.9,,mgm,0
17437,TUZLA AYDINLI LİMAN FENERİ,İstanbul,Tuzla,Marmara,40.850611,29.271174,2023-02-05T15:33:00.000Z,9.2,,mgm,0
17440,URLA BALIKÇI BARINAĞI MENDİREK FENERİ,İzmir,Urla,Ege,38.364761,26.772665,2023-02-05T15:33:00.000Z,12.5,,mgm,0
17441,GÜZELBAHÇE FENERİ,İzmir,Güzelbahçe,Ege,38.378579,26.885605,2023-02-05T15:33:00.000Z,14.9,,mgm,0
17442,KONAK/İZMİR PASAPORT MENDİREK FENERİ,İzmir,Konak,Ege,38.429236,27.131698,2023-02-05T15:33:00.000Z,12.1,,mgm,0
17445,CİDE KUZEY MENDİREK FENERİ,Kastamonu,Cide,Karadeniz,41.9006,32.9778,2023-02-05T15:33:00.000Z,10.8,,mgm,0
17446,İNEBOLU KUZEY MENDİREK FENERİ,Kastamonu,İnebolu,Karadeniz,41.9817,33.7769,2023-02-05T15:33:00.000Z,9.8,,mgm,0
17448,TUZLA İTÜ GÜNEY MENDİREK FENERİ,İstanbul,Tuzla,Marmara,40.811828,29.297373,2023-02-05T15:33:00.000Z,8.6,,mgm,0
17452,YALOVA SAMANLIDERE TALİ (DOĞU) MENDİREK FENERİ,Yalova,Merkez,Marmara,40.660597,29.246969,2023-02-05T15:33:00.000Z,9.5,,mgm,0
17453,ZONGULDAK GÜNEY MENDİREK FENERİ,Zonguldak,Merkez,Karadeniz,41.458611,31.779166,2023-02-05T15:33:00.000Z,10.2,,mgm,0
17467,HOPA ANA MENDİREK FENERİ,Artvin,Hopa,Karadeniz,41.420291,41.429843,2023-02-05T15:33:00.000Z,11.8,,mgm,0
17476,KONYAALTI/ANTALYA YENİ LİMAN ANA MENDİREK FENERİ,Antalya,Konyaaltı,Akdeniz,36.834011,30.616572,2023-02-05T15:33:00.000Z,16.3,,mgm,0
17486,İSKENDERUN KÖRFEZİ,Hatay,Payas,Akdeniz,36.59159,36.17992,2023-02-05T15:33:00.000Z,17.6,,mgm,0
17491,GEVAŞ AKDAMAR FENERİ,Van,Gevaş,Van Gölü,38.309988,43.041398,2023-02-05T15:33:00.000Z,4.9,,mgm,0
17492,DİDİM MARİNA FENERİ,Aydın,Didim,Ege,37.3369,27.264,2023-02-05T15:33:00.000Z,17.9,,mgm,0
17386,BODRUM KARAADA SIĞLIK IŞIKLI ŞAMANDIRA,Muğla,Bodrum,Ege,37.0081,27.4142,2023-02-05T15:34:00.000Z,18.5,,mgm,0
17436,ENEZ TALİ MENDİREK FENERİ,Edirne,Enez,Ege,40.698218,26.051263,2023-02-05T15:34:00.000Z,8.7,,mgm,0
17460,ÜNYE BALIKÇI BARINAĞI ANA MENDİREK FENERİ,Ordu,Ünye,Karadeniz,41.116448,37.348722,2023-02-05T15:34:00.000Z,9.1,,mgm,0
17464,TRABZON LİMANI ANA MENDİREK FENERİ,Trabzon,Ortahisar,Karadeniz,41.006776,39.750108,2023-02-05T15:34:00.000Z,8.7,,mgm,0
17466,ÇAYELİ BALIKÇI BARINAĞI TALİ MENDİREK FENERİ,Rize,Çayeli,Karadeniz,41.090095,40.722557,2023-02-05T15:34:00.000Z,8.7,,mgm,0
17475,KEMER SIĞLIK FENERİ,Antalya,Kemer,Akdeniz,36.612395,30.574242,2023-02-05T15:34:00.000Z,16.5,,mgm,0
17479,SİLİFKE/TAŞUCU SEKA ANA MENDİREK FENERİ,Mersin,Silifke,Akdeniz,36.309162,33.889845,2023-02-05T15:34:00.000Z,15.7,,mgm,0
17482,VAN LİMAN,Van,Tuşba,Van Gölü,38.51486,43.307362,2023-02-05T15:34:00.000Z,5.0,,mgm,0
17483,TATVAN LİMAN,Bitlis,Tatvan,Van Gölü,38.512592,42.302103,2023-02-05T15:34:00.000Z,2.0,,mgm,0
17484,ADİLCEVAZ LİMAN,Bitlis,Adilcevaz,Van Gölü,38.797236,42.729931,2023-02-05T15:34:00.000Z,1.4,,mgm,0
17489,MUDANYA/GÜZELYALI BALIKÇI BARINAĞI,Bursa,Mudanya,Marmara,40.35612,28.934036,2023-02-05T15:34:00.000Z,8.9,,mgm,0
17480,KARATAŞ BALIKÇI BARINAĞI TALİ MENDİREK FENERİ,Adana,Karataş,Akdeniz,36.557986,35.383499,2023-02-05T15:35:00.000Z,13.5,,mgm,0
17465,ARAKLI BALIKÇI BARINAĞI TALİ MENDİREK FENERİ,Trabzon,Araklı,Karadeniz,40.945081,40.053776,2023-02-05T15:40:00.000Z,8.6,,mgm,0
17015,AKÇAKOCA,Düzce,Akçakoca,Karadeniz,41.089528,31.143039,2023-02-06T06:00:00.000Z,9.0,,turkiye.gov.tr,1
17024,İNEBOLU,Kastamonu,İnebolu,Karadeniz,41.978937,33.762945,2023-02-06T06:00:00.000Z,9.9,,turkiye.gov.tr,1
17026,SİNOP,Sinop,Merkez,Karadeniz,42.029821,35.154286,2023-02-06T06:00:00.000Z,10.1,,turkiye.gov.tr,1
17030,SAMSUN BÖLGE,Samsun,Atakum,Karadeniz,41.344286,36.255794,2023-02-06T06:00:00.000Z,11.0,,turkiye.gov.tr,1
17033,ORDU,Ordu,Altınordu,Karadeniz,40.983833,37.885833,2023-02-06T06:00:00.000Z,9.2,,turkiye.gov.tr,1
17034,GİRESUN,Giresun,Merkez,Karadeniz,40.922667,38.387833,2023-02-06T06:00:00.000Z,10.0,,turkiye.gov.tr,1
17038,TRABZON HAVALİMANI,Trabzon,Ortahisar,Karadeniz,40.999133,39.779248,2023-02-06T06:00:00.000Z,8.2,,turkiye.gov.tr,1
17040,RİZE,Rize,Merkez,Karadeniz,41.04,40.501333,2023-02-06T06:00:00.000Z,11.5,,turkiye.gov.tr,1
17042,HOPA,Artvin,Hopa,Karadeniz,41.4065,41.433,2023-02-06T06:00:00.000Z,11.7,,turkiye.gov.tr,1
17044,RİZE ARTVİN HAVALİMANI,Rize,Pazar,Karadeniz,41.177687,40.835223,2023-02-06T06:00:00.000Z,10.8,,turkiye.gov.tr,1
17056,TEKİRDAĞ,Tekirdağ,Süleymanpaşa,Marmara,40.957959,27.496181,2023-02-06T06:00:00.000Z,9.3,,turkiye.gov.tr,1
17059,SARIYER/KUMKÖY-KİLYOS,İstanbul,Sarıyer,Karadeniz,41.25047,29.038367,2023-02-06T06:00:00.000Z,8.8,,turkiye.gov.tr,1
17112,ÇANAKKALE,Çanakkale,Merkez,Marmara,40.141428,26.399616,2023-02-06T06:00:00.000Z,11.7,,turkiye.gov.tr,1
17175,AYVALIK,Balıkesir,Ayvalık,Ege,39.311292,26.686445,2023-02-06T06:00:00.000Z,13.4,,turkiye.gov.tr,1
17180,DİKİLİ,İzmir,Dikili,Ege,39.073861,26.888093,2023-02-06T06:00:00.000Z,13.2,,turkiye.gov.tr,1
17220,İZMİR BÖLGE,İzmir,Konak,Ege,38.3945,27.0821,2023-02-06T06:00:00.000Z,11.4,,turkiye.gov.tr,1
17221,ÇEŞME,İzmir,Çeşme,Ege,38.303858,26.372882,2023-02-06T06:00:00.000Z,13.4,,turkiye.gov.tr,1
17232,KUŞADASI,Aydın,Kuşadası,Ege,37.859636,27.265115,2023-02-06T06:00:00.000Z,17.1,,turkiye.gov.tr,1
17290,BODRUM,Muğla,Bodrum,Ege,37.032611,27.439801,2023-02-06T06:00:00.000Z,18.2,,turkiye.gov.tr,1
17296,FETHİYE,Muğla,Fethiye,Akdeniz,36.626611,29.123804,2023-02-06T06:00:00.000Z,18.1,,turkiye.gov.tr,1
17298,MARMARİS,Muğla,Marmaris,Akdeniz,36.83926,28.244995,2023-02-06T06:00:00.000Z,16.6,,turkiye.gov.tr,1
17302,ANTALYA BÖLGE,Antalya,Muratpaşa,Akdeniz,36.885073,30.682793,2023-02-06T06:00:00.000Z,16.5,,turkiye.gov.tr,1
17310,ALANYA,Antalya,Alanya,Akdeniz,36.54999,31.979822,2023-02-06T06:00:00.000Z,16.5,,turkiye.gov.tr,1
17320,ANAMUR,Mersin,Anamur,Akdeniz,36.068614,32.864876,2023-02-06T06:00:00.000Z,17.4,,turkiye.gov.tr,1
17340,MERSİN,Mersin,Yenişehir,Akdeniz,36.780904,34.603125,2023-02-06T06:00:00.000Z,16.1,,turkiye.gov.tr,1
17375,FİNİKE,Antalya,Finike,Akdeniz,36.3024,30.1458,2023-02-06T06:00:00.000Z,17.5,,turkiye.gov.tr,1
17380,KAŞ,Antalya,Kaş,Akdeniz,36.200579,29.649995,2023-02-06T06:00:00.000Z,18.2,,turkiye.gov.tr,1
17381,KUŞADASI 3. NOLU ŞAMANDIRA,Aydın,Kuşadası,Ege,37.8458,27.2194,2023-02-06T06:00:00.000Z,17.3,,turkiye.gov.tr,1
17384,URLA/KUBİLAY SIĞLIĞI IŞIKLI ŞAMANDIRA,İzmir,Urla,Ege,38.4467,26.7175,2023-02-06T06:00:00.000Z,15.2,,turkiye.gov.tr,1
17386,BODRUM KARAADA SIĞLIK IŞIKLI ŞAMANDIRA,Muğla,Bodrum,Ege,37.0081,27.4142,2023-02-06T06:00:00.000Z,17.9,,turkiye.gov.tr,1
17387,GİRESUN PALAMUT KAYALIĞI MAHMUZ FENERİ,Giresun,Merkez,Karadeniz,40.9182,38.3783,2023-02-06T06:00:00.000Z,8.6,,turkiye.gov.tr,1
17396,SİNOP ŞAMANDIRA,Sinop,Merkez,Karadeniz,42.01086,34.80268,2023-02-06T06:00:00.000Z,10.0,,turkiye.gov.tr,1
17421,AYVALIK KANAL SANCAK A FENERİ,Balıkesir,Ayvalık,Ege,39.323394,26.640546,2023-02-06T06:00:00.000Z,13.9,,turkiye.gov.tr,1
17423,MARMARA BARINAK ANA MENDİREK FENERİ,Balıkesir,Marmara,Marmara,40.583839,27.560849,2023-02-06T06:00:00.000Z,10.4,,turkiye.gov.tr,1
17425,LAPSEKİ/ZİNCİRBOZAN FENERİ,Çanakkale,Lapseki,Marmara,40.4206,26.7536,2023-02-06T06:00:00.000Z,6.4,,turkiye.gov.tr,1
17427,BOZCAADA LİMAN GİRİŞİ GÜNEY MENDİREK FENERİ,Çanakkale,Bozcaada,Ege,39.8341,26.0748,2023-02-06T06:00:00.000Z,15.1,,turkiye.gov.tr,1
17428,AYVACIK/GÜLPINAR ANA MENDİREK FENERİ,Çanakkale,Ayvacık,Ege,39.5658,26.0967,2023-02-06T06:00:00.000Z,11.7,,turkiye.gov.tr,1
17429,ECEABAT/KABATEPE GÜNEY MENDİREK FENERİ,Çanakkale,Eceabat,Ege,40.2019,26.2669,2023-02-06T06:00:00.000Z,11.3,,turkiye.gov.tr,1
17430,GÖKÇEADA KALEKÖY ANA MENDİREK FENERİ,Çanakkale,Gökçeada,Ege,40.2317,25.8914,2023-02-06T06:00:00.000Z,14.9,,turkiye.gov.tr,1
17431,BİGA/KARABİGA BAR. (B) NOKTASI GÜNEY MEN. FENERİ,Çanakkale,Biga,Marmara,40.399583,27.305591,2023-02-06T06:00:00.000Z,6.6,,turkiye.gov.tr,1
17432,EZİNE/GEYİKLİ ODUNLUK İSKELE FENERİ,Çanakkale,Ezine,Ege,39.818998,26.160008,2023-02-06T06:00:00.000Z,13.5,,turkiye.gov.tr,1
17433,GÖKÇEADA UĞURLU LİMAN FENERİ,Çanakkale,Gökçeada,Ege,40.1153,25.6989,2023-02-06T06:00:00.000Z,11.5,,turkiye.gov.tr,1
17434,EZİNE YENİKÖY BAL.BAR. ANA MENDİREK FENERİ,Çanakkale,Ezine,Ege,39.9447,26.1611,2023-02-06T06:00:00.000Z,12.6,,turkiye.gov.tr,1
17436,ENEZ TALİ MENDİREK FENERİ,Edirne,Enez,Ege,40.698218,26.051263,2023-02-06T06:00:00.000Z,7.7,,turkiye.gov.tr,1
17437,TUZLA AYDINLI LİMAN FENERİ,İstanbul,Tuzla,Marmara,40.850611,29.271174,2023-02-06T06:00:00.000Z,11.4,,turkiye.gov.tr,1
17438,SİLİVRİ ANA MENDİREK FENERİ,İstanbul,Silivri,Marmara,41.072866,28.238398,2023-02-06T06:00:00.000Z,9.3,,turkiye.gov.tr,1
17440,URLA BALIKÇI BARINAĞI MENDİREK FENERİ,İzmir,Urla,Ege,38.364761,26.772665,2023-02-06T06:00:00.000Z,11.6,,turkiye.gov.tr,1
17441,GÜZELBAHÇE FENERİ,İzmir,Güzelbahçe,Ege,38.378579,26.885605,2023-02-06T06:00:00.000Z,12.6,,turkiye.gov.tr,1
17442,KONAK/İZMİR PASAPORT MENDİREK FENERİ,İzmir,Konak,Ege,38.429236,27.131698,2023-02-06T06:00:00.000Z,11.1,,turkiye.gov.tr,1
17445,CİDE KUZEY MENDİREK FENERİ,Kastamonu,Cide,Karadeniz,41.9006,32.9778,2023-02-06T06:00:00.000Z,10.2,,turkiye.gov.tr,1
17446,İNEBOLU KUZEY MENDİREK FENERİ,Kastamonu,İnebolu,Karadeniz,41.9817,33.7769,2023-02-06T06:00:00.000Z,9.9,,turkiye.gov.tr,1
17447,VİZE/MİDYE KIYIKÖY BATI MENDİREK FENERİ (ANA),Kırklareli,Vize,Karadeniz,41.630847,28.101353,2023-02-06T06:00:00.000Z,6.4,,turkiye.gov.tr,1
17448,TUZLA İTÜ GÜNEY MENDİREK FENERİ,İstanbul,Tuzla,Marmara,40.811828,29.297373,2023-02-06T06:00:00.000Z,10.0,,turkiye.gov.tr,1
17452,YALOVA SAMANLIDERE TALİ (DOĞU) MENDİREK FENERİ,Yalova,Merkez,Marmara,40.660597,29.246969,2023-02-06T06:00:00.000Z,9.2,,turkiye.gov.tr,1
17453,ZONGULDAK GÜNEY MENDİREK FENERİ,Zonguldak,Merkez,Karadeniz,41.458611,31.779166,2023-02-06T06:00:00.000Z,9.8,,turkiye.gov.tr,1
17460,ÜNYE BALIKÇI BARINAĞI ANA MENDİREK FENERİ,Ordu,Ünye,Karadeniz,41.116448,37.348722,2023-02-06T06:00:00.000Z,8.8,,turkiye.gov.tr,1
17464,TRABZON LİMANI ANA MENDİREK FENERİ,Trabzon,Ortahisar,Karadeniz,41.006776,39.750108,2023-02-06T06:00:00.000Z,8.3,,turkiye.gov.tr,1
17465,ARAKLI BALIKÇI BARINAĞI TALİ MENDİREK FENERİ,Trabzon,Araklı,Karadeniz,40.945081,40.053776,2023-02-06T06:00:00.000Z,8.4,,turkiye.gov.tr,1
17466,ÇAYELİ BALIKÇI BARINAĞI TALİ MENDİREK FENERİ,Rize,Çayeli,Karadeniz,41.090095,40.722557,2023-02-06T06:00:00.000Z,8.5,,turkiye.gov.tr,1
17467,HOPA ANA MENDİREK FENERİ,Artvin,Hopa,Karadeniz,41.420291,41.429843,2023-02-06T06:00:00.000Z,11.7,,turkiye.gov.tr,1
17473,KAŞ BAYINDIR ANA MENDİREK FENERİ,Antalya,Kaş,Akdeniz,36.183225,29.642011,2023-02-06T06:00:00.000Z,20.0,,turkiye.gov.tr,1
17475,KEMER SIĞLIK FENERİ,Antalya,Kemer,Akdeniz,36.612395,30.574242,2023-02-06T06:00:00.000Z,16.5,,turkiye.gov.tr,1
17476,KONYAALTI/ANTALYA YENİ LİMAN ANA MENDİREK FENERİ,Antalya,Konyaaltı,Akdeniz,36.834011,30.616572,2023-02-06T06:00:00.000Z,17.2,,turkiye.gov.tr,1
17479,SİLİFKE/TAŞUCU SEKA ANA MENDİREK FENERİ,Mersin,Silifke,Akdeniz,36.309162,33.889845,2023-02-06T06:00:00.000Z,14.5,,turkiye.gov.tr,1
17480,KARATAŞ BALIKÇI BARINAĞI TALİ MENDİREK FENERİ,Adana,Karataş,Akdeniz,36.557986,35.383499,2023-02-06T06:00:00.000Z,14.9,,turkiye.gov.tr,1
17482,VAN LİMAN,Van,Tuşba,Van Gölü,38.51486,43.307362,2023-02-06T06:00:00.000Z,4.5,,turkiye.gov.tr,1
17483,TATVAN LİMAN,Bitlis,Tatvan,Van Gölü,38.512592,42.302103,2023-02-06T06:00:00.000Z,1.5,,turkiye.gov.tr,1
17484,ADİLCEVAZ LİMAN,Bitlis,Adilcevaz,Van Gölü,38.797236,42.729931,2023-02-06T06:00:00.000Z,1.1,,turkiye.gov.tr,1
17486,İSKENDERUN KÖRFEZİ,Hatay,Payas,Akdeniz,36.59159,36.17992,2023-02-06T06:00:00.000Z,16.9,,turkiye.gov.tr,1
17489,MUDANYA/GÜZELYALI BALIKÇI BARINAĞI,Bursa,Mudanya,Marmara,40.35612,28.934036,2023-02-06T06:00:00.000Z,8.0,,turkiye.gov.tr,1
17491,GEVAŞ AKDAMAR FENERİ,Van,Gevaş,Van Gölü,38.309988,43.041398,2023-02-06T06:00:00.000Z,4.3,,turkiye.gov.tr,1
17492,DİDİM MARİNA FENERİ,Aydın,Didim,Ege,37.3369,27.264,2023-02-06T06:00:00.000Z,18.2,,turkiye.gov.tr,1
17015,AKÇAKOCA,Düzce,Akçakoca,Karadeniz,41.089528,31.143039,2023-02-16T09:00:00.000Z,7.8,,mgm,0
17024,İNEBOLU,Kastamonu,İnebolu,Karadeniz,41.978937,33.762945,2023-02-16T09:00:00.000Z,8.6,,mgm,0
17026,SİNOP,Sinop,Merkez,Karadeniz,42.029821,35.154286,2023-02-16T09:00:00.000Z,9.0,,mgm,0
17030,SAMSUN BÖLGE,Samsun,Atakum,Karadeniz,41.344286,36.255794,2023-02-16T09:00:00.000Z,9.9,,mgm,0
17033,ORDU,Ordu,Altınordu,Karadeniz,40.983833,37.885833,2023-02-16T09:00:00.000Z,8.2,,mgm,0
17034,GİRESUN,Giresun,Merkez,Karadeniz,40.922667,38.387833,2023-02-16T09:00:00.000Z,8.4,,mgm,0
17038,TRABZON HAVALİMANI,Trabzon,Ortahisar,Karadeniz,40.999133,39.779248,2023-02-16T09:00:00.000Z,7.6,,mgm,0
17040,RİZE,Rize,Merkez,Karadeniz,41.04,40.501333,2023-02-16T09:00:00.000Z,10.4,,mgm,0
17042,HOPA,Artvin,Hopa,Karadeniz,41.4065,41.433,2023-02-16T09:00:00.000Z,9.9,,mgm,0
17044,RİZE ARTVİN HAVALİMANI,Rize,Pazar,Karadeniz,41.177687,40.835223,2023-02-16T09:00:00.000Z,9.0,,mgm,0
17056,TEKİRDAĞ,Tekirdağ,Süleymanpaşa,Marmara,40.957959,27.496181,2023-02-16T09:00:00.000Z,8.8,,mgm,0
17059,SARIYER/KUMKÖY-KİLYOS,İstanbul,Sarıyer,Karadeniz,41.25047,29.038367,2023-02-16T09:00:00.000Z,8.0,,mgm,0
17112,ÇANAKKALE,Çanakkale,Merkez,Marmara,40.141428,26.399616,2023-02-16T09:00:00.000Z,10.6,,mgm,0
17175,AYVALIK,Balıkesir,Ayvalık,Ege,39.311292,26.686445,2023-02-16T09:00:00.000Z,12.8,,mgm,0
17180,DİKİLİ,İzmir,Dikili,Ege,39.073861,26.888093,2023-02-16T09:00:00.000Z,12.3,,mgm,0
17220,İZMİR BÖLGE,İzmir,Konak,Ege,38.3945,27.0821,2023-02-16T09:00:00.000Z,9.8,,mgm,0
17221,ÇEŞME,İzmir,Çeşme,Ege,38.303858,26.372882,2023-02-16T09:00:00.000Z,12.0,,mgm,0
17232,KUŞADASI,Aydın,Kuşadası,Ege,37.859636,27.265115,2023-02-16T09:00:00.000Z,16.6,,mgm,0
17290,BODRUM,Muğla,Bodrum,Ege,37.032611,27.439801,2023-02-16T09:00:00.000Z,17.9,,mgm,0
17296,FETHİYE,Muğla,Fethiye,Akdeniz,36.626611,29.123804,2023-02-16T09:00:00.000Z,17.2,,mgm,0
17297,DATÇA,Muğla,Datça,Ege,36.707945,27.691918,2023-02-16T09:00:00.000Z,17.0,,mgm,0
17298,MARMARİS,Muğla,Marmaris,Akdeniz,36.83926,28.244995,2023-02-16T09:00:00.000Z,17.0,,mgm,0
17302,ANTALYA BÖLGE,Antalya,Muratpaşa,Akdeniz,36.885073,30.682793,2023-02-16T09:00:00.000Z,16.6,,mgm,0
17310,ALANYA,Antalya,Alanya,Akdeniz,36.54999,31.979822,2023-02-16T09:00:00.000Z,15.9,,mgm,0
17320,ANAMUR,Mersin,Anamur,Akdeniz,36.068614,32.864876,2023-02-16T09:00:00.000Z,15.8,,mgm,0
17340,MERSİN,Mersin,Yenişehir,Akdeniz,36.780904,34.603125,2023-02-16T09:00:00.000Z,15.3,,mgm,0
17375,FİNİKE,Antalya,Finike,Akdeniz,36.3024,30.1458,2023-02-16T09:00:00.000Z,17.2,,mgm,0
17380,KAŞ,Antalya,Kaş,Akdeniz,36.200579,29.649995,2023-02-16T09:00:00.000Z,17.4,,mgm,0
17435,AKÇAKOCA FENERİ,Düzce,Akçakoca,Karadeniz,41.0922,31.1197,2023-02-16T12:35:00.000Z,29.6,outlier: z=+16.9 vs Karadeniz/02 median 9.6C,mgm,0
17427,BOZCAADA LİMAN GİRİŞİ GÜNEY MENDİREK FENERİ,Çanakkale,Bozcaada,Ege,39.8341,26.0748,2023-02-16T15:34:00.000Z,15.0,,mgm,0
17453,ZONGULDAK GÜNEY MENDİREK FENERİ,Zonguldak,Merkez,Karadeniz,41.458611,31.779166,2023-02-16T15:40:00.000Z,8.2,,mgm,0
17438,SİLİVRİ ANA MENDİREK FENERİ,İstanbul,Silivri,Marmara,41.072866,28.238398,2023-02-16T15:54:00.000Z,8.7,,mgm,0
17448,TUZLA İTÜ GÜNEY MENDİREK FENERİ,İstanbul,Tuzla,Marmara,40.811828,29.297373,2023-02-16T15:54:00.000Z,8.8,,mgm,0
17440,URLA BALIKÇI BARINAĞI MENDİREK FENERİ,İzmir,Urla,Ege,38.364761,26.772665,2023-02-16T15:55:00.000Z,13.3,,mgm,0
17430,GÖKÇEADA KALEKÖY ANA MENDİREK FENERİ,Çanakkale,Gökçeada,Ege,40.2317,25.8914,2023-02-16T15:57:00.000Z,11.9,,mgm,0
17433,GÖKÇEADA UĞURLU LİMAN FENERİ,Çanakkale,Gökçeada,Ege,40.1153,25.6989,2023-02-16T15:57:00.000Z,10.0,,mgm,0
17467,HOPA ANA MENDİREK FENERİ,Artvin,Hopa,Karadeniz,41.420291,41.429843,2023-02-16T15:57:00.000Z,9.9,,mgm,0
17381,KUŞADASI 3. NOLU ŞAMANDIRA,Aydın,Kuşadası,Ege,37.8458,27.2194,2023-02-16T15:58:00.000Z,16.7,,mgm,0
17384,URLA/KUBİLAY SIĞLIĞI IŞIKLI ŞAMANDIRA,İzmir,Urla,Ege,38.4467,26.7175,2023-02-16T15:58:00.000Z,14.4,,mgm,0
17389,ADALAR ŞAMANDIRA,İstanbul,Adalar,Marmara,40.93278,28.94889,2023-02-16T15:58:00.000Z,8.5,,mgm,0
17421,AYVALIK KANAL SANCAK A FENERİ,Balıkesir,Ayvalık,Ege,39.323394,26.640546,2023-02-16T15:58:00.000Z,14.4,,mgm,0
17423,MARMARA BARINAK ANA MENDİREK FENERİ,Balıkesir,Marmara,Marmara,40.583839,27.560849,2023-02-16T15:58:00.000Z,9.8,,mgm,0
17426,BARTIN GÜNEY MENDİREK FENERİ,Bartın,Merkez,Karadeniz,41.6864,32.2261,2023-02-16T15:58:00.000Z,7.1,,mgm,0
17428,AYVACIK/GÜLPINAR ANA MENDİREK FENERİ,Çanakkale,Ayvacık,Ege,39.5658,26.0967,2023-02-16T15:58:00.000Z,14.8,,mgm,0
17429,ECEABAT/KABATEPE GÜNEY MENDİREK FENERİ,Çanakkale,Eceabat,Ege,40.2019,26.2669,2023-02-16T15:58:00.000Z,12.0,,mgm,0
17431,BİGA/KARABİGA BAR. (B) NOKTASI GÜNEY MEN. FENERİ,Çanakkale,Biga,Marmara,40.399583,27.305591,2023-02-16T15:58:00.000Z,8.4,,mgm,0
17432,EZİNE/GEYİKLİ ODUNLUK İSKELE FENERİ,Çanakkale,Ezine,Ege,39.818998,26.160008,2023-02-16T15:58:00.000Z,12.8,,mgm,0
17434,EZİNE YENİKÖY BAL.BAR. ANA MENDİREK FENERİ,Çanakkale,Ezine,Ege,39.9447,26.1611,2023-02-16T15:58:00.000Z,13.9,,mgm,0
17436,ENEZ TALİ MENDİREK FENERİ,Edirne,Enez,Ege,40.698218,26.051263,2023-02-16T15:58:00.000Z,10.4,,mgm,0
17437,TUZLA AYDINLI LİMAN FENERİ,İstanbul,Tuzla,Marmara,40.850611,29.271174,2023-02-16T15:58:00.000Z,9.8,,mgm,0
17441,GÜZELBAHÇE FENERİ,İzmir,Güzelbahçe,Ege,38.378579,26.885605,2023-02-16T15:58:00.000Z,13.7,,mgm,0
17442,KONAK/İZMİR PASAPORT MENDİREK FENERİ,İzmir,Konak,Ege,38.429236,27.131698,2023-02-16T15:58:00.000Z,10.4,,mgm,0
17445,CİDE KUZEY MENDİREK FENERİ,Kastamonu,Cide,Karadeniz,41.9006,32.9778,2023-02-16T15:58:00.000Z,8.7,,mgm,0
17446,İNEBOLU KUZEY MENDİREK FENERİ,Kastamonu,İnebolu,Karadeniz,41.9817,33.7769,2023-02-16T15:58:00.000Z,8.5,,mgm,0
17452,YALOVA SAMANLIDERE TALİ (DOĞU) MENDİREK FENERİ,Yalova,Merkez,Marmara,40.660597,29.246969,2023-02-16T15:58:00.000Z,9.8,,mgm,0
17460,ÜNYE BALIKÇI BARINAĞI ANA MENDİREK FENERİ,Ordu,Ünye,Karadeniz,41.116448,37.348722,2023-02-16T15:58:00.000Z,8.2,,mgm,0
17464,TRABZON LİMANI ANA MENDİREK FENERİ,Trabzon,Ortahisar,Karadeniz,41.006776,39.750108,2023-02-16T15:58:00.000Z,8.2,,mgm,0
17473,KAŞ BAYINDIR ANA MENDİREK FENERİ,Antalya,Kaş,Akdeniz,36.183225,29.642011,2023-02-16T15:58:00.000Z,17.1,,mgm,0
17475,KEMER SIĞLIK FENERİ,Antalya,Kemer,Akdeniz,36.612395,30.574242,2023-02-16T15:58:00.000Z,11.5,,mgm,0
17476,KONYAALTI/ANTALYA YENİ LİMAN ANA MENDİREK FENERİ,Antalya,Konyaaltı,Akdeniz,36.834011,30.616572,2023-02-16T15:58:00.000Z,17.1,,mgm,0
17479,SİLİFKE/TAŞUCU SEKA ANA MENDİREK FENERİ,Mersin,Silifke,Akdeniz,36.309162,33.889845,2023-02-16T15:58:00.000Z,14.5,,mgm,0
17482,VAN LİMAN,Van,Tuşba,Van Gölü,38.51486,43.307362,2023-02-16T15:58:00.000Z,3.9,,mgm,0
17483,TATVAN LİMAN,Bitlis,Tatvan,Van Gölü,38.512592,42.302103,2023-02-16T15:58:00.000Z,1.6,,mgm,0
17484,ADİLCEVAZ LİMAN,Bitlis,Adilcevaz,Van Gölü,38.797236,42.729931,2023-02-16T15:58:00.000Z,0.9,,mgm,0
17486,İSKENDERUN KÖRFEZİ,Hatay,Payas,Akdeniz,36.59159,36.17992,2023-02-16T15:58:00.000Z,16.8,,mgm,0
17491,GEVAŞ AKDAMAR FENERİ,Van,Gevaş,Van Gölü,38.309988,43.041398,2023-02-16T15:58:00.000Z,4.1,,mgm,0
17492,DİDİM MARİNA FENERİ,Aydın,Didim,Ege,37.3369,27.264,2023-02-16T15:58:00.000Z,16.9,,mgm,0
17386,BODRUM KARAADA SIĞLIK IŞIKLI ŞAMANDIRA,Muğla,Bodrum,Ege,37.0081,27.4142,2023-02-16T15:59:00.000Z,17.7,,mgm,0
17466,ÇAYELİ BALIKÇI BARINAĞI TALİ MENDİREK FENERİ,Rize,Çayeli,Karadeniz,41.090095,40.722557,2023-02-16T15:59:00.000Z,7.2,,mgm,0
17489,MUDANYA/GÜZELYALI BALIKÇI BARINAĞI,Bursa,Mudanya,Marmara,40.35612,28.934036,2023-02-16T15:59:00.000Z,9.0,,mgm,0
17480,KARATAŞ BALIKÇI BARINAĞI TALİ MENDİREK FENERİ,Adana,Karataş,Akdeniz,36.557986,35.383499,2023-02-16T16:00:00.000Z,13.6,,mgm,0
17465,ARAKLI BALIKÇI BARINAĞI TALİ MENDİREK FENERİ,Trabzon,Araklı,Karadeniz,40.945081,40.053776,2023-02-16T16:05:00.000Z,7.2,,mgm,0
17015,AKÇAKOCA,Düzce,Akçakoca,Karadeniz,41.089528,31.143039,2023-03-05T09:00:00.000Z,9.0,,mgm,0
17024,İNEBOLU,Kastamonu,İnebolu,Karadeniz,41.978937,33.762945,2023-03-05T09:00:00.000Z,8.8,,mgm,0
17026,SİNOP,Sinop,Merkez,Karadeniz,42.029821,35.154286,2023-03-05T09:00:00.000Z,9.0,,mgm,0
17030,SAMSUN BÖLGE,Samsun,Atakum,Karadeniz,41.344286,36.255794,2023-03-05T09:00:00.000Z,9.5,,mgm,0
17033,ORDU,Ordu,Altınordu,Karadeniz,40.983833,37.885833,2023-03-05T09:00:00.000Z,9.4,,mgm,0
17034,GİRESUN,Giresun,Merkez,Karadeniz,40.922667,38.387833,2023-03-05T09:00:00.000Z,8.8,,mgm,0
17038,TRABZON HAVALİMANI,Trabzon,Ortahisar,Karadeniz,40.999133,39.779248,2023-03-05T09:00:00.000Z,9.0,,mgm,0
17040,RİZE,Rize,Merkez,Karadeniz,41.04,40.501333,2023-03-05T09:00:00.000Z,10.5,,mgm,0
17042,HOPA,Artvin,Hopa,Karadeniz,41.4065,41.433,2023-03-05T09:00:00.000Z,10.2,,mgm,0
17044,RİZE ARTVİN HAVALİMANI,Rize,Pazar,Karadeniz,41.177687,40.835223,2023-03-05T09:00:00.000Z,9.5,,mgm,0
17056,TEKİRDAĞ,Tekirdağ,Süleymanpaşa,Marmara,40.957959,27.496181,2023-03-05T09:00:00.000Z,9.6,,mgm,0
17059,SARIYER/KUMKÖY-KİLYOS,İstanbul,Sarıyer,Karadeniz,41.25047,29.038367,2023-03-05T09:00:00.000Z,8.9,,mgm,0
17112,ÇANAKKALE,Çanakkale,Merkez,Marmara,40.141428,26.399616,2023-03-05T09:00:00.000Z,11.6,,mgm,0
17175,AYVALIK,Balıkesir,Ayvalık,Ege,39.311292,26.686445,2023-03-05T09:00:00.000Z,12.6,,mgm,0
17180,DİKİLİ,İzmir,Dikili,Ege,39.073861,26.888093,2023-03-05T09:00:00.000Z,12.6,,mgm,0
17220,İZMİR BÖLGE,İzmir,Konak,Ege,38.3945,27.0821,2023-03-05T09:00:00.000Z,14.0,,mgm,0
17221,ÇEŞME,İzmir,Çeşme,Ege,38.303858,26.372882,2023-03-05T09:00:00.000Z,15.7,,mgm,0
17232,KUŞADASI,Aydın,Kuşadası,Ege,37.859636,27.265115,2023-03-05T09:00:00.000Z,17.1,,mgm,0
17290,BODRUM,Muğla,Bodrum,Ege,37.032611,27.439801,2023-03-05T09:00:00.000Z,17.9,,mgm,0
17296,FETHİYE,Muğla,Fethiye,Akdeniz,36.626611,29.123804,2023-03-05T09:00:00.000Z,16.9,,mgm,0
17297,DATÇA,Muğla,Datça,Ege,36.707945,27.691918,2023-03-05T09:00:00.000Z,16.9,,mgm,0
17298,MARMARİS,Muğla,Marmaris,Akdeniz,36.83926,28.244995,2023-03-05T09:00:00.000Z,17.8,,mgm,0
17302,ANTALYA BÖLGE,Antalya,Muratpaşa,Akdeniz,36.885073,30.682793,2023-03-05T09:00:00.000Z,17.6,,mgm,0
17310,ALANYA,Antalya,Alanya,Akdeniz,36.54999,31.979822,2023-03-05T09:00:00.000Z,17.2,,mgm,0
17320,ANAMUR,Mersin,Anamur,Akdeniz,36.068614,32.864876,2023-03-05T09:00:00.000Z,16.8,,mgm,0
17340,MERSİN,Mersin,Yenişehir,Akdeniz,36.780904,34.603125,2023-03-05T09:00:00.000Z,17.8,,mgm,0
17375,FİNİKE,Antalya,Finike,Akdeniz,36.3024,30.1458,2023-03-05T09:00:00.000Z,17.5,,mgm,0
17380,KAŞ,Antalya,Kaş,Akdeniz,36.200579,29.649995,2023-03-05T09:00:00.000Z,17.2,,mgm,0
17473,KAŞ BAYINDIR ANA MENDİREK FENERİ,Antalya,Kaş,Akdeniz,36.183225,29.642011,2023-03-05T15:17:00.000Z,17.1,,mgm,0
17429,ECEABAT/KABATEPE GÜNEY MENDİREK FENERİ,Çanakkale,Eceabat,Ege,40.2019,26.2669,2023-03-05T18:38:00.000Z,12.1,,mgm,0
17391,SAMSUN ŞAMANDIRA,Samsun,Çarşamba,Karadeniz,41.436283,36.557767,2023-03-06T00:00:00.000Z,9.6,,mgm,0
17395,AMASRA ŞAMANDIRA,Bartın,Amasra,Karadeniz,41.86081,32.57793,2023-03-06T00:00:00.000Z,9.4,,mgm,0
17398,HOPA ŞAMANDIRA,Artvin,Hopa,Karadeniz,41.41104,41.32867,2023-03-06T00:00:00.000Z,9.6,,mgm,0
17381,KUŞADASI 3. NOLU ŞAMANDIRA,Aydın,Kuşadası,Ege,37.8458,27.2194,2023-03-06T00:03:00.000Z,17.1,,mgm,0
17388,SİLİVRİ TPAO ŞAMANDIRA,İstanbul,Silivri,Marmara,41.039565,28.187255,2023-03-06T00:03:00.000Z,9.1,,mgm,0
17426,BARTIN GÜNEY MENDİREK FENERİ,Bartın,Merkez,Karadeniz,41.6864,32.2261,2023-03-06T00:03:00.000Z,2.2,,mgm,0
17430,GÖKÇEADA KALEKÖY ANA MENDİREK FENERİ,Çanakkale,Gökçeada,Ege,40.2317,25.8914,2023-03-06T00:03:00.000Z,13.0,,mgm,0
17434,EZİNE YENİKÖY BAL.BAR. ANA MENDİREK FENERİ,Çanakkale,Ezine,Ege,39.9447,26.1611,2023-03-06T00:03:00.000Z,14.1,,mgm,0
17437,TUZLA AYDINLI LİMAN FENERİ,İstanbul,Tuzla,Marmara,40.850611,29.271174,2023-03-06T00:03:00.000Z,10.8,,mgm,0
17440,URLA BALIKÇI BARINAĞI MENDİREK FENERİ,İzmir,Urla,Ege,38.364761,26.772665,2023-03-06T00:03:00.000Z,15.1,,mgm,0
17441,GÜZELBAHÇE FENERİ,İzmir,Güzelbahçe,Ege,38.378579,26.885605,2023-03-06T00:03:00.000Z,15.8,,mgm,0
17442,KONAK/İZMİR PASAPORT MENDİREK FENERİ,İzmir,Konak,Ege,38.429236,27.131698,2023-03-06T00:03:00.000Z,13.7,,mgm,0
17445,CİDE KUZEY MENDİREK FENERİ,Kastamonu,Cide,Karadeniz,41.9006,32.9778,2023-03-06T00:03:00.000Z,9.7,,mgm,0
17446,İNEBOLU KUZEY MENDİREK FENERİ,Kastamonu,İnebolu,Karadeniz,41.9817,33.7769,2023-03-06T00:03:00.000Z,9.0,,mgm,0
17448,TUZLA İTÜ GÜNEY MENDİREK FENERİ,İstanbul,Tuzla,Marmara,40.811828,29.297373,2023-03-06T00:03:00.000Z,10.1,,mgm,0
17452,YALOVA SAMANLIDERE TALİ (DOĞU) MENDİREK FENERİ,Yalova,Merkez,Marmara,40.660597,29.246969,2023-03-06T00:03:00.000Z,10.5,,mgm,0
17453,ZONGULDAK GÜNEY MENDİREK FENERİ,Zonguldak,Merkez,Karadeniz,41.458611,31.779166,2023-03-06T00:03:00.000Z,9.8,,mgm,0
17467,HOPA ANA MENDİREK FENERİ,Artvin,Hopa,Karadeniz,41.420291,41.429843,2023-03-06T00:03:00.000Z,10.1,,mgm,0
17470,İNCEBURUN (YILDIZADASI) MARMARİS FENERİ,Muğla,Marmaris,Akdeniz,36.813936,28.265907,2023-03-06T00:03:00.000Z,15.4,,mgm,0
17476,KONYAALTI/ANTALYA YENİ LİMAN ANA MENDİREK FENERİ,Antalya,Konyaaltı,Akdeniz,36.834011,30.616572,2023-03-06T00:03:00.000Z,17.1,,mgm,0
17486,İSKENDERUN KÖRFEZİ,Hatay,Payas,Akdeniz,36.59159,36.17992,2023-03-06T00:03:00.000Z,18.8,,mgm,0
17491,GEVAŞ AKDAMAR FENERİ,Van,Gevaş,Van Gölü,38.309988,43.041398,2023-03-06T00:03:00.000Z,5.6,,mgm,0
17492,DİDİM MARİNA FENERİ,Aydın,Didim,Ege,37.3369,27.264,2023-03-06T00:03:00.000Z,17.2,,mgm,0
17384,URLA/KUBİLAY SIĞLIĞI IŞIKLI ŞAMANDIRA,İzmir,Urla,Ege,38.4467,26.7175,2023-03-06T00:04:00.000Z,15.9,,mgm,0
17386,BODRUM KARAADA SIĞLIK IŞIKLI ŞAMANDIRA,Muğla,Bodrum,Ege,37.0081,27.4142,2023-03-06T00:04:00.000Z,17.9,,mgm,0
17428,AYVACIK/GÜLPINAR ANA MENDİREK FENERİ,Çanakkale,Ayvacık,Ege,39.5658,26.0967,2023-03-06T00:04:00.000Z,14.0,,mgm,0
17432,EZİNE/GEYİKLİ ODUNLUK İSKELE FENERİ,Çanakkale,Ezine,Ege,39.818998,26.160008,2023-03-06T00:04:00.000Z,15.1,,mgm,0
17436,ENEZ TALİ MENDİREK FENERİ,Edirne,Enez,Ege,40.698218,26.051263,2023-03-06T00:04:00.000Z,11.5,,mgm,0
17438,SİLİVRİ ANA MENDİREK FENERİ,İstanbul,Silivri,Marmara,41.072866,28.238398,2023-03-06T00:04:00.000Z,9.8,,mgm,0
17460,ÜNYE BALIKÇI BARINAĞI ANA MENDİREK FENERİ,Ordu,Ünye,Karadeniz,41.116448,37.348722,2023-03-06T00:04:00.000Z,9.3,,mgm,0
17464,TRABZON LİMANI ANA MENDİREK FENERİ,Trabzon,Ortahisar,Karadeniz,41.006776,39.750108,2023-03-06T00:04:00.000Z,7.1,,mgm,0
17475,KEMER SIĞLIK FENERİ,Antalya,Kemer,Akdeniz,36.612395,30.574242,2023-03-06T00:04:00.000Z,18.3,,mgm,0
17479,SİLİFKE/TAŞUCU SEKA ANA MENDİREK FENERİ,Mersin,Silifke,Akdeniz,36.309162,33.889845,2023-03-06T00:04:00.000Z,16.8,,mgm,0
17482,VAN LİMAN,Van,Tuşba,Van Gölü,38.51486,43.307362,2023-03-06T00:04:00.000Z,6.2,,mgm,0
17484,ADİLCEVAZ LİMAN,Bitlis,Adilcevaz,Van Gölü,38.797236,42.729931,2023-03-06T00:04:00.000Z,1.4,,mgm,0
17466,ÇAYELİ BALIKÇI BARINAĞI TALİ MENDİREK FENERİ,Rize,Çayeli,Karadeniz,41.090095,40.722557,2023-03-06T00:05:00.000Z,7.6,,mgm,0
17489,MUDANYA/GÜZELYALI BALIKÇI BARINAĞI,Bursa,Mudanya,Marmara,40.35612,28.934036,2023-03-06T00:05:00.000Z,9.7,,mgm,0
17480,KARATAŞ BALIKÇI BARINAĞI TALİ MENDİREK FENERİ,Adana,Karataş,Akdeniz,36.557986,35.383499,2023-03-06T00:06:00.000Z,18.5,,mgm,0
17465,ARAKLI BALIKÇI BARINAĞI TALİ MENDİREK FENERİ,Trabzon,Araklı,Karadeniz,40.945081,40.053776,2023-03-06T00:11:00.000Z,8.1,,mgm,0
17015,AKÇAKOCA,Düzce,Akçakoca,Karadeniz,41.089528,31.143039,2023-03-20T06:00:00.000Z,9.6,,turkiye.gov.tr,1
17024,İNEBOLU,Kastamonu,İnebolu,Karadeniz,41.978937,33.762945,2023-03-20T06:00:00.000Z,9.3,,turkiye.gov.tr,1
17026,SİNOP,Sinop,Merkez,Karadeniz,42.029821,35.154286,2023-03-20T06:00:00.000Z,9.3,,turkiye.gov.tr,1
17030,SAMSUN BÖLGE,Samsun,Atakum,Karadeniz,41.344286,36.255794,2023-03-20T06:00:00.000Z,10.0,,turkiye.gov.tr,1
17033,ORDU,Ordu,Altınordu,Karadeniz,40.983833,37.885833,2023-03-20T06:00:00.000Z,9.9,,turkiye.gov.tr,1
17034,GİRESUN,Giresun,Merkez,Karadeniz,40.922667,38.387833,2023-03-20T06:00:00.000Z,8.8,,turkiye.gov.tr,1
17038,TRABZON HAVALİMANI,Trabzon,Ortahisar,Karadeniz,40.999133,39.779248,2023-03-20T06:00:00.000Z,8.5,,turkiye.gov.tr,1
17040,RİZE,Rize,Merkez,Karadeniz,41.04,40.501333,2023-03-20T06:00:00.000Z,10.9,,turkiye.gov.tr,1
17042,HOPA,Artvin,Hopa,Karadeniz,41.4065,41.433,2023-03-20T06:00:00.000Z,10.8,,turkiye.gov.tr,1
17044,RİZE ARTVİN HAVALİMANI,Rize,Pazar,Karadeniz,41.177687,40.835223,2023-03-20T06:00:00.000Z,9.9,,turkiye.gov.tr,1
17056,TEKİRDAĞ,Tekirdağ,Süleymanpaşa,Marmara,40.957959,27.496181,2023-03-20T06:00:00.000Z,10.1,,turkiye.gov.tr,1
17059,SARIYER/KUMKÖY-KİLYOS,İstanbul,Sarıyer,Karadeniz,41.25047,29.038367,2023-03-20T06:00:00.000Z,10.6,,turkiye.gov.tr,1
17112,ÇANAKKALE,Çanakkale,Merkez,Marmara,40.141428,26.399616,2023-03-20T06:00:00.000Z,11.6,,turkiye.gov.tr,1
17175,AYVALIK,Balıkesir,Ayvalık,Ege,39.311292,26.686445,2023-03-20T06:00:00.000Z,12.8,,turkiye.gov.tr,1
17180,DİKİLİ,İzmir,Dikili,Ege,39.073861,26.888093,2023-03-20T06:00:00.000Z,15.7,,turkiye.gov.tr,1
17220,İZMİR BÖLGE,İzmir,Konak,Ege,38.3945,27.0821,2023-03-20T06:00:00.000Z,13.9,,turkiye.gov.tr,1
17221,ÇEŞME,İzmir,Çeşme,Ege,38.303858,26.372882,2023-03-20T06:00:00.000Z,14.0,,turkiye.gov.tr,1
17232,KUŞADASI,Aydın,Kuşadası,Ege,37.859636,27.265115,2023-03-20T06:00:00.000Z,16.8,,turkiye.gov.tr,1
17290,BODRUM,Muğla,Bodrum,Ege,37.032611,27.439801,2023-03-20T06:00:00.000Z,17.6,,turkiye.gov.tr,1
17296,FETHİYE,Muğla,Fethiye,Akdeniz,36.626611,29.123804,2023-03-20T06:00:00.000Z,17.7,,turkiye.gov.tr,1
17297,DATÇA,Muğla,Datça,Ege,36.707945,27.691918,2023-03-20T06:00:00.000Z,16.7,,turkiye.gov.tr,1
17298,MARMARİS,Muğla,Marmaris,Akdeniz,36.83926,28.244995,2023-03-20T06:00:00.000Z,18.0,,turkiye.gov.tr,1
17302,ANTALYA BÖLGE,Antalya,Muratpaşa,Akdeniz,36.885073,30.682793,2023-03-20T06:00:00.000Z,17.6,,turkiye.gov.tr,1
17310,ALANYA,Antalya,Alanya,Akdeniz,36.54999,31.979822,2023-03-20T06:00:00.000Z,18.7,,turkiye.gov.tr,1
17320,ANAMUR,Mersin,Anamur,Akdeniz,36.068614,32.864876,2023-03-20T06:00:00.000Z,17.6,,turkiye.gov.tr,1
17340,MERSİN,Mersin,Yenişehir,Akdeniz,36.780904,34.603125,2023-03-20T06:00:00.000Z,17.4,,turkiye.gov.tr,1
17375,FİNİKE,Antalya,Finike,Akdeniz,36.3024,30.1458,2023-03-20T06:00:00.000Z,17.8,,turkiye.gov.tr,1
17380,KAŞ,Antalya,Kaş,Akdeniz,36.200579,29.649995,2023-03-20T06:00:00.000Z,17.3,,turkiye.gov.tr,1
17381,KUŞADASI 3. NOLU ŞAMANDIRA,Aydın,Kuşadası,Ege,37.8458,27.2194,2023-03-20T06:00:00.000Z,17.0,,turkiye.gov.tr,1
17386,BODRUM KARAADA SIĞLIK IŞIKLI ŞAMANDIRA,Muğla,Bodrum,Ege,37.0081,27.4142,2023-03-20T06:00:00.000Z,17.7,,turkiye.gov.tr,1
17388,SİLİVRİ TPAO ŞAMANDIRA,İstanbul,Silivri,Marmara,41.039565,28.187255,2023-03-20T06:00:00.000Z,10.9,,turkiye.gov.tr,1
17426,BARTIN GÜNEY MENDİREK FENERİ,Bartın,Merkez,Karadeniz,41.6864,32.2261,2023-03-20T06:00:00.000Z,9.5,,turkiye.gov.tr,1
17428,AYVACIK/GÜLPINAR ANA MENDİREK FENERİ,Çanakkale,Ayvacık,Ege,39.5658,26.0967,2023-03-20T06:00:00.000Z,14.0,,turkiye.gov.tr,1
17429,ECEABAT/KABATEPE GÜNEY MENDİREK FENERİ,Çanakkale,Eceabat,Ege,40.2019,26.2669,2023-03-20T06:00:00.000Z,13.0,,turkiye.gov.tr,1
17430,GÖKÇEADA KALEKÖY ANA MENDİREK FENERİ,Çanakkale,Gökçeada,Ege,40.2317,25.8914,2023-03-20T06:00:00.000Z,13.5,,turkiye.gov.tr,1
17431,BİGA/KARABİGA BAR. (B) NOKTASI GÜNEY MEN. FENERİ,Çanakkale,Biga,Marmara,40.399583,27.305591,2023-03-20T06:00:00.000Z,8.7,,turkiye.gov.tr,1
17432,EZİNE/GEYİKLİ ODUNLUK İSKELE FENERİ,Çanakkale,Ezine,Ege,39.818998,26.160008,2023-03-20T06:00:00.000Z,14.4,,turkiye.gov.tr,1
17433,GÖKÇEADA UĞURLU LİMAN FENERİ,Çanakkale,Gökçeada,Ege,40.1153,25.6989,2023-03-20T06:00:00.000Z,5.1,,turkiye.gov.tr,1
17434,EZİNE YENİKÖY BAL.BAR. ANA MENDİREK FENERİ,Çanakkale,Ezine,Ege,39.9447,26.1611,2023-03-20T06:00:00.000Z,14.5,,turkiye.gov.tr,1
17436,ENEZ TALİ MENDİREK FENERİ,Edirne,Enez,Ege,40.698218,26.051263,2023-03-20T06:00:00.000Z,12.7,,turkiye.gov.tr,1
17437,TUZLA AYDINLI LİMAN FENERİ,İstanbul,Tuzla,Marmara,40.850611,29.271174,2023-03-20T06:00:00.000Z,11.2,,turkiye.gov.tr,1
17438,SİLİVRİ ANA MENDİREK FENERİ,İstanbul,Silivri,Marmara,41.072866,28.238398,2023-03-20T06:00:00.000Z,9.8,,turkiye.gov.tr,1
17440,URLA BALIKÇI BARINAĞI MENDİREK FENERİ,İzmir,Urla,Ege,38.364761,26.772665,2023-03-20T06:00:00.000Z,14.2,,turkiye.gov.tr,1
17441,GÜZELBAHÇE FENERİ,İzmir,Güzelbahçe,Ege,38.378579,26.885605,2023-03-20T06:00:00.000Z,15.1,,turkiye.gov.tr,1
17442,KONAK/İZMİR PASAPORT MENDİREK FENERİ,İzmir,Konak,Ege,38.429236,27.131698,2023-03-20T06:00:00.000Z,14.2,,turkiye.gov.tr,1
17445,CİDE KUZEY MENDİREK FENERİ,Kastamonu,Cide,Karadeniz,41.9006,32.9778,2023-03-20T06:00:00.000Z,10.1,,turkiye.gov.tr,1
17446,İNEBOLU KUZEY MENDİREK FENERİ,Kastamonu,İnebolu,Karadeniz,41.9817,33.7769,2023-03-20T06:00:00.000Z,9.3,,turkiye.gov.tr,1
17448,TUZLA İTÜ GÜNEY MENDİREK FENERİ,İstanbul,Tuzla,Marmara,40.811828,29.297373,2023-03-20T06:00:00.000Z,10.3,,turkiye.gov.tr,1
17452,YALOVA SAMANLIDERE TALİ (DOĞU) MENDİREK FENERİ,Yalova,Merkez,Marmara,40.660597,29.246969,2023-03-20T06:00:00.000Z,11.1,,turkiye.gov.tr,1
17453,ZONGULDAK GÜNEY MENDİREK FENERİ,Zonguldak,Merkez,Karadeniz,41.458611,31.779166,2023-03-20T06:00:00.000Z,9.8,,turkiye.gov.tr,1
17460,ÜNYE BALIKÇI BARINAĞI ANA MENDİREK FENERİ,Ordu,Ünye,Karadeniz,41.116448,37.348722,2023-03-20T06:00:00.000Z,8.8,,turkiye.gov.tr,1
17464,TRABZON LİMANI ANA MENDİREK FENERİ,Trabzon,Ortahisar,Karadeniz,41.006776,39.750108,2023-03-20T06:00:00.000Z,2.7,,turkiye.gov.tr,1
17465,ARAKLI BALIKÇI BARINAĞI TALİ MENDİREK FENERİ,Trabzon,Araklı,Karadeniz,40.945081,40.053776,2023-03-20T06:00:00.000Z,7.9,,turkiye.gov.tr,1
17466,ÇAYELİ BALIKÇI BARINAĞI TALİ MENDİREK FENERİ,Rize,Çayeli,Karadeniz,41.090095,40.722557,2023-03-20T06:00:00.000Z,8.1,,turkiye.gov.tr,1
17467,HOPA ANA MENDİREK FENERİ,Artvin,Hopa,Karadeniz,41.420291,41.429843,2023-03-20T06:00:00.000Z,10.7,,turkiye.gov.tr,1
17470,İNCEBURUN (YILDIZADASI) MARMARİS FENERİ,Muğla,Marmaris,Akdeniz,36.813936,28.265907,2023-03-20T06:00:00.000Z,16.2,,turkiye.gov.tr,1
17473,KAŞ BAYINDIR ANA MENDİREK FENERİ,Antalya,Kaş,Akdeniz,36.183225,29.642011,2023-03-20T06:00:00.000Z,17.8,,turkiye.gov.tr,1
17476,KONYAALTI/ANTALYA YENİ LİMAN ANA MENDİREK FENERİ,Antalya,Konyaaltı,Akdeniz,36.834011,30.616572,2023-03-20T06:00:00.000Z,18.2,,turkiye.gov.tr,1
17479,SİLİFKE/TAŞUCU SEKA ANA MENDİREK FENERİ,Mersin,Silifke,Akdeniz,36.309162,33.889845,2023-03-20T06:00:00.000Z,16.4,,turkiye.gov.tr,1
17480,KARATAŞ BALIKÇI BARINAĞI TALİ MENDİREK FENERİ,Adana,Karataş,Akdeniz,36.557986,35.383499,2023-03-20T06:00:00.000Z,18.3,,turkiye.gov.tr,1
17482,VAN LİMAN,Van,Tuşba,Van Gölü,38.51486,43.307362,2023-03-20T06:00:00.000Z,8.7,,turkiye.gov.tr,1
17483,TATVAN LİMAN,Bitlis,Tatvan,Van Gölü,38.512592,42.302103,2023-03-20T06:00:00.000Z,3.6,,turkiye.gov.tr,1
17484,ADİLCEVAZ LİMAN,Bitlis,Adilcevaz,Van Gölü,38.797236,42.729931,2023-03-20T06:00:00.000Z,3.5,,turkiye.gov.tr,1
17489,MUDANYA/GÜZELYALI BALIKÇI BARINAĞI,Bursa,Mudanya,Marmara,40.35612,28.934036,2023-03-20T06:00:00.000Z,10.0,,turkiye.gov.tr,1
17491,GEVAŞ AKDAMAR FENERİ,Van,Gevaş,Van Gölü,38.309988,43.041398,2023-03-20T06:00:00.000Z,7.5,,turkiye.gov.tr,1
17492,DİDİM MARİNA FENERİ,Aydın,Didim,Ege,37.3369,27.264,2023-03-20T06:00:00.000Z,17.6,,turkiye.gov.tr,1
17470,İNCEBURUN (YILDIZADASI) MARMARİS FENERİ,Muğla,Marmaris,Akdeniz,36.813936,28.265907,2023-03-29T10:16:00.000Z,16.2,,mgm,0
17484,ADİLCEVAZ LİMAN,Bitlis,Adilcevaz,Van Gölü,38.797236,42.729931,2023-03-29T20:01:00.000Z,2.7,,mgm,0
17479,SİLİFKE/TAŞUCU SEKA ANA MENDİREK FENERİ,Mersin,Silifke,Akdeniz,36.309162,33.889845,2023-03-29T23:20:00.000Z,16.3,,mgm,0
17460,ÜNYE BALIKÇI BARINAĞI ANA MENDİREK FENERİ,Ordu,Ünye,Karadeniz,41.116448,37.348722,2023-03-29T23:21:00.000Z,9.1,,mgm,0
17480,KARATAŞ BALIKÇI BARINAĞI TALİ MENDİREK FENERİ,Adana,Karataş,Akdeniz,36.557986,35.383499,2023-03-29T23:22:00.000Z,17.5,,mgm,0
17381,KUŞADASI 3. NOLU ŞAMANDIRA,Aydın,Kuşadası,Ege,37.8458,27.2194,2023-03-30T08:54:00.000Z,17.3,,mgm,0
17388,SİLİVRİ TPAO ŞAMANDIRA,İstanbul,Silivri,Marmara,41.039565,28.187255,2023-03-30T08:54:00.000Z,10.8,,mgm,0
17421,AYVALIK KANAL SANCAK A FENERİ,Balıkesir,Ayvalık,Ege,39.323394,26.640546,2023-03-30T08:54:00.000Z,16.0,,mgm,0
17426,BARTIN GÜNEY MENDİREK FENERİ,Bartın,Merkez,Karadeniz,41.6864,32.2261,2023-03-30T08:54:00.000Z,9.6,,mgm,0
17428,AYVACIK/GÜLPINAR ANA MENDİREK FENERİ,Çanakkale,Ayvacık,Ege,39.5658,26.0967,2023-03-30T08:54:00.000Z,15.7,,mgm,0
17429,ECEABAT/KABATEPE GÜNEY MENDİREK FENERİ,Çanakkale,Eceabat,Ege,40.2019,26.2669,2023-03-30T08:54:00.000Z,14.3,,mgm,0
17430,GÖKÇEADA KALEKÖY ANA MENDİREK FENERİ,Çanakkale,Gökçeada,Ege,40.2317,25.8914,2023-03-30T08:54:00.000Z,13.5,,mgm,0
17431,BİGA/KARABİGA BAR. (B) NOKTASI GÜNEY MEN. FENERİ,Çanakkale,Biga,Marmara,40.399583,27.305591,2023-03-30T08:54:00.000Z,9.7,,mgm,0
17432,EZİNE/GEYİKLİ ODUNLUK İSKELE FENERİ,Çanakkale,Ezine,Ege,39.818998,26.160008,2023-03-30T08:54:00.000Z,15.3,,mgm,0
17434,EZİNE YENİKÖY BAL.BAR. ANA MENDİREK FENERİ,Çanakkale,Ezine,Ege,39.9447,26.1611,2023-03-30T08:54:00.000Z,14.5,,mgm,0
17437,TUZLA AYDINLI LİMAN FENERİ,İstanbul,Tuzla,Marmara,40.850611,29.271174,2023-03-30T08:54:00.000Z,11.8,,mgm,0
17441,GÜZELBAHÇE FENERİ,İzmir,Güzelbahçe,Ege,38.378579,26.885605,2023-03-30T08:54:00.000Z,16.1,,mgm,0
17442,KONAK/İZMİR PASAPORT MENDİREK FENERİ,İzmir,Konak,Ege,38.429236,27.131698,2023-03-30T08:54:00.000Z,15.9,,mgm,0
17445,CİDE KUZEY MENDİREK FENERİ,Kastamonu,Cide,Karadeniz,41.9006,32.9778,2023-03-30T08:54:00.000Z,9.5,,mgm,0
17446,İNEBOLU KUZEY MENDİREK FENERİ,Kastamonu,İnebolu,Karadeniz,41.9817,33.7769,2023-03-30T08:54:00.000Z,9.6,,mgm,0
17452,YALOVA SAMANLIDERE TALİ (DOĞU) MENDİREK FENERİ,Yalova,Merkez,Marmara,40.660597,29.246969,2023-03-30T08:54:00.000Z,11.6,,mgm,0
17453,ZONGULDAK GÜNEY MENDİREK FENERİ,Zonguldak,Merkez,Karadeniz,41.458611,31.779166,2023-03-30T08:54:00.000Z,9.0,,mgm,0
17467,HOPA ANA MENDİREK FENERİ,Artvin,Hopa,Karadeniz,41.420291,41.429843,2023-03-30T08:54:00.000Z,10.6,,mgm,0
17473,KAŞ BAYINDIR ANA MENDİREK FENERİ,Antalya,Kaş,Akdeniz,36.183225,29.642011,2023-03-30T08:54:00.000Z,17.4,,mgm,0
17491,GEVAŞ AKDAMAR FENERİ,Van,Gevaş,Van Gölü,38.309988,43.041398,2023-03-30T08:54:00.000Z,6.4,,mgm,0
17492,DİDİM MARİNA FENERİ,Aydın,Didim,Ege,37.3369,27.264,2023-03-30T08:54:00.000Z,17.8,,mgm,0
17386,BODRUM KARAADA SIĞLIK IŞIKLI ŞAMANDIRA,Muğla,Bodrum,Ege,37.0081,27.4142,2023-03-30T08:55:00.000Z,17.8,,mgm,0
17436,ENEZ TALİ MENDİREK FENERİ,Edirne,Enez,Ege,40.698218,26.051263,2023-03-30T08:55:00.000Z,12.8,,mgm,0
17438,SİLİVRİ ANA MENDİREK FENERİ,İstanbul,Silivri,Marmara,41.072866,28.238398,2023-03-30T08:55:00.000Z,11.0,,mgm,0
17440,URLA BALIKÇI BARINAĞI MENDİREK FENERİ,İzmir,Urla,Ege,38.364761,26.772665,2023-03-30T08:55:00.000Z,15.5,,mgm,0
17448,TUZLA İTÜ GÜNEY MENDİREK FENERİ,İstanbul,Tuzla,Marmara,40.811828,29.297373,2023-03-30T08:55:00.000Z,10.2,,mgm,0
17465,ARAKLI BALIKÇI BARINAĞI TALİ MENDİREK FENERİ,Trabzon,Araklı,Karadeniz,40.945081,40.053776,2023-03-30T08:55:00.000Z,7.7,,mgm,0
17466,ÇAYELİ BALIKÇI BARINAĞI TALİ MENDİREK FENERİ,Rize,Çayeli,Karadeniz,41.090095,40.722557,2023-03-30T08:55:00.000Z,7.8,,mgm,0
17482,VAN LİMAN,Van,Tuşba,Van Gölü,38.51486,43.307362,2023-03-30T08:55:00.000Z,12.7,,mgm,0
17483,TATVAN LİMAN,Bitlis,Tatvan,Van Gölü,38.512592,42.302103,2023-03-30T08:55:00.000Z,2.9,,mgm,0
17015,AKÇAKOCA,Düzce,Akçakoca,Karadeniz,41.089528,31.143039,2023-03-30T09:00:00.000Z,10.0,,mgm,0
17024,İNEBOLU,Kastamonu,İnebolu,Karadeniz,41.978937,33.762945,2023-03-30T09:00:00.000Z,9.5,,mgm,0
17026,SİNOP,Sinop,Merkez,Karadeniz,42.029821,35.154286,2023-03-30T09:00:00.000Z,10.1,,mgm,0
17033,ORDU,Ordu,Altınordu,Karadeniz,40.983833,37.885833,2023-03-30T09:00:00.000Z,9.4,,mgm,0
17034,GİRESUN,Giresun,Merkez,Karadeniz,40.922667,38.387833,2023-03-30T09:00:00.000Z,4.6,,mgm,0
17038,TRABZON HAVALİMANI,Trabzon,Ortahisar,Karadeniz,40.999133,39.779248,2023-03-30T09:00:00.000Z,8.4,,mgm,0
17040,RİZE,Rize,Merkez,Karadeniz,41.04,40.501333,2023-03-30T09:00:00.000Z,10.9,,mgm,0
17042,HOPA,Artvin,Hopa,Karadeniz,41.4065,41.433,2023-03-30T09:00:00.000Z,10.6,,mgm,0
17044,RİZE ARTVİN HAVALİMANI,Rize,Pazar,Karadeniz,41.177687,40.835223,2023-03-30T09:00:00.000Z,9.6,,mgm,0
17056,TEKİRDAĞ,Tekirdağ,Süleymanpaşa,Marmara,40.957959,27.496181,2023-03-30T09:00:00.000Z,11.2,,mgm,0
17059,SARIYER/KUMKÖY-KİLYOS,İstanbul,Sarıyer,Karadeniz,41.25047,29.038367,2023-03-30T09:00:00.000Z,11.4,,mgm,0
17112,ÇANAKKALE,Çanakkale,Merkez,Marmara,40.141428,26.399616,2023-03-30T09:00:00.000Z,11.4,,mgm,0
17175,AYVALIK,Balıkesir,Ayvalık,Ege,39.311292,26.686445,2023-03-30T09:00:00.000Z,13.0,,mgm,0
17180,DİKİLİ,İzmir,Dikili,Ege,39.073861,26.888093,2023-03-30T09:00:00.000Z,16.0,,mgm,0
17220,İZMİR BÖLGE,İzmir,Konak,Ege,38.3945,27.0821,2023-03-30T09:00:00.000Z,15.2,,mgm,0
17221,ÇEŞME,İzmir,Çeşme,Ege,38.303858,26.372882,2023-03-30T09:00:00.000Z,15.8,,mgm,0
17232,KUŞADASI,Aydın,Kuşadası,Ege,37.859636,27.265115,2023-03-30T09:00:00.000Z,17.1,,mgm,0
17290,BODRUM,Muğla,Bodrum,Ege,37.032611,27.439801,2023-03-30T09:00:00.000Z,18.1,,mgm,0
17296,FETHİYE,Muğla,Fethiye,Akdeniz,36.626611,29.123804,2023-03-30T09:00:00.000Z,18.5,,mgm,0
17297,DATÇA,Muğla,Datça,Ege,36.707945,27.691918,2023-03-30T09:00:00.000Z,16.8,,mgm,0
17298,MARMARİS,Muğla,Marmaris,Akdeniz,36.83926,28.244995,2023-03-30T09:00:00.000Z,18.0,,mgm,0
17302,ANTALYA BÖLGE,Antalya,Muratpaşa,Akdeniz,36.885073,30.682793,2023-03-30T09:00:00.000Z,17.4,,mgm,0
17310,ALANYA,Antalya,Alanya,Akdeniz,36.54999,31.979822,2023-03-30T09:00:00.000Z,19.0,,mgm,0
17320,ANAMUR,Mersin,Anamur,Akdeniz,36.068614,32.864876,2023-03-30T09:00:00.000Z,18.1,,mgm,0
17340,MERSİN,Mersin,Yenişehir,Akdeniz,36.780904,34.603125,2023-03-30T09:00:00.000Z,18.2,,mgm,0
17375,FİNİKE,Antalya,Finike,Akdeniz,36.3024,30.1458,2023-03-30T09:00:00.000Z,18.0,,mgm,0
17380,KAŞ,Antalya,Kaş,Akdeniz,36.200579,29.649995,2023-03-30T09:00:00.000Z,17.0,,mgm,0
17015,AKÇAKOCA,Düzce,Akçakoca,Karadeniz,41.089528,31.143039,2023-04-05T09:00:00.000Z,10.4,,mgm,0
17024,İNEBOLU,Kastamonu,İnebolu,Karadeniz,41.978937,33.762945,2023-04-05T09:00:00.000Z,10.1,,mgm,0
17026,SİNOP,Sinop,Merkez,Karadeniz,42.029821,35.154286,2023-04-05T09:00:00.000Z,10.5,,mgm,0
17030,SAMSUN BÖLGE,Samsun,Atakum,Karadeniz,41.344286,36.255794,2023-04-05T09:00:00.000Z,10.0,,mgm,0
17033,ORDU,Ordu,Altınordu,Karadeniz,40.983833,37.885833,2023-04-05T09:00:00.000Z,10.4,,mgm,0
17034,GİRESUN,Giresun,Merkez,Karadeniz,40.922667,38.387833,2023-04-05T09:00:00.000Z,9.2,,mgm,0
17038,TRABZON HAVALİMANI,Trabzon,Ortahisar,Karadeniz,40.999133,39.779248,2023-04-05T09:00:00.000Z,8.5,,mgm,0
17040,RİZE,Rize,Merkez,Karadeniz,41.04,40.501333,2023-04-05T09:00:00.000Z,10.9,,mgm,0
17044,RİZE ARTVİN HAVALİMANI,Rize,Pazar,Karadeniz,41.177687,40.835223,2023-04-05T09:00:00.000Z,9.8,,mgm,0
17056,TEKİRDAĞ,Tekirdağ,Süleymanpaşa,Marmara,40.957959,27.496181,2023-04-05T09:00:00.000Z,11.5,,mgm,0
17059,SARIYER/KUMKÖY-KİLYOS,İstanbul,Sarıyer,Karadeniz,41.25047,29.038367,2023-04-05T09:00:00.000Z,11.8,,mgm,0
17112,ÇANAKKALE,Çanakkale,Merkez,Marmara,40.141428,26.399616,2023-04-05T09:00:00.000Z,11.7,,mgm,0
17175,AYVALIK,Balıkesir,Ayvalık,Ege,39.311292,26.686445,2023-04-05T09:00:00.000Z,13.4,,mgm,0
17180,DİKİLİ,İzmir,Dikili,Ege,39.073861,26.888093,2023-04-05T09:00:00.000Z,16.4,,mgm,0
17220,İZMİR BÖLGE,İzmir,Konak,Ege,38.3945,27.0821,2023-04-05T09:00:00.000Z,15.6,,mgm,0
17221,ÇEŞME,İzmir,Çeşme,Ege,38.303858,26.372882,2023-04-05T09:00:00.000Z,15.8,,mgm,0
17232,KUŞADASI,Aydın,Kuşadası,Ege,37.859636,27.265115,2023-04-05T09:00:00.000Z,17.1,,mgm,0
17290,BODRUM,Muğla,Bodrum,Ege,37.032611,27.439801,2023-04-05T09:00:00.000Z,17.8,,mgm,0
17296,FETHİYE,Muğla,Fethiye,Akdeniz,36.626611,29.123804,2023-04-05T09:00:00.000Z,18.4,,mgm,0
17297,DATÇA,Muğla,Datça,Ege,36.707945,27.691918,2023-04-05T09:00:00.000Z,16.9,,mgm,0
17298,MARMARİS,Muğla,Marmaris,Akdeniz,36.83926,28.244995,2023-04-05T09:00:00.000Z,17.0,,mgm,0
17302,ANTALYA BÖLGE,Antalya,Muratpaşa,Akdeniz,36.885073,30.682793,2023-04-05T09:00:00.000Z,17.7,,mgm,0
17310,ALANYA,Antalya,Alanya,Akdeniz,36.54999,31.979822,2023-04-05T09:00:00.000Z,19.1,,mgm,0
17320,ANAMUR,Mersin,Anamur,Akdeniz,36.068614,32.864876,2023-04-05T09:00:00.000Z,18.2,,mgm,0
17340,MERSİN,Mersin,Yenişehir,Akdeniz,36.780904,34.603125,2023-04-05T09:00:00.000Z,17.9,,mgm,0
17375,FİNİKE,Antalya,Finike,Akdeniz,36.3024,30.1458,2023-04-05T09:00:00.000Z,18.1,,mgm,0
17380,KAŞ,Antalya,Kaş,Akdeniz,36.200579,29.649995,2023-04-05T09:00:00.000Z,17.5,,mgm,0
17391,SAMSUN ŞAMANDIRA,Samsun,Çarşamba,Karadeniz,41.436283,36.557767,2023-04-05T16:00:00.000Z,10.6,,mgm,0
17395,AMASRA ŞAMANDIRA,Bartın,Amasra,Karadeniz,41.86081,32.57793,2023-04-05T16:00:00.000Z,10.5,,mgm,0
17398,HOPA ŞAMANDIRA,Artvin,Hopa,Karadeniz,41.41104,41.32867,2023-04-05T16:00:00.000Z,10.7,,mgm,0
17448,TUZLA İTÜ GÜNEY MENDİREK FENERİ,İstanbul,Tuzla,Marmara,40.811828,29.297373,2023-04-05T16:06:00.000Z,11.7,,mgm,0
17438,SİLİVRİ ANA MENDİREK FENERİ,İstanbul,Silivri,Marmara,41.072866,28.238398,2023-04-05T16:07:00.000Z,11.7,,mgm,0
17440,URLA BALIKÇI BARINAĞI MENDİREK FENERİ,İzmir,Urla,Ege,38.364761,26.772665,2023-04-05T16:07:00.000Z,15.8,,mgm,0
17381,KUŞADASI 3. NOLU ŞAMANDIRA,Aydın,Kuşadası,Ege,37.8458,27.2194,2023-04-05T16:12:00.000Z,17.1,,mgm,0
17388,SİLİVRİ TPAO ŞAMANDIRA,İstanbul,Silivri,Marmara,41.039565,28.187255,2023-04-05T16:12:00.000Z,11.1,,mgm,0
17421,AYVALIK KANAL SANCAK A FENERİ,Balıkesir,Ayvalık,Ege,39.323394,26.640546,2023-04-05T16:12:00.000Z,16.4,,mgm,0
17426,BARTIN GÜNEY MENDİREK FENERİ,Bartın,Merkez,Karadeniz,41.6864,32.2261,2023-04-05T16:12:00.000Z,11.0,,mgm,0
17428,AYVACIK/GÜLPINAR ANA MENDİREK FENERİ,Çanakkale,Ayvacık,Ege,39.5658,26.0967,2023-04-05T16:12:00.000Z,16.3,,mgm,0
17429,ECEABAT/KABATEPE GÜNEY MENDİREK FENERİ,Çanakkale,Eceabat,Ege,40.2019,26.2669,2023-04-05T16:12:00.000Z,15.7,,mgm,0
17430,GÖKÇEADA KALEKÖY ANA MENDİREK FENERİ,Çanakkale,Gökçeada,Ege,40.2317,25.8914,2023-04-05T16:12:00.000Z,13.9,,mgm,0
17431,BİGA/KARABİGA BAR. (B) NOKTASI GÜNEY MEN. FENERİ,Çanakkale,Biga,Marmara,40.399583,27.305591,2023-04-05T16:12:00.000Z,10.4,,mgm,0
17432,EZİNE/GEYİKLİ ODUNLUK İSKELE FENERİ,Çanakkale,Ezine,Ege,39.818998,26.160008,2023-04-05T16:12:00.000Z,16.9,,mgm,0
17434,EZİNE YENİKÖY BAL.BAR. ANA MENDİREK FENERİ,Çanakkale,Ezine,Ege,39.9447,26.1611,2023-04-05T16:12:00.000Z,15.3,,mgm,0
17437,TUZLA AYDINLI LİMAN FENERİ,İstanbul,Tuzla,Marmara,40.850611,29.271174,2023-04-05T16:12:00.000Z,12.7,,mgm,0
17441,GÜZELBAHÇE FENERİ,İzmir,Güzelbahçe,Ege,38.378579,26.885605,2023-04-05T16:12:00.000Z,17.2,,mgm,0
17442,KONAK/İZMİR PASAPORT MENDİREK FENERİ,İzmir,Konak,Ege,38.429236,27.131698,2023-04-05T16:12:00.000Z,15.9,,mgm,0
17445,CİDE KUZEY MENDİREK FENERİ,Kastamonu,Cide,Karadeniz,41.9006,32.9778,2023-04-05T16:12:00.000Z,11.8,,mgm,0
17446,İNEBOLU KUZEY MENDİREK FENERİ,Kastamonu,İnebolu,Karadeniz,41.9817,33.7769,2023-04-05T16:12:00.000Z,10.2,,mgm,0
17452,YALOVA SAMANLIDERE TALİ (DOĞU) MENDİREK FENERİ,Yalova,Merkez,Marmara,40.660597,29.246969,2023-04-05T16:12:00.000Z,11.9,,mgm,0
17453,ZONGULDAK GÜNEY MENDİREK FENERİ,Zonguldak,Merkez,Karadeniz,41.458611,31.779166,2023-04-05T16:12:00.000Z,10.2,,mgm,0
17467,HOPA ANA MENDİREK FENERİ,Artvin,Hopa,Karadeniz,41.420291,41.429843,2023-04-05T16:12:00.000Z,11.2,,mgm,0
17473,KAŞ BAYINDIR ANA MENDİREK FENERİ,Antalya,Kaş,Akdeniz,36.183225,29.642011,2023-04-05T16:12:00.000Z,17.4,,mgm,0
17476,KONYAALTI/ANTALYA YENİ LİMAN ANA MENDİREK FENERİ,Antalya,Konyaaltı,Akdeniz,36.834011,30.616572,2023-04-05T16:12:00.000Z,18.3,,mgm,0
17491,GEVAŞ AKDAMAR FENERİ,Van,Gevaş,Van Gölü,38.309988,43.041398,2023-04-05T16:12:00.000Z,8.1,,mgm,0
17492,DİDİM MARİNA FENERİ,Aydın,Didim,Ege,37.3369,27.264,2023-04-05T16:12:00.000Z,18.5,,mgm,0
17386,BODRUM KARAADA SIĞLIK IŞIKLI ŞAMANDIRA,Muğla,Bodrum,Ege,37.0081,27.4142,2023-04-05T16:13:00.000Z,17.9,,mgm,0
17436,ENEZ TALİ MENDİREK FENERİ,Edirne,Enez,Ege,40.698218,26.051263,2023-04-05T16:13:00.000Z,13.0,,mgm,0
17460,ÜNYE BALIKÇI BARINAĞI ANA MENDİREK FENERİ,Ordu,Ünye,Karadeniz,41.116448,37.348722,2023-04-05T16:13:00.000Z,10.3,,mgm,0
17465,ARAKLI BALIKÇI BARINAĞI TALİ MENDİREK FENERİ,Trabzon,Araklı,Karadeniz,40.945081,40.053776,2023-04-05T16:13:00.000Z,8.3,,mgm,0
17466,ÇAYELİ BALIKÇI BARINAĞI TALİ MENDİREK FENERİ,Rize,Çayeli,Karadeniz,41.090095,40.722557,2023-04-05T16:13:00.000Z,8.2,,mgm,0
17479,SİLİFKE/TAŞUCU SEKA ANA MENDİREK FENERİ,Mersin,Silifke,Akdeniz,36.309162,33.889845,2023-04-05T16:13:00.000Z,17.1,,mgm,0
17483,TATVAN LİMAN,Bitlis,Tatvan,Van Gölü,38.512592,42.302103,2023-04-05T16:13:00.000Z,2.7,,mgm,0
17484,ADİLCEVAZ LİMAN,Bitlis,Adilcevaz,Van Gölü,38.797236,42.729931,2023-04-05T16:13:00.000Z,3.3,,mgm,0
17489,MUDANYA/GÜZELYALI BALIKÇI BARINAĞI,Bursa,Mudanya,Marmara,40.35612,28.934036,2023-04-05T16:13:00.000Z,11.4,,mgm,0
17015,AKÇAKOCA,Düzce,Akçakoca,Karadeniz,41.089528,31.143039,2023-05-30T06:00:00.000Z,16.6,,turkiye.gov.tr,1
17024,İNEBOLU,Kastamonu,İnebolu,Karadeniz,41.978937,33.762945,2023-05-30T06:00:00.000Z,14.6,,turkiye.gov.tr,1
17026,SİNOP,Sinop,Merkez,Karadeniz,42.029821,35.154286,2023-05-30T06:00:00.000Z,15.7,,turkiye.gov.tr,1
17030,SAMSUN BÖLGE,Samsun,Atakum,Karadeniz,41.344286,36.255794,2023-05-30T06:00:00.000Z,15.0,,turkiye.gov.tr,1
17033,ORDU,Ordu,Altınordu,Karadeniz,40.983833,37.885833,2023-05-30T06:00:00.000Z,14.6,,turkiye.gov.tr,1
17034,GİRESUN,Giresun,Merkez,Karadeniz,40.922667,38.387833,2023-05-30T06:00:00.000Z,16.0,,turkiye.gov.tr,1
17038,TRABZON HAVALİMANI,Trabzon,Ortahisar,Karadeniz,40.999133,39.779248,2023-05-30T06:00:00.000Z,14.2,,turkiye.gov.tr,1
17040,RİZE,Rize,Merkez,Karadeniz,41.04,40.501333,2023-05-30T06:00:00.000Z,16.5,,turkiye.gov.tr,1
17042,HOPA,Artvin,Hopa,Karadeniz,41.4065,41.433,2023-05-30T06:00:00.000Z,18.2,,turkiye.gov.tr,1
17044,RİZE ARTVİN HAVALİMANI,Rize,Pazar,Karadeniz,41.177687,40.835223,2023-05-30T06:00:00.000Z,15.9,,turkiye.gov.tr,1
17056,TEKİRDAĞ,Tekirdağ,Süleymanpaşa,Marmara,40.957959,27.496181,2023-05-30T06:00:00.000Z,17.1,,turkiye.gov.tr,1
17059,SARIYER/KUMKÖY-KİLYOS,İstanbul,Sarıyer,Karadeniz,41.25047,29.038367,2023-05-30T06:00:00.000Z,15.2,,turkiye.gov.tr,1
17112,ÇANAKKALE,Çanakkale,Merkez,Marmara,40.141428,26.399616,2023-05-30T06:00:00.000Z,16.5,,turkiye.gov.tr,1
17175,AYVALIK,Balıkesir,Ayvalık,Ege,39.311292,26.686445,2023-05-30T06:00:00.000Z,18.5,,turkiye.gov.tr,1
17180,DİKİLİ,İzmir,Dikili,Ege,39.073861,26.888093,2023-05-30T06:00:00.000Z,19.5,,turkiye.gov.tr,1
17221,ÇEŞME,İzmir,Çeşme,Ege,38.303858,26.372882,2023-05-30T06:00:00.000Z,21.6,,turkiye.gov.tr,1
17232,KUŞADASI,Aydın,Kuşadası,Ege,37.859636,27.265115,2023-05-30T06:00:00.000Z,21.5,,turkiye.gov.tr,1
17290,BODRUM,Muğla,Bodrum,Ege,37.032611,27.439801,2023-05-30T06:00:00.000Z,21.0,,turkiye.gov.tr,1
17296,FETHİYE,Muğla,Fethiye,Akdeniz,36.626611,29.123804,2023-05-30T06:00:00.000Z,22.8,,turkiye.gov.tr,1
17297,DATÇA,Muğla,Datça,Ege,36.707945,27.691918,2023-05-30T06:00:00.000Z,20.4,,turkiye.gov.tr,1
17298,MARMARİS,Muğla,Marmaris,Akdeniz,36.83926,28.244995,2023-05-30T06:00:00.000Z,20.2,,turkiye.gov.tr,1
17302,ANTALYA BÖLGE,Antalya,Muratpaşa,Akdeniz,36.885073,30.682793,2023-05-30T06:00:00.000Z,22.2,,turkiye.gov.tr,1
17310,ALANYA,Antalya,Alanya,Akdeniz,36.54999,31.979822,2023-05-30T06:00:00.000Z,23.4,,turkiye.gov.tr,1
17320,ANAMUR,Mersin,Anamur,Akdeniz,36.068614,32.864876,2023-05-30T06:00:00.000Z,21.6,,turkiye.gov.tr,1
17340,MERSİN,Mersin,Yenişehir,Akdeniz,36.780904,34.603125,2023-05-30T06:00:00.000Z,23.2,,turkiye.gov.tr,1
17375,FİNİKE,Antalya,Finike,Akdeniz,36.3024,30.1458,2023-05-30T06:00:00.000Z,22.3,,turkiye.gov.tr,1
17380,KAŞ,Antalya,Kaş,Akdeniz,36.200579,29.649995,2023-05-30T06:00:00.000Z,21.5,,turkiye.gov.tr,1
17381,KUŞADASI 3. NOLU ŞAMANDIRA,Aydın,Kuşadası,Ege,37.8458,27.2194,2023-05-30T06:00:00.000Z,21.5,,turkiye.gov.tr,1
17385,MERSİN GÜNEY MENDİREK İSTİKAMET FENERİ,Mersin,Akdeniz,Akdeniz,36.784036,34.635222,2023-05-30T06:00:00.000Z,23.2,,turkiye.gov.tr,1
17386,BODRUM KARAADA SIĞLIK IŞIKLI ŞAMANDIRA,Muğla,Bodrum,Ege,37.0081,27.4142,2023-05-30T06:00:00.000Z,20.9,,turkiye.gov.tr,1
17395,AMASRA ŞAMANDIRA,Bartın,Amasra,Karadeniz,41.86081,32.57793,2023-05-30T06:00:00.000Z,17.5,,turkiye.gov.tr,1
17396,SİNOP ŞAMANDIRA,Sinop,Merkez,Karadeniz,42.01086,34.80268,2023-05-30T06:00:00.000Z,16.0,,turkiye.gov.tr,1
17397,ORDU ŞAMANDIRA,Ordu,Gülyalı,Karadeniz,41.048017,38.14585,2023-05-30T06:00:00.000Z,17.8,,turkiye.gov.tr,1
17398,HOPA ŞAMANDIRA,Artvin,Hopa,Karadeniz,41.41104,41.32867,2023-05-30T06:00:00.000Z,18.3,,turkiye.gov.tr,1
17421,AYVALIK KANAL SANCAK A FENERİ,Balıkesir,Ayvalık,Ege,39.323394,26.640546,2023-05-30T06:00:00.000Z,21.5,,turkiye.gov.tr,1
17426,BARTIN GÜNEY MENDİREK FENERİ,Bartın,Merkez,Karadeniz,41.6864,32.2261,2023-05-30T06:00:00.000Z,16.1,,turkiye.gov.tr,1
17428,AYVACIK/GÜLPINAR ANA MENDİREK FENERİ,Çanakkale,Ayvacık,Ege,39.5658,26.0967,2023-05-30T06:00:00.000Z,19.0,,turkiye.gov.tr,1
17429,ECEABAT/KABATEPE GÜNEY MENDİREK FENERİ,Çanakkale,Eceabat,Ege,40.2019,26.2669,2023-05-30T06:00:00.000Z,18.4,,turkiye.gov.tr,1
17430,GÖKÇEADA KALEKÖY ANA MENDİREK FENERİ,Çanakkale,Gökçeada,Ege,40.2317,25.8914,2023-05-30T06:00:00.000Z,19.1,,turkiye.gov.tr,1
17431,BİGA/KARABİGA BAR. (B) NOKTASI GÜNEY MEN. FENERİ,Çanakkale,Biga,Marmara,40.399583,27.305591,2023-05-30T06:00:00.000Z,18.4,,turkiye.gov.tr,1
17432,EZİNE/GEYİKLİ ODUNLUK İSKELE FENERİ,Çanakkale,Ezine,Ege,39.818998,26.160008,2023-05-30T06:00:00.000Z,18.9,,turkiye.gov.tr,1
17433,GÖKÇEADA UĞURLU LİMAN FENERİ,Çanakkale,Gökçeada,Ege,40.1153,25.6989,2023-05-30T06:00:00.000Z,18.8,,turkiye.gov.tr,1
17434,EZİNE YENİKÖY BAL.BAR. ANA MENDİREK FENERİ,Çanakkale,Ezine,Ege,39.9447,26.1611,2023-05-30T06:00:00.000Z,17.3,,turkiye.gov.tr,1
17436,ENEZ TALİ MENDİREK FENERİ,Edirne,Enez,Ege,40.698218,26.051263,2023-05-30T06:00:00.000Z,18.1,,turkiye.gov.tr,1
17437,TUZLA AYDINLI LİMAN FENERİ,İstanbul,Tuzla,Marmara,40.850611,29.271174,2023-05-30T06:00:00.000Z,18.7,,turkiye.gov.tr,1
17438,SİLİVRİ ANA MENDİREK FENERİ,İstanbul,Silivri,Marmara,41.072866,28.238398,2023-05-30T06:00:00.000Z,17.7,,turkiye.gov.tr,1
17441,GÜZELBAHÇE FENERİ,İzmir,Güzelbahçe,Ege,38.378579,26.885605,2023-05-30T06:00:00.000Z,23.4,,turkiye.gov.tr,1
17442,KONAK/İZMİR PASAPORT MENDİREK FENERİ,İzmir,Konak,Ege,38.429236,27.131698,2023-05-30T06:00:00.000Z,22.7,,turkiye.gov.tr,1
17445,CİDE KUZEY MENDİREK FENERİ,Kastamonu,Cide,Karadeniz,41.9006,32.9778,2023-05-30T06:00:00.000Z,15.6,,turkiye.gov.tr,1
17446,İNEBOLU KUZEY MENDİREK FENERİ,Kastamonu,İnebolu,Karadeniz,41.9817,33.7769,2023-05-30T06:00:00.000Z,14.4,,turkiye.gov.tr,1
17448,TUZLA İTÜ GÜNEY MENDİREK FENERİ,İstanbul,Tuzla,Marmara,40.811828,29.297373,2023-05-30T06:00:00.000Z,17.7,,turkiye.gov.tr,1
17452,YALOVA SAMANLIDERE TALİ (DOĞU) MENDİREK FENERİ,Yalova,Merkez,Marmara,40.660597,29.246969,2023-05-30T06:00:00.000Z,16.6,,turkiye.gov.tr,1
17453,ZONGULDAK GÜNEY MENDİREK FENERİ,Zonguldak,Merkez,Karadeniz,41.458611,31.779166,2023-05-30T06:00:00.000Z,16.5,,turkiye.gov.tr,1
17460,ÜNYE BALIKÇI BARINAĞI ANA MENDİREK FENERİ,Ordu,Ünye,Karadeniz,41.116448,37.348722,2023-05-30T06:00:00.000Z,16.2,,turkiye.gov.tr,1
17465,ARAKLI BALIKÇI BARINAĞI TALİ MENDİREK FENERİ,Trabzon,Araklı,Karadeniz,40.945081,40.053776,2023-05-30T06:00:00.000Z,14.2,,turkiye.gov.tr,1
17466,ÇAYELİ BALIKÇI BARINAĞI TALİ MENDİREK FENERİ,Rize,Çayeli,Karadeniz,41.090095,40.722557,2023-05-30T06:00:00.000Z,13.8,,turkiye.gov.tr,1
17467,HOPA ANA MENDİREK FENERİ,Artvin,Hopa,Karadeniz,41.420291,41.429843,2023-05-30T06:00:00.000Z,18.9,,turkiye.gov.tr,1
17473,KAŞ BAYINDIR ANA MENDİREK FENERİ,Antalya,Kaş,Akdeniz,36.183225,29.642011,2023-05-30T06:00:00.000Z,20.8,,turkiye.gov.tr,1
17475,KEMER SIĞLIK FENERİ,Antalya,Kemer,Akdeniz,36.612395,30.574242,2023-05-30T06:00:00.000Z,22.3,,turkiye.gov.tr,1
17476,KONYAALTI/ANTALYA YENİ LİMAN ANA MENDİREK FENERİ,Antalya,Konyaaltı,Akdeniz,36.834011,30.616572,2023-05-30T06:00:00.000Z,21.8,,turkiye.gov.tr,1
17479,SİLİFKE/TAŞUCU SEKA ANA MENDİREK FENERİ,Mersin,Silifke,Akdeniz,36.309162,33.889845,2023-05-30T06:00:00.000Z,21.0,,turkiye.gov.tr,1
17480,KARATAŞ BALIKÇI BARINAĞI TALİ MENDİREK FENERİ,Adana,Karataş,Akdeniz,36.557986,35.383499,2023-05-30T06:00:00.000Z,23.6,,turkiye.gov.tr,1
17483,TATVAN LİMAN,Bitlis,Tatvan,Van Gölü,38.512592,42.302103,2023-05-30T06:00:00.000Z,14.4,,turkiye.gov.tr,1
17484,ADİLCEVAZ LİMAN,Bitlis,Adilcevaz,Van Gölü,38.797236,42.729931,2023-05-30T06:00:00.000Z,14.1,,turkiye.gov.tr,1
17489,MUDANYA/GÜZELYALI BALIKÇI BARINAĞI,Bursa,Mudanya,Marmara,40.35612,28.934036,2023-05-30T06:00:00.000Z,17.9,,turkiye.gov.tr,1
17491,GEVAŞ AKDAMAR FENERİ,Van,Gevaş,Van Gölü,38.309988,43.041398,2023-05-30T06:00:00.000Z,14.5,,turkiye.gov.tr,1
17492,DİDİM MARİNA FENERİ,Aydın,Didim,Ege,37.3369,27.264,2023-05-30T06:00:00.000Z,22.0,,turkiye.gov.tr,1
17015,AKÇAKOCA,Düzce,Akçakoca,Karadeniz,41.089528,31.143039,2023-05-31T09:00:00.000Z,16.8,,mgm,0
17024,İNEBOLU,Kastamonu,İnebolu,Karadeniz,41.978937,33.762945,2023-05-31T09:00:00.000Z,14.9,,mgm,0
17026,SİNOP,Sinop,Merkez,Karadeniz,42.029821,35.154286,2023-05-31T09:00:00.000Z,16.0,,mgm,0
17030,SAMSUN BÖLGE,Samsun,Atakum,Karadeniz,41.344286,36.255794,2023-05-31T09:00:00.000Z,15.0,,mgm,0
17033,ORDU,Ordu,Altınordu,Karadeniz,40.983833,37.885833,2023-05-31T09:00:00.000Z,14.7,,mgm,0
17034,GİRESUN,Giresun,Merkez,Karadeniz,40.922667,38.387833,2023-05-31T09:00:00.000Z,16.8,,mgm,0
17038,TRABZON HAVALİMANI,Trabzon,Ortahisar,Karadeniz,40.999133,39.779248,2023-05-31T09:00:00.000Z,16.0,,mgm,0
17040,RİZE,Rize,Merkez,Karadeniz,41.04,40.501333,2023-05-31T09:00:00.000Z,17.4,,mgm,0
17042,HOPA,Artvin,Hopa,Karadeniz,41.4065,41.433,2023-05-31T09:00:00.000Z,19.8,,mgm,0
17044,RİZE ARTVİN HAVALİMANI,Rize,Pazar,Karadeniz,41.177687,40.835223,2023-05-31T09:00:00.000Z,17.3,,mgm,0
17056,TEKİRDAĞ,Tekirdağ,Süleymanpaşa,Marmara,40.957959,27.496181,2023-05-31T09:00:00.000Z,17.3,,mgm,0
17059,SARIYER/KUMKÖY-KİLYOS,İstanbul,Sarıyer,Karadeniz,41.25047,29.038367,2023-05-31T09:00:00.000Z,15.6,,mgm,0
17112,ÇANAKKALE,Çanakkale,Merkez,Marmara,40.141428,26.399616,2023-05-31T09:00:00.000Z,16.8,,mgm,0
17175,AYVALIK,Balıkesir,Ayvalık,Ege,39.311292,26.686445,2023-05-31T09:00:00.000Z,18.6,,mgm,0
17180,DİKİLİ,İzmir,Dikili,Ege,39.073861,26.888093,2023-05-31T09:00:00.000Z,19.7,,mgm,0
17220,İZMİR BÖLGE,İzmir,Konak,Ege,38.3945,27.0821,2023-05-31T09:00:00.000Z,22.8,,mgm,0
17221,ÇEŞME,İzmir,Çeşme,Ege,38.303858,26.372882,2023-05-31T09:00:00.000Z,22.5,,mgm,0
17232,KUŞADASI,Aydın,Kuşadası,Ege,37.859636,27.265115,2023-05-31T09:00:00.000Z,21.8,,mgm,0
17290,BODRUM,Muğla,Bodrum,Ege,37.032611,27.439801,2023-05-31T09:00:00.000Z,21.5,,mgm,0
17296,FETHİYE,Muğla,Fethiye,Akdeniz,36.626611,29.123804,2023-05-31T09:00:00.000Z,22.9,,mgm,0
17297,DATÇA,Muğla,Datça,Ege,36.707945,27.691918,2023-05-31T09:00:00.000Z,20.8,,mgm,0
17298,MARMARİS,Muğla,Marmaris,Akdeniz,36.83926,28.244995,2023-05-31T09:00:00.000Z,20.0,,mgm,0
17302,ANTALYA BÖLGE,Antalya,Muratpaşa,Akdeniz,36.885073,30.682793,2023-05-31T09:00:00.000Z,21.6,,mgm,0
17310,ALANYA,Antalya,Alanya,Akdeniz,36.54999,31.979822,2023-05-31T09:00:00.000Z,23.5,,mgm,0
17320,ANAMUR,Mersin,Anamur,Akdeniz,36.068614,32.864876,2023-05-31T09:00:00.000Z,21.6,,mgm,0
17340,MERSİN,Mersin,Yenişehir,Akdeniz,36.780904,34.603125,2023-05-31T09:00:00.000Z,23.5,,mgm,0
17370,İSKENDERUN,Hatay,İskenderun,Akdeniz,36.592358,36.158158,2023-05-31T09:00:00.000Z,23.8,,mgm,0
17375,FİNİKE,Antalya,Finike,Akdeniz,36.3024,30.1458,2023-05-31T09:00:00.000Z,22.4,,mgm,0
17380,KAŞ,Antalya,Kaş,Akdeniz,36.200579,29.649995,2023-05-31T09:00:00.000Z,21.7,,mgm,0
17453,ZONGULDAK GÜNEY MENDİREK FENERİ,Zonguldak,Merkez,Karadeniz,41.458611,31.779166,2023-05-31T16:45:00.000Z,19.5,,mgm,0
17426,BARTIN GÜNEY MENDİREK FENERİ,Bartın,Merkez,Karadeniz,41.6864,32.2261,2023-05-31T16:50:00.000Z,18.4,,mgm,0
17428,AYVACIK/GÜLPINAR ANA MENDİREK FENERİ,Çanakkale,Ayvacık,Ege,39.5658,26.0967,2023-05-31T16:50:00.000Z,20.7,,mgm,0
17381,KUŞADASI 3. NOLU ŞAMANDIRA,Aydın,Kuşadası,Ege,37.8458,27.2194,2023-05-31T16:51:00.000Z,22.4,,mgm,0
17385,MERSİN GÜNEY MENDİREK İSTİKAMET FENERİ,Mersin,Akdeniz,Akdeniz,36.784036,34.635222,2023-05-31T16:51:00.000Z,23.9,,mgm,0
17421,AYVALIK KANAL SANCAK A FENERİ,Balıkesir,Ayvalık,Ege,39.323394,26.640546,2023-05-31T16:51:00.000Z,22.8,,mgm,0
17429,ECEABAT/KABATEPE GÜNEY MENDİREK FENERİ,Çanakkale,Eceabat,Ege,40.2019,26.2669,2023-05-31T16:51:00.000Z,19.3,,mgm,0
17430,GÖKÇEADA KALEKÖY ANA MENDİREK FENERİ,Çanakkale,Gökçeada,Ege,40.2317,25.8914,2023-05-31T16:51:00.000Z,21.3,,mgm,0
17431,BİGA/KARABİGA BAR. (B) NOKTASI GÜNEY MEN. FENERİ,Çanakkale,Biga,Marmara,40.399583,27.305591,2023-05-31T16:51:00.000Z,21.2,,mgm,0
17432,EZİNE/GEYİKLİ ODUNLUK İSKELE FENERİ,Çanakkale,Ezine,Ege,39.818998,26.160008,2023-05-31T16:51:00.000Z,18.9,,mgm,0
17433,GÖKÇEADA UĞURLU LİMAN FENERİ,Çanakkale,Gökçeada,Ege,40.1153,25.6989,2023-05-31T16:51:00.000Z,19.4,,mgm,0
17434,EZİNE YENİKÖY BAL.BAR. ANA MENDİREK FENERİ,Çanakkale,Ezine,Ege,39.9447,26.1611,2023-05-31T16:51:00.000Z,17.6,,mgm,0
17437,TUZLA AYDINLI LİMAN FENERİ,İstanbul,Tuzla,Marmara,40.850611,29.271174,2023-05-31T16:51:00.000Z,19.9,,mgm,0
17438,SİLİVRİ ANA MENDİREK FENERİ,İstanbul,Silivri,Marmara,41.072866,28.238398,2023-05-31T16:51:00.000Z,19.1,,mgm,0
17441,GÜZELBAHÇE FENERİ,İzmir,Güzelbahçe,Ege,38.378579,26.885605,2023-05-31T16:51:00.000Z,24.9,,mgm,0
17442,KONAK/İZMİR PASAPORT MENDİREK FENERİ,İzmir,Konak,Ege,38.429236,27.131698,2023-05-31T16:51:00.000Z,23.8,,mgm,0
17445,CİDE KUZEY MENDİREK FENERİ,Kastamonu,Cide,Karadeniz,41.9006,32.9778,2023-05-31T16:51:00.000Z,19.0,,mgm,0
17446,İNEBOLU KUZEY MENDİREK FENERİ,Kastamonu,İnebolu,Karadeniz,41.9817,33.7769,2023-05-31T16:51:00.000Z,16.6,,mgm,0
17448,TUZLA İTÜ GÜNEY MENDİREK FENERİ,İstanbul,Tuzla,Marmara,40.811828,29.297373,2023-05-31T16:51:00.000Z,18.9,,mgm,0
17452,YALOVA SAMANLIDERE TALİ (DOĞU) MENDİREK FENERİ,Yalova,Merkez,Marmara,40.660597,29.246969,2023-05-31T16:51:00.000Z,19.3,,mgm,0
17467,HOPA ANA MENDİREK FENERİ,Artvin,Hopa,Karadeniz,41.420291,41.429843,2023-05-31T16:51:00.000Z,20.3,,mgm,0
17473,KAŞ BAYINDIR ANA MENDİREK FENERİ,Antalya,Kaş,Akdeniz,36.183225,29.642011,2023-05-31T16:51:00.000Z,21.9,,mgm,0
17476,KONYAALTI/ANTALYA YENİ LİMAN ANA MENDİREK FENERİ,Antalya,Konyaaltı,Akdeniz,36.834011,30.616572,2023-05-31T16:51:00.000Z,22.8,,mgm,0
17491,GEVAŞ AKDAMAR FENERİ,Van,Gevaş,Van Gölü,38.309988,43.041398,2023-05-31T16:51:00.000Z,16.9,,mgm,0
17492,DİDİM MARİNA FENERİ,Aydın,Didim,Ege,37.3369,27.264,2023-05-31T16:51:00.000Z,22.6,,mgm,0
17386,BODRUM KARAADA SIĞLIK IŞIKLI ŞAMANDIRA,Muğla,Bodrum,Ege,37.0081,27.4142,2023-05-31T16:52:00.000Z,22.3,,mgm,0
17436,ENEZ TALİ MENDİREK FENERİ,Edirne,Enez,Ege,40.698218,26.051263,2023-05-31T16:52:00.000Z,19.9,,mgm,0
17460,ÜNYE BALIKÇI BARINAĞI ANA MENDİREK FENERİ,Ordu,Ünye,Karadeniz,41.116448,37.348722,2023-05-31T16:52:00.000Z,17.5,,mgm,0
17465,ARAKLI BALIKÇI BARINAĞI TALİ MENDİREK FENERİ,Trabzon,Araklı,Karadeniz,40.945081,40.053776,2023-05-31T16:52:00.000Z,16.3,,mgm,0
17466,ÇAYELİ BALIKÇI BARINAĞI TALİ MENDİREK FENERİ,Rize,Çayeli,Karadeniz,41.090095,40.722557,2023-05-31T16:52:00.000Z,16.1,,mgm,0
17475,KEMER SIĞLIK FENERİ,Antalya,Kemer,Akdeniz,36.612395,30.574242,2023-05-31T16:52:00.000Z,22.6,,mgm,0
17480,KARATAŞ BALIKÇI BARINAĞI TALİ MENDİREK FENERİ,Adana,Karataş,Akdeniz,36.557986,35.383499,2023-05-31T16:52:00.000Z,24.8,,mgm,0
17483,TATVAN LİMAN,Bitlis,Tatvan,Van Gölü,38.512592,42.302103,2023-05-31T16:52:00.000Z,16.0,,mgm,0
17484,ADİLCEVAZ LİMAN,Bitlis,Adilcevaz,Van Gölü,38.797236,42.729931,2023-05-31T16:52:00.000Z,14.6,,mgm,0
17489,MUDANYA/GÜZELYALI BALIKÇI BARINAĞI,Bursa,Mudanya,Marmara,40.35612,28.934036,2023-05-31T16:52:00.000Z,19.0,,mgm,0
17479,SİLİFKE/TAŞUCU SEKA ANA MENDİREK FENERİ,Mersin,Silifke,Akdeniz,36.309162,33.889845,2023-05-31T16:53:00.000Z,21.8,,mgm,0
17475,KEMER SIĞLIK FENERİ,Antalya,Kemer,Akdeniz,36.612395,30.574242,2023-07-01T17:02:00.000Z,28.4,,mgm,0
17479,SİLİFKE/TAŞUCU SEKA ANA MENDİREK FENERİ,Mersin,Silifke,Akdeniz,36.309162,33.889845,2023-07-02T01:12:00.000Z,27.1,,mgm,0
17385,MERSİN GÜNEY MENDİREK İSTİKAMET FENERİ,Mersin,Akdeniz,Akdeniz,36.784036,34.635222,2023-07-02T04:17:00.000Z,30.4,,mgm,0
17015,AKÇAKOCA,Düzce,Akçakoca,Karadeniz,41.089528,31.143039,2023-07-02T06:00:00.000Z,25.0,,mgm,0
17024,İNEBOLU,Kastamonu,İnebolu,Karadeniz,41.978937,33.762945,2023-07-02T06:00:00.000Z,23.0,,mgm,0
17026,SİNOP,Sinop,Merkez,Karadeniz,42.029821,35.154286,2023-07-02T06:00:00.000Z,23.0,,mgm,0
17030,SAMSUN BÖLGE,Samsun,Atakum,Karadeniz,41.344286,36.255794,2023-07-02T06:00:00.000Z,23.7,,mgm,0
17033,ORDU,Ordu,Altınordu,Karadeniz,40.983833,37.885833,2023-07-02T06:00:00.000Z,21.2,,mgm,0
17034,GİRESUN,Giresun,Merkez,Karadeniz,40.922667,38.387833,2023-07-02T06:00:00.000Z,23.0,,mgm,0
17038,TRABZON HAVALİMANI,Trabzon,Ortahisar,Karadeniz,40.999133,39.779248,2023-07-02T06:00:00.000Z,21.3,,mgm,0
17040,RİZE,Rize,Merkez,Karadeniz,41.04,40.501333,2023-07-02T06:00:00.000Z,22.4,,mgm,0
17042,HOPA,Artvin,Hopa,Karadeniz,41.4065,41.433,2023-07-02T06:00:00.000Z,23.6,,mgm,0
17044,RİZE ARTVİN HAVALİMANI,Rize,Pazar,Karadeniz,41.177687,40.835223,2023-07-02T06:00:00.000Z,23.8,,mgm,0
17056,TEKİRDAĞ,Tekirdağ,Süleymanpaşa,Marmara,40.957959,27.496181,2023-07-02T06:00:00.000Z,23.2,,mgm,0
17059,SARIYER/KUMKÖY-KİLYOS,İstanbul,Sarıyer,Karadeniz,41.25047,29.038367,2023-07-02T06:00:00.000Z,22.4,,mgm,0
17175,AYVALIK,Balıkesir,Ayvalık,Ege,39.311292,26.686445,2023-07-02T06:00:00.000Z,24.0,,mgm,0
17180,DİKİLİ,İzmir,Dikili,Ege,39.073861,26.888093,2023-07-02T06:00:00.000Z,24.7,,mgm,0
17220,İZMİR BÖLGE,İzmir,Konak,Ege,38.3945,27.0821,2023-07-02T06:00:00.000Z,26.9,,mgm,0
17221,ÇEŞME,İzmir,Çeşme,Ege,38.303858,26.372882,2023-07-02T06:00:00.000Z,26.8,,mgm,0
17232,KUŞADASI,Aydın,Kuşadası,Ege,37.859636,27.265115,2023-07-02T06:00:00.000Z,24.6,,mgm,0
17290,BODRUM,Muğla,Bodrum,Ege,37.032611,27.439801,2023-07-02T06:00:00.000Z,23.6,,mgm,0
17296,FETHİYE,Muğla,Fethiye,Akdeniz,36.626611,29.123804,2023-07-02T06:00:00.000Z,26.7,,mgm,0
17297,DATÇA,Muğla,Datça,Ege,36.707945,27.691918,2023-07-02T06:00:00.000Z,20.2,,mgm,0
17298,MARMARİS,Muğla,Marmaris,Akdeniz,36.83926,28.244995,2023-07-02T06:00:00.000Z,23.5,,mgm,0
17302,ANTALYA BÖLGE,Antalya,Muratpaşa,Akdeniz,36.885073,30.682793,2023-07-02T06:00:00.000Z,26.8,,mgm,0
17310,ALANYA,Antalya,Alanya,Akdeniz,36.54999,31.979822,2023-07-02T06:00:00.000Z,26.2,,mgm,0
17320,ANAMUR,Mersin,Anamur,Akdeniz,36.068614,32.864876,2023-07-02T06:00:00.000Z,25.6,,mgm,0
17340,MERSİN,Mersin,Yenişehir,Akdeniz,36.780904,34.603125,2023-07-02T06:00:00.000Z,27.4,,mgm,0
17370,İSKENDERUN,Hatay,İskenderun,Akdeniz,36.592358,36.158158,2023-07-02T06:00:00.000Z,27.0,,mgm,0
17375,FİNİKE,Antalya,Finike,Akdeniz,36.3024,30.1458,2023-07-02T06:00:00.000Z,26.7,,mgm,0
17380,KAŞ,Antalya,Kaş,Akdeniz,36.200579,29.649995,2023-07-02T06:00:00.000Z,25.9,,mgm,0
17473,KAŞ BAYINDIR ANA MENDİREK FENERİ,Antalya,Kaş,Akdeniz,36.183225,29.642011,2023-07-02T06:03:00.000Z,25.4,,mgm,0
17438,SİLİVRİ ANA MENDİREK FENERİ,İstanbul,Silivri,Marmara,41.072866,28.238398,2023-07-02T10:41:00.000Z,23.8,,mgm,0
17448,TUZLA İTÜ GÜNEY MENDİREK FENERİ,İstanbul,Tuzla,Marmara,40.811828,29.297373,2023-07-02T10:41:00.000Z,23.9,,mgm,0
17395,AMASRA ŞAMANDIRA,Bartın,Amasra,Karadeniz,41.86081,32.57793,2023-07-02T13:30:00.000Z,24.5,,mgm,0
17396,SİNOP ŞAMANDIRA,Sinop,Merkez,Karadeniz,42.01086,34.80268,2023-07-02T13:30:00.000Z,25.1,,mgm,0
17397,ORDU ŞAMANDIRA,Ordu,Gülyalı,Karadeniz,41.048017,38.14585,2023-07-02T13:30:00.000Z,25.3,,mgm,0
17398,HOPA ŞAMANDIRA,Artvin,Hopa,Karadeniz,41.41104,41.32867,2023-07-02T13:30:00.000Z,25.5,,mgm,0
17421,AYVALIK KANAL SANCAK A FENERİ,Balıkesir,Ayvalık,Ege,39.323394,26.640546,2023-07-02T13:40:00.000Z,25.2,,mgm,0
17427,BOZCAADA LİMAN GİRİŞİ GÜNEY MENDİREK FENERİ,Çanakkale,Bozcaada,Ege,39.8341,26.0748,2023-07-02T13:41:00.000Z,14.6,,mgm,0
17430,GÖKÇEADA KALEKÖY ANA MENDİREK FENERİ,Çanakkale,Gökçeada,Ege,40.2317,25.8914,2023-07-02T13:41:00.000Z,26.2,,mgm,0
17433,GÖKÇEADA UĞURLU LİMAN FENERİ,Çanakkale,Gökçeada,Ege,40.1153,25.6989,2023-07-02T13:41:00.000Z,26.6,,mgm,0
17442,KONAK/İZMİR PASAPORT MENDİREK FENERİ,İzmir,Konak,Ege,38.429236,27.131698,2023-07-02T13:41:00.000Z,29.2,,mgm,0
17381,KUŞADASI 3. NOLU ŞAMANDIRA,Aydın,Kuşadası,Ege,37.8458,27.2194,2023-07-02T13:42:00.000Z,25.4,,mgm,0
17387,GİRESUN PALAMUT KAYALIĞI MAHMUZ FENERİ,Giresun,Merkez,Karadeniz,40.9182,38.3783,2023-07-02T13:42:00.000Z,24.4,,mgm,0
17426,BARTIN GÜNEY MENDİREK FENERİ,Bartın,Merkez,Karadeniz,41.6864,32.2261,2023-07-02T13:42:00.000Z,24.9,,mgm,0
17428,AYVACIK/GÜLPINAR ANA MENDİREK FENERİ,Çanakkale,Ayvacık,Ege,39.5658,26.0967,2023-07-02T13:42:00.000Z,24.1,,mgm,0
17429,ECEABAT/KABATEPE GÜNEY MENDİREK FENERİ,Çanakkale,Eceabat,Ege,40.2019,26.2669,2023-07-02T13:42:00.000Z,24.5,,mgm,0
17434,EZİNE YENİKÖY BAL.BAR. ANA MENDİREK FENERİ,Çanakkale,Ezine,Ege,39.9447,26.1611,2023-07-02T13:42:00.000Z,22.7,,mgm,0
17436,ENEZ TALİ MENDİREK FENERİ,Edirne,Enez,Ege,40.698218,26.051263,2023-07-02T13:42:00.000Z,23.6,,mgm,0
17437,TUZLA AYDINLI LİMAN FENERİ,İstanbul,Tuzla,Marmara,40.850611,29.271174,2023-07-02T13:42:00.000Z,25.8,,mgm,0
17441,GÜZELBAHÇE FENERİ,İzmir,Güzelbahçe,Ege,38.378579,26.885605,2023-07-02T13:42:00.000Z,29.2,,mgm,0
17445,CİDE KUZEY MENDİREK FENERİ,Kastamonu,Cide,Karadeniz,41.9006,32.9778,2023-07-02T13:42:00.000Z,25.4,,mgm,0
17446,İNEBOLU KUZEY MENDİREK FENERİ,Kastamonu,İnebolu,Karadeniz,41.9817,33.7769,2023-07-02T13:42:00.000Z,24.8,,mgm,0
17452,YALOVA SAMANLIDERE TALİ (DOĞU) MENDİREK FENERİ,Yalova,Merkez,Marmara,40.660597,29.246969,2023-07-02T13:42:00.000Z,27.2,,mgm,0
17453,ZONGULDAK GÜNEY MENDİREK FENERİ,Zonguldak,Merkez,Karadeniz,41.458611,31.779166,2023-07-02T13:42:00.000Z,25.6,,mgm,0
17467,HOPA ANA MENDİREK FENERİ,Artvin,Hopa,Karadeniz,41.420291,41.429843,2023-07-02T13:42:00.000Z,28.3,,mgm,0
17470,İNCEBURUN (YILDIZADASI) MARMARİS FENERİ,Muğla,Marmaris,Akdeniz,36.813936,28.265907,2023-07-02T13:42:00.000Z,22.5,,mgm,0
17472,FETHİYE/İBLİSBURNU DÖKÜNTÜTAŞ FENERİ,Muğla,Fethiye,Akdeniz,36.5455556,29.0108333,2023-07-02T13:42:00.000Z,26.0,,mgm,0
17476,KONYAALTI/ANTALYA YENİ LİMAN ANA MENDİREK FENERİ,Antalya,Konyaaltı,Akdeniz,36.834011,30.616572,2023-07-02T13:42:00.000Z,28.9,,mgm,0
17480,KARATAŞ BALIKÇI BARINAĞI TALİ MENDİREK FENERİ,Adana,Karataş,Akdeniz,36.557986,35.383499,2023-07-02T13:42:00.000Z,28.7,,mgm,0
17482,VAN LİMAN,Van,Tuşba,Van Gölü,38.51486,43.307362,2023-07-02T13:42:00.000Z,21.6,,mgm,0
17483,TATVAN LİMAN,Bitlis,Tatvan,Van Gölü,38.512592,42.302103,2023-07-02T13:42:00.000Z,22.9,,mgm,0
17484,ADİLCEVAZ LİMAN,Bitlis,Adilcevaz,Van Gölü,38.797236,42.729931,2023-07-02T13:42:00.000Z,21.8,,mgm,0
17489,MUDANYA/GÜZELYALI BALIKÇI BARINAĞI,Bursa,Mudanya,Marmara,40.35612,28.934036,2023-07-02T13:42:00.000Z,24.2,,mgm,0
17491,GEVAŞ AKDAMAR FENERİ,Van,Gevaş,Van Gölü,38.309988,43.041398,2023-07-02T13:42:00.000Z,23.4,,mgm,0
17492,DİDİM MARİNA FENERİ,Aydın,Didim,Ege,37.3369,27.264,2023-07-02T13:42:00.000Z,26.6,,mgm,0
17386,BODRUM KARAADA SIĞLIK IŞIKLI ŞAMANDIRA,Muğla,Bodrum,Ege,37.0081,27.4142,2023-07-02T13:43:00.000Z,23.8,,mgm,0
17460,ÜNYE BALIKÇI BARINAĞI ANA MENDİREK FENERİ,Ordu,Ünye,Karadeniz,41.116448,37.348722,2023-07-02T13:43:00.000Z,23.3,,mgm,0
17465,ARAKLI BALIKÇI BARINAĞI TALİ MENDİREK FENERİ,Trabzon,Araklı,Karadeniz,40.945081,40.053776,2023-07-02T13:43:00.000Z,22.2,,mgm,0
17466,ÇAYELİ BALIKÇI BARINAĞI TALİ MENDİREK FENERİ,Rize,Çayeli,Karadeniz,41.090095,40.722557,2023-07-02T13:43:00.000Z,20.5,,mgm,0
17015,AKÇAKOCA,Düzce,Akçakoca,Karadeniz,41.089528,31.143039,2023-07-03T06:00:00.000Z,25.0,,mgm,0
17024,İNEBOLU,Kastamonu,İnebolu,Karadeniz,41.978937,33.762945,2023-07-03T06:00:00.000Z,23.0,,mgm,0
17026,SİNOP,Sinop,Merkez,Karadeniz,42.029821,35.154286,2023-07-03T06:00:00.000Z,23.0,,mgm,0
17030,SAMSUN BÖLGE,Samsun,Atakum,Karadeniz,41.344286,36.255794,2023-07-03T06:00:00.000Z,24.0,,mgm,0
17033,ORDU,Ordu,Altınordu,Karadeniz,40.983833,37.885833,2023-07-03T06:00:00.000Z,21.2,,mgm,0
17034,GİRESUN,Giresun,Merkez,Karadeniz,40.922667,38.387833,2023-07-03T06:00:00.000Z,23.2,,mgm,0
17038,TRABZON HAVALİMANI,Trabzon,Ortahisar,Karadeniz,40.999133,39.779248,2023-07-03T06:00:00.000Z,21.5,,mgm,0
17040,RİZE,Rize,Merkez,Karadeniz,41.04,40.501333,2023-07-03T06:00:00.000Z,22.4,,mgm,0
17042,HOPA,Artvin,Hopa,Karadeniz,41.4065,41.433,2023-07-03T06:00:00.000Z,25.0,,mgm,0
17044,RİZE ARTVİN HAVALİMANI,Rize,Pazar,Karadeniz,41.177687,40.835223,2023-07-03T06:00:00.000Z,24.5,,mgm,0
17056,TEKİRDAĞ,Tekirdağ,Süleymanpaşa,Marmara,40.957959,27.496181,2023-07-03T06:00:00.000Z,23.2,,mgm,0
17059,SARIYER/KUMKÖY-KİLYOS,İstanbul,Sarıyer,Karadeniz,41.25047,29.038367,2023-07-03T06:00:00.000Z,22.7,,mgm,0
17112,ÇANAKKALE,Çanakkale,Merkez,Marmara,40.141428,26.399616,2023-07-03T06:00:00.000Z,23.2,,mgm,0
17175,AYVALIK,Balıkesir,Ayvalık,Ege,39.311292,26.686445,2023-07-03T06:00:00.000Z,24.1,,mgm,0
17180,DİKİLİ,İzmir,Dikili,Ege,39.073861,26.888093,2023-07-03T06:00:00.000Z,24.7,,mgm,0
17220,İZMİR BÖLGE,İzmir,Konak,Ege,38.3945,27.0821,2023-07-03T06:00:00.000Z,27.1,,mgm,0
17221,ÇEŞME,İzmir,Çeşme,Ege,38.303858,26.372882,2023-07-03T06:00:00.000Z,26.8,,mgm,0
17232,KUŞADASI,Aydın,Kuşadası,Ege,37.859636,27.265115,2023-07-03T06:00:00.000Z,24.5,,mgm,0
17290,BODRUM,Muğla,Bodrum,Ege,37.032611,27.439801,2023-07-03T06:00:00.000Z,23.2,,mgm,0
17296,FETHİYE,Muğla,Fethiye,Akdeniz,36.626611,29.123804,2023-07-03T06:00:00.000Z,26.8,,mgm,0
17297,DATÇA,Muğla,Datça,Ege,36.707945,27.691918,2023-07-03T06:00:00.000Z,21.5,,mgm,0
17298,MARMARİS,Muğla,Marmaris,Akdeniz,36.83926,28.244995,2023-07-03T06:00:00.000Z,23.5,,mgm,0
17302,ANTALYA BÖLGE,Antalya,Muratpaşa,Akdeniz,36.885073,30.682793,2023-07-03T06:00:00.000Z,26.8,,mgm,0
17310,ALANYA,Antalya,Alanya,Akdeniz,36.54999,31.979822,2023-07-03T06:00:00.000Z,26.0,,mgm,0
17320,ANAMUR,Mersin,Anamur,Akdeniz,36.068614,32.864876,2023-07-03T06:00:00.000Z,25.6,,mgm,0
17340,MERSİN,Mersin,Yenişehir,Akdeniz,36.780904,34.603125,2023-07-03T06:00:00.000Z,27.4,,mgm,0
17370,İSKENDERUN,Hatay,İskenderun,Akdeniz,36.592358,36.158158,2023-07-03T06:00:00.000Z,24.2,,mgm,0
17375,FİNİKE,Antalya,Finike,Akdeniz,36.3024,30.1458,2023-07-03T06:00:00.000Z,26.7,,mgm,0
17380,KAŞ,Antalya,Kaş,Akdeniz,36.200579,29.649995,2023-07-03T06:00:00.000Z,26.0,,mgm,0
17473,KAŞ BAYINDIR ANA MENDİREK FENERİ,Antalya,Kaş,Akdeniz,36.183225,29.642011,2023-07-03T06:09:00.000Z,25.6,,mgm,0
17475,KEMER SIĞLIK FENERİ,Antalya,Kemer,Akdeniz,36.612395,30.574242,2023-07-03T17:17:00.000Z,28.1,,mgm,0
17395,AMASRA ŞAMANDIRA,Bartın,Amasra,Karadeniz,41.86081,32.57793,2023-07-03T20:00:00.000Z,24.0,,mgm,0
17396,SİNOP ŞAMANDIRA,Sinop,Merkez,Karadeniz,42.01086,34.80268,2023-07-03T20:00:00.000Z,25.4,,mgm,0
17397,ORDU ŞAMANDIRA,Ordu,Gülyalı,Karadeniz,41.048017,38.14585,2023-07-03T20:00:00.000Z,25.1,,mgm,0
17398,HOPA ŞAMANDIRA,Artvin,Hopa,Karadeniz,41.41104,41.32867,2023-07-03T20:00:00.000Z,25.9,,mgm,0
17438,SİLİVRİ ANA MENDİREK FENERİ,İstanbul,Silivri,Marmara,41.072866,28.238398,2023-07-03T20:03:00.000Z,24.3,,mgm,0
17448,TUZLA İTÜ GÜNEY MENDİREK FENERİ,İstanbul,Tuzla,Marmara,40.811828,29.297373,2023-07-03T20:03:00.000Z,24.4,,mgm,0
17430,GÖKÇEADA KALEKÖY ANA MENDİREK FENERİ,Çanakkale,Gökçeada,Ege,40.2317,25.8914,2023-07-03T20:05:00.000Z,24.9,,mgm,0
17433,GÖKÇEADA UĞURLU LİMAN FENERİ,Çanakkale,Gökçeada,Ege,40.1153,25.6989,2023-07-03T20:05:00.000Z,24.0,,mgm,0
17446,İNEBOLU KUZEY MENDİREK FENERİ,Kastamonu,İnebolu,Karadeniz,41.9817,33.7769,2023-07-03T20:05:00.000Z,26.5,,mgm,0
17381,KUŞADASI 3. NOLU ŞAMANDIRA,Aydın,Kuşadası,Ege,37.8458,27.2194,2023-07-03T20:06:00.000Z,24.8,,mgm,0
17387,GİRESUN PALAMUT KAYALIĞI MAHMUZ FENERİ,Giresun,Merkez,Karadeniz,40.9182,38.3783,2023-07-03T20:06:00.000Z,25.7,,mgm,0
17421,AYVALIK KANAL SANCAK A FENERİ,Balıkesir,Ayvalık,Ege,39.323394,26.640546,2023-07-03T20:06:00.000Z,25.8,,mgm,0
17426,BARTIN GÜNEY MENDİREK FENERİ,Bartın,Merkez,Karadeniz,41.6864,32.2261,2023-07-03T20:06:00.000Z,23.9,,mgm,0
17428,AYVACIK/GÜLPINAR ANA MENDİREK FENERİ,Çanakkale,Ayvacık,Ege,39.5658,26.0967,2023-07-03T20:06:00.000Z,24.7,,mgm,0
17429,ECEABAT/KABATEPE GÜNEY MENDİREK FENERİ,Çanakkale,Eceabat,Ege,40.2019,26.2669,2023-07-03T20:06:00.000Z,24.0,,mgm,0
17434,EZİNE YENİKÖY BAL.BAR. ANA MENDİREK FENERİ,Çanakkale,Ezine,Ege,39.9447,26.1611,2023-07-03T20:06:00.000Z,21.4,,mgm,0
17436,ENEZ TALİ MENDİREK FENERİ,Edirne,Enez,Ege,40.698218,26.051263,2023-07-03T20:06:00.000Z,23.5,,mgm,0
17437,TUZLA AYDINLI LİMAN FENERİ,İstanbul,Tuzla,Marmara,40.850611,29.271174,2023-07-03T20:06:00.000Z,26.3,,mgm,0
17441,GÜZELBAHÇE FENERİ,İzmir,Güzelbahçe,Ege,38.378579,26.885605,2023-07-03T20:06:00.000Z,29.6,,mgm,0
17442,KONAK/İZMİR PASAPORT MENDİREK FENERİ,İzmir,Konak,Ege,38.429236,27.131698,2023-07-03T20:06:00.000Z,28.1,,mgm,0
17445,CİDE KUZEY MENDİREK FENERİ,Kastamonu,Cide,Karadeniz,41.9006,32.9778,2023-07-03T20:06:00.000Z,24.2,,mgm,0
17452,YALOVA SAMANLIDERE TALİ (DOĞU) MENDİREK FENERİ,Yalova,Merkez,Marmara,40.660597,29.246969,2023-07-03T20:06:00.000Z,25.9,,mgm,0
17453,ZONGULDAK GÜNEY MENDİREK FENERİ,Zonguldak,Merkez,Karadeniz,41.458611,31.779166,2023-07-03T20:06:00.000Z,24.8,,mgm,0
17467,HOPA ANA MENDİREK FENERİ,Artvin,Hopa,Karadeniz,41.420291,41.429843,2023-07-03T20:06:00.000Z,26.5,,mgm,0
17470,İNCEBURUN (YILDIZADASI) MARMARİS FENERİ,Muğla,Marmaris,Akdeniz,36.813936,28.265907,2023-07-03T20:06:00.000Z,22.1,,mgm,0
17472,FETHİYE/İBLİSBURNU DÖKÜNTÜTAŞ FENERİ,Muğla,Fethiye,Akdeniz,36.5455556,29.0108333,2023-07-03T20:06:00.000Z,25.6,,mgm,0
17476,KONYAALTI/ANTALYA YENİ LİMAN ANA MENDİREK FENERİ,Antalya,Konyaaltı,Akdeniz,36.834011,30.616572,2023-07-03T20:06:00.000Z,28.1,,mgm,0
17480,KARATAŞ BALIKÇI BARINAĞI TALİ MENDİREK FENERİ,Adana,Karataş,Akdeniz,36.557986,35.383499,2023-07-03T20:06:00.000Z,28.2,,mgm,0
17482,VAN LİMAN,Van,Tuşba,Van Gölü,38.51486,43.307362,2023-07-03T20:06:00.000Z,22.6,,mgm,0
17483,TATVAN LİMAN,Bitlis,Tatvan,Van Gölü,38.512592,42.302103,2023-07-03T20:06:00.000Z,22.4,,mgm,0
17484,ADİLCEVAZ LİMAN,Bitlis,Adilcevaz,Van Gölü,38.797236,42.729931,2023-07-03T20:06:00.000Z,20.7,,mgm,0
17489,MUDANYA/GÜZELYALI BALIKÇI BARINAĞI,Bursa,Mudanya,Marmara,40.35612,28.934036,2023-07-03T20:06:00.000Z,24.4,,mgm,0
17491,GEVAŞ AKDAMAR FENERİ,Van,Gevaş,Van Gölü,38.309988,43.041398,2023-07-03T20:06:00.000Z,22.1,,mgm,0
17492,DİDİM MARİNA FENERİ,Aydın,Didim,Ege,37.3369,27.264,2023-07-03T20:06:00.000Z,26.8,,mgm,0
17386,BODRUM KARAADA SIĞLIK IŞIKLI ŞAMANDIRA,Muğla,Bodrum,Ege,37.0081,27.4142,2023-07-03T20:07:00.000Z,24.7,,mgm,0
17460,ÜNYE BALIKÇI BARINAĞI ANA MENDİREK FENERİ,Ordu,Ünye,Karadeniz,41.116448,37.348722,2023-07-03T20:07:00.000Z,23.9,,mgm,0
17465,ARAKLI BALIKÇI BARINAĞI TALİ MENDİREK FENERİ,Trabzon,Araklı,Karadeniz,40.945081,40.053776,2023-07-03T20:07:00.000Z,21.5,,mgm,0
17466,ÇAYELİ BALIKÇI BARINAĞI TALİ MENDİREK FENERİ,Rize,Çayeli,Karadeniz,41.090095,40.722557,2023-07-03T20:07:00.000Z,20.1,,mgm,0
17434,EZİNE YENİKÖY BAL.BAR. ANA MENDİREK FENERİ,Çanakkale,Ezine,Ege,39.9447,26.1611,2023-07-10T05:57:00.000Z,20.4,,mgm,0
17015,AKÇAKOCA,Düzce,Akçakoca,Karadeniz,41.089528,31.143039,2023-07-10T06:00:00.000Z,25.0,,mgm,0
17024,İNEBOLU,Kastamonu,İnebolu,Karadeniz,41.978937,33.762945,2023-07-10T06:00:00.000Z,23.0,,mgm,0
17026,SİNOP,Sinop,Merkez,Karadeniz,42.029821,35.154286,2023-07-10T06:00:00.000Z,23.2,,mgm,0
17030,SAMSUN BÖLGE,Samsun,Atakum,Karadeniz,41.344286,36.255794,2023-07-10T06:00:00.000Z,24.0,,mgm,0
17033,ORDU,Ordu,Altınordu,Karadeniz,40.983833,37.885833,2023-07-10T06:00:00.000Z,22.6,,mgm,0
17034,GİRESUN,Giresun,Merkez,Karadeniz,40.922667,38.387833,2023-07-10T06:00:00.000Z,25.0,,mgm,0
17038,TRABZON HAVALİMANI,Trabzon,Ortahisar,Karadeniz,40.999133,39.779248,2023-07-10T06:00:00.000Z,22.0,,mgm,0
17040,RİZE,Rize,Merkez,Karadeniz,41.04,40.501333,2023-07-10T06:00:00.000Z,22.0,,mgm,0
17042,HOPA,Artvin,Hopa,Karadeniz,41.4065,41.433,2023-07-10T06:00:00.000Z,25.2,,mgm,0
17044,RİZE ARTVİN HAVALİMANI,Rize,Pazar,Karadeniz,41.177687,40.835223,2023-07-10T06:00:00.000Z,24.7,,mgm,0
17056,TEKİRDAĞ,Tekirdağ,Süleymanpaşa,Marmara,40.957959,27.496181,2023-07-10T06:00:00.000Z,23.4,,mgm,0
17059,SARIYER/KUMKÖY-KİLYOS,İstanbul,Sarıyer,Karadeniz,41.25047,29.038367,2023-07-10T06:00:00.000Z,23.2,,mgm,0
17112,ÇANAKKALE,Çanakkale,Merkez,Marmara,40.141428,26.399616,2023-07-10T06:00:00.000Z,24.5,,mgm,0
17175,AYVALIK,Balıkesir,Ayvalık,Ege,39.311292,26.686445,2023-07-10T06:00:00.000Z,24.4,,mgm,0
17180,DİKİLİ,İzmir,Dikili,Ege,39.073861,26.888093,2023-07-10T06:00:00.000Z,26.0,,mgm,0
17220,İZMİR BÖLGE,İzmir,Konak,Ege,38.3945,27.0821,2023-07-10T06:00:00.000Z,27.8,,mgm,0
17221,ÇEŞME,İzmir,Çeşme,Ege,38.303858,26.372882,2023-07-10T06:00:00.000Z,26.8,,mgm,0
17232,KUŞADASI,Aydın,Kuşadası,Ege,37.859636,27.265115,2023-07-10T06:00:00.000Z,23.9,,mgm,0
17290,BODRUM,Muğla,Bodrum,Ege,37.032611,27.439801,2023-07-10T06:00:00.000Z,23.3,,mgm,0
17296,FETHİYE,Muğla,Fethiye,Akdeniz,36.626611,29.123804,2023-07-10T06:00:00.000Z,27.9,,mgm,0
17297,DATÇA,Muğla,Datça,Ege,36.707945,27.691918,2023-07-10T06:00:00.000Z,20.5,,mgm,0
17298,MARMARİS,Muğla,Marmaris,Akdeniz,36.83926,28.244995,2023-07-10T06:00:00.000Z,24.0,,mgm,0
17302,ANTALYA BÖLGE,Antalya,Muratpaşa,Akdeniz,36.885073,30.682793,2023-07-10T06:00:00.000Z,27.2,,mgm,0
17310,ALANYA,Antalya,Alanya,Akdeniz,36.54999,31.979822,2023-07-10T06:00:00.000Z,26.7,,mgm,0
17320,ANAMUR,Mersin,Anamur,Akdeniz,36.068614,32.864876,2023-07-10T06:00:00.000Z,27.0,,mgm,0
17340,MERSİN,Mersin,Yenişehir,Akdeniz,36.780904,34.603125,2023-07-10T06:00:00.000Z,27.5,,mgm,0
17370,İSKENDERUN,Hatay,İskenderun,Akdeniz,36.592358,36.158158,2023-07-10T06:00:00.000Z,27.4,,mgm,0
17375,FİNİKE,Antalya,Finike,Akdeniz,36.3024,30.1458,2023-07-10T06:00:00.000Z,27.7,,mgm,0
17380,KAŞ,Antalya,Kaş,Akdeniz,36.200579,29.649995,2023-07-10T06:00:00.000Z,27.3,,mgm,0
17381,KUŞADASI 3. NOLU ŞAMANDIRA,Aydın,Kuşadası,Ege,37.8458,27.2194,2023-07-10T10:09:00.000Z,24.0,,mgm,0
17491,GEVAŞ AKDAMAR FENERİ,Van,Gevaş,Van Gölü,38.309988,43.041398,2023-07-10T13:53:00.000Z,24.4,,mgm,0
17475,KEMER SIĞLIK FENERİ,Antalya,Kemer,Akdeniz,36.612395,30.574242,2023-07-10T16:56:00.000Z,27.9,,mgm,0
17438,SİLİVRİ ANA MENDİREK FENERİ,İstanbul,Silivri,Marmara,41.072866,28.238398,2023-07-10T17:29:00.000Z,24.2,,mgm,0
17448,TUZLA İTÜ GÜNEY MENDİREK FENERİ,İstanbul,Tuzla,Marmara,40.811828,29.297373,2023-07-10T17:29:00.000Z,23.1,,mgm,0
17446,İNEBOLU KUZEY MENDİREK FENERİ,Kastamonu,İnebolu,Karadeniz,41.9817,33.7769,2023-07-10T17:30:00.000Z,24.6,,mgm,0
17430,GÖKÇEADA KALEKÖY ANA MENDİREK FENERİ,Çanakkale,Gökçeada,Ege,40.2317,25.8914,2023-07-10T17:32:00.000Z,26.1,,mgm,0
17433,GÖKÇEADA UĞURLU LİMAN FENERİ,Çanakkale,Gökçeada,Ege,40.1153,25.6989,2023-07-10T17:32:00.000Z,24.9,,mgm,0
17385,MERSİN GÜNEY MENDİREK İSTİKAMET FENERİ,Mersin,Akdeniz,Akdeniz,36.784036,34.635222,2023-07-10T17:33:00.000Z,31.8,,mgm,0
17387,GİRESUN PALAMUT KAYALIĞI MAHMUZ FENERİ,Giresun,Merkez,Karadeniz,40.9182,38.3783,2023-07-10T17:33:00.000Z,25.6,,mgm,0
17421,AYVALIK KANAL SANCAK A FENERİ,Balıkesir,Ayvalık,Ege,39.323394,26.640546,2023-07-10T17:33:00.000Z,26.1,,mgm,0
17426,BARTIN GÜNEY MENDİREK FENERİ,Bartın,Merkez,Karadeniz,41.6864,32.2261,2023-07-10T17:33:00.000Z,24.3,,mgm,0
17428,AYVACIK/GÜLPINAR ANA MENDİREK FENERİ,Çanakkale,Ayvacık,Ege,39.5658,26.0967,2023-07-10T17:33:00.000Z,23.6,,mgm,0
17429,ECEABAT/KABATEPE GÜNEY MENDİREK FENERİ,Çanakkale,Eceabat,Ege,40.2019,26.2669,2023-07-10T17:33:00.000Z,25.0,,mgm,0
17432,EZİNE/GEYİKLİ ODUNLUK İSKELE FENERİ,Çanakkale,Ezine,Ege,39.818998,26.160008,2023-07-10T17:33:00.000Z,20.5,,mgm,0
17437,TUZLA AYDINLI LİMAN FENERİ,İstanbul,Tuzla,Marmara,40.850611,29.271174,2023-07-10T17:33:00.000Z,24.3,,mgm,0
17441,GÜZELBAHÇE FENERİ,İzmir,Güzelbahçe,Ege,38.378579,26.885605,2023-07-10T17:33:00.000Z,29.0,,mgm,0
17442,KONAK/İZMİR PASAPORT MENDİREK FENERİ,İzmir,Konak,Ege,38.429236,27.131698,2023-07-10T17:33:00.000Z,27.9,,mgm,0
17445,CİDE KUZEY MENDİREK FENERİ,Kastamonu,Cide,Karadeniz,41.9006,32.9778,2023-07-10T17:33:00.000Z,24.0,,mgm,0
17452,YALOVA SAMANLIDERE TALİ (DOĞU) MENDİREK FENERİ,Yalova,Merkez,Marmara,40.660597,29.246969,2023-07-10T17:33:00.000Z,26.5,,mgm,0
17453,ZONGULDAK GÜNEY MENDİREK FENERİ,Zonguldak,Merkez,Karadeniz,41.458611,31.779166,2023-07-10T17:33:00.000Z,23.8,,mgm,0
17467,HOPA ANA MENDİREK FENERİ,Artvin,Hopa,Karadeniz,41.420291,41.429843,2023-07-10T17:33:00.000Z,26.2,,mgm,0
17470,İNCEBURUN (YILDIZADASI) MARMARİS FENERİ,Muğla,Marmaris,Akdeniz,36.813936,28.265907,2023-07-10T17:33:00.000Z,21.3,,mgm,0
17472,FETHİYE/İBLİSBURNU DÖKÜNTÜTAŞ FENERİ,Muğla,Fethiye,Akdeniz,36.5455556,29.0108333,2023-07-10T17:33:00.000Z,24.0,,mgm,0
17476,KONYAALTI/ANTALYA YENİ LİMAN ANA MENDİREK FENERİ,Antalya,Konyaaltı,Akdeniz,36.834011,30.616572,2023-07-10T17:33:00.000Z,26.4,,mgm,0
17480,KARATAŞ BALIKÇI BARINAĞI TALİ MENDİREK FENERİ,Adana,Karataş,Akdeniz,36.557986,35.383499,2023-07-10T17:33:00.000Z,28.3,,mgm,0
17482,VAN LİMAN,Van,Tuşba,Van Gölü,38.51486,43.307362,2023-07-10T17:33:00.000Z,22.4,,mgm,0
17483,TATVAN LİMAN,Bitlis,Tatvan,Van Gölü,38.512592,42.302103,2023-07-10T17:33:00.000Z,21.1,,mgm,0
17484,ADİLCEVAZ LİMAN,Bitlis,Adilcevaz,Van Gölü,38.797236,42.729931,2023-07-10T17:33:00.000Z,21.7,,mgm,0
17489,MUDANYA/GÜZELYALI BALIKÇI BARINAĞI,Bursa,Mudanya,Marmara,40.35612,28.934036,2023-07-10T17:33:00.000Z,24.1,,mgm,0
17492,DİDİM MARİNA FENERİ,Aydın,Didim,Ege,37.3369,27.264,2023-07-10T17:33:00.000Z,24.8,,mgm,0
17386,BODRUM KARAADA SIĞLIK IŞIKLI ŞAMANDIRA,Muğla,Bodrum,Ege,37.0081,27.4142,2023-07-10T17:34:00.000Z,24.2,,mgm,0
17436,ENEZ TALİ MENDİREK FENERİ,Edirne,Enez,Ege,40.698218,26.051263,2023-07-10T17:34:00.000Z,24.9,,mgm,0
17460,ÜNYE BALIKÇI BARINAĞI ANA MENDİREK FENERİ,Ordu,Ünye,Karadeniz,41.116448,37.348722,2023-07-10T17:34:00.000Z,23.5,,mgm,0
17466,ÇAYELİ BALIKÇI BARINAĞI TALİ MENDİREK FENERİ,Rize,Çayeli,Karadeniz,41.090095,40.722557,2023-07-10T17:34:00.000Z,20.8,,mgm,0
17465,ARAKLI BALIKÇI BARINAĞI TALİ MENDİREK FENERİ,Trabzon,Araklı,Karadeniz,40.945081,40.053776,2023-07-10T17:35:00.000Z,22.6,,mgm,0
17479,SİLİFKE/TAŞUCU SEKA ANA MENDİREK FENERİ,Mersin,Silifke,Akdeniz,36.309162,33.889845,2023-07-10T17:35:00.000Z,24.5,,mgm,0
17015,AKÇAKOCA,Düzce,Akçakoca,Karadeniz,41.089528,31.143039,2023-07-12T06:00:00.000Z,25.0,,mgm,0
17024,İNEBOLU,Kastamonu,İnebolu,Karadeniz,41.978937,33.762945,2023-07-12T06:00:00.000Z,23.1,,mgm,0
17026,SİNOP,Sinop,Merkez,Karadeniz,42.029821,35.154286,2023-07-12T06:00:00.000Z,23.8,,mgm,0
17030,SAMSUN BÖLGE,Samsun,Atakum,Karadeniz,41.344286,36.255794,2023-07-12T06:00:00.000Z,24.0,,mgm,0
17033,ORDU,Ordu,Altınordu,Karadeniz,40.983833,37.885833,2023-07-12T06:00:00.000Z,22.7,,mgm,0
17034,GİRESUN,Giresun,Merkez,Karadeniz,40.922667,38.387833,2023-07-12T06:00:00.000Z,25.0,,mgm,0
17038,TRABZON HAVALİMANI,Trabzon,Ortahisar,Karadeniz,40.999133,39.779248,2023-07-12T06:00:00.000Z,22.0,,mgm,0
17040,RİZE,Rize,Merkez,Karadeniz,41.04,40.501333,2023-07-12T06:00:00.000Z,22.3,,mgm,0
17042,HOPA,Artvin,Hopa,Karadeniz,41.4065,41.433,2023-07-12T06:00:00.000Z,25.3,,mgm,0
17044,RİZE ARTVİN HAVALİMANI,Rize,Pazar,Karadeniz,41.177687,40.835223,2023-07-12T06:00:00.000Z,23.6,,mgm,0
17056,TEKİRDAĞ,Tekirdağ,Süleymanpaşa,Marmara,40.957959,27.496181,2023-07-12T06:00:00.000Z,23.6,,mgm,0
17059,SARIYER/KUMKÖY-KİLYOS,İstanbul,Sarıyer,Karadeniz,41.25047,29.038367,2023-07-12T06:00:00.000Z,23.4,,mgm,0
17112,ÇANAKKALE,Çanakkale,Merkez,Marmara,40.141428,26.399616,2023-07-12T06:00:00.000Z,24.8,,mgm,0
17175,AYVALIK,Balıkesir,Ayvalık,Ege,39.311292,26.686445,2023-07-12T06:00:00.000Z,24.5,,mgm,0
17180,DİKİLİ,İzmir,Dikili,Ege,39.073861,26.888093,2023-07-12T06:00:00.000Z,26.0,,mgm,0
17220,İZMİR BÖLGE,İzmir,Konak,Ege,38.3945,27.0821,2023-07-12T06:00:00.000Z,27.7,,mgm,0
17221,ÇEŞME,İzmir,Çeşme,Ege,38.303858,26.372882,2023-07-12T06:00:00.000Z,27.0,,mgm,0
17232,KUŞADASI,Aydın,Kuşadası,Ege,37.859636,27.265115,2023-07-12T06:00:00.000Z,23.8,,mgm,0
17290,BODRUM,Muğla,Bodrum,Ege,37.032611,27.439801,2023-07-12T06:00:00.000Z,24.0,,mgm,0
17296,FETHİYE,Muğla,Fethiye,Akdeniz,36.626611,29.123804,2023-07-12T06:00:00.000Z,27.7,,mgm,0
17297,DATÇA,Muğla,Datça,Ege,36.707945,27.691918,2023-07-12T06:00:00.000Z,22.0,,mgm,0
17298,MARMARİS,Muğla,Marmaris,Akdeniz,36.83926,28.244995,2023-07-12T06:00:00.000Z,24.0,,mgm,0
17302,ANTALYA BÖLGE,Antalya,Muratpaşa,Akdeniz,36.885073,30.682793,2023-07-12T06:00:00.000Z,24.9,,mgm,0
17310,ALANYA,Antalya,Alanya,Akdeniz,36.54999,31.979822,2023-07-12T06:00:00.000Z,26.8,,mgm,0
17320,ANAMUR,Mersin,Anamur,Akdeniz,36.068614,32.864876,2023-07-12T06:00:00.000Z,27.0,,mgm,0
17340,MERSİN,Mersin,Yenişehir,Akdeniz,36.780904,34.603125,2023-07-12T06:00:00.000Z,28.3,,mgm,0
17370,İSKENDERUN,Hatay,İskenderun,Akdeniz,36.592358,36.158158,2023-07-12T06:00:00.000Z,28.3,,mgm,0
17375,FİNİKE,Antalya,Finike,Akdeniz,36.3024,30.1458,2023-07-12T06:00:00.000Z,28.0,,mgm,0
17380,KAŞ,Antalya,Kaş,Akdeniz,36.200579,29.649995,2023-07-12T06:00:00.000Z,27.6,,mgm,0
17438,SİLİVRİ ANA MENDİREK FENERİ,İstanbul,Silivri,Marmara,41.072866,28.238398,2023-07-12T17:19:00.000Z,25.6,,mgm,0
17448,TUZLA İTÜ GÜNEY MENDİREK FENERİ,İstanbul,Tuzla,Marmara,40.811828,29.297373,2023-07-12T17:19:00.000Z,25.0,,mgm,0
17475,KEMER SIĞLIK FENERİ,Antalya,Kemer,Akdeniz,36.612395,30.574242,2023-07-12T17:19:00.000Z,26.9,,mgm,0
17430,GÖKÇEADA KALEKÖY ANA MENDİREK FENERİ,Çanakkale,Gökçeada,Ege,40.2317,25.8914,2023-07-12T17:23:00.000Z,28.2,,mgm,0
17432,EZİNE/GEYİKLİ ODUNLUK İSKELE FENERİ,Çanakkale,Ezine,Ege,39.818998,26.160008,2023-07-12T17:23:00.000Z,21.4,,mgm,0
17433,GÖKÇEADA UĞURLU LİMAN FENERİ,Çanakkale,Gökçeada,Ege,40.1153,25.6989,2023-07-12T17:23:00.000Z,27.5,,mgm,0
17381,KUŞADASI 3. NOLU ŞAMANDIRA,Aydın,Kuşadası,Ege,37.8458,27.2194,2023-07-12T17:24:00.000Z,25.3,,mgm,0
17385,MERSİN GÜNEY MENDİREK İSTİKAMET FENERİ,Mersin,Akdeniz,Akdeniz,36.784036,34.635222,2023-07-12T17:24:00.000Z,30.2,,mgm,0
17387,GİRESUN PALAMUT KAYALIĞI MAHMUZ FENERİ,Giresun,Merkez,Karadeniz,40.9182,38.3783,2023-07-12T17:24:00.000Z,25.0,,mgm,0
17426,BARTIN GÜNEY MENDİREK FENERİ,Bartın,Merkez,Karadeniz,41.6864,32.2261,2023-07-12T17:24:00.000Z,23.0,,mgm,0
17428,AYVACIK/GÜLPINAR ANA MENDİREK FENERİ,Çanakkale,Ayvacık,Ege,39.5658,26.0967,2023-07-12T17:24:00.000Z,25.8,,mgm,0
17429,ECEABAT/KABATEPE GÜNEY MENDİREK FENERİ,Çanakkale,Eceabat,Ege,40.2019,26.2669,2023-07-12T17:24:00.000Z,26.8,,mgm,0
17434,EZİNE YENİKÖY BAL.BAR. ANA MENDİREK FENERİ,Çanakkale,Ezine,Ege,39.9447,26.1611,2023-07-12T17:24:00.000Z,24.0,,mgm,0
17436,ENEZ TALİ MENDİREK FENERİ,Edirne,Enez,Ege,40.698218,26.051263,2023-07-12T17:24:00.000Z,26.6,,mgm,0
17437,TUZLA AYDINLI LİMAN FENERİ,İstanbul,Tuzla,Marmara,40.850611,29.271174,2023-07-12T17:24:00.000Z,26.4,,mgm,0
17441,GÜZELBAHÇE FENERİ,İzmir,Güzelbahçe,Ege,38.378579,26.885605,2023-07-12T17:24:00.000Z,30.0,,mgm,0
17442,KONAK/İZMİR PASAPORT MENDİREK FENERİ,İzmir,Konak,Ege,38.429236,27.131698,2023-07-12T17:24:00.000Z,28.2,,mgm,0
17445,CİDE KUZEY MENDİREK FENERİ,Kastamonu,Cide,Karadeniz,41.9006,32.9778,2023-07-12T17:24:00.000Z,26.5,,mgm,0
17446,İNEBOLU KUZEY MENDİREK FENERİ,Kastamonu,İnebolu,Karadeniz,41.9817,33.7769,2023-07-12T17:24:00.000Z,26.7,,mgm,0
17449,KANDIRA/KEFKEN ADASI DOĞU MENDİREK FENERİ,Kocaeli,Kandıra,Karadeniz,41.211869,30.260694,2023-07-12T17:24:00.000Z,26.1,,mgm,0
17452,YALOVA SAMANLIDERE TALİ (DOĞU) MENDİREK FENERİ,Yalova,Merkez,Marmara,40.660597,29.246969,2023-07-12T17:24:00.000Z,26.4,,mgm,0
17453,ZONGULDAK GÜNEY MENDİREK FENERİ,Zonguldak,Merkez,Karadeniz,41.458611,31.779166,2023-07-12T17:24:00.000Z,25.2,,mgm,0
17467,HOPA ANA MENDİREK FENERİ,Artvin,Hopa,Karadeniz,41.420291,41.429843,2023-07-12T17:24:00.000Z,28.2,,mgm,0
17470,İNCEBURUN (YILDIZADASI) MARMARİS FENERİ,Muğla,Marmaris,Akdeniz,36.813936,28.265907,2023-07-12T17:24:00.000Z,23.0,,mgm,0
17472,FETHİYE/İBLİSBURNU DÖKÜNTÜTAŞ FENERİ,Muğla,Fethiye,Akdeniz,36.5455556,29.0108333,2023-07-12T17:24:00.000Z,29.3,,mgm,0
17476,KONYAALTI/ANTALYA YENİ LİMAN ANA MENDİREK FENERİ,Antalya,Konyaaltı,Akdeniz,36.834011,30.616572,2023-07-12T17:24:00.000Z,26.0,,mgm,0
17482,VAN LİMAN,Van,Tuşba,Van Gölü,38.51486,43.307362,2023-07-12T17:24:00.000Z,22.5,,mgm,0
17483,TATVAN LİMAN,Bitlis,Tatvan,Van Gölü,38.512592,42.302103,2023-07-12T17:24:00.000Z,22.5,,mgm,0
17484,ADİLCEVAZ LİMAN,Bitlis,Adilcevaz,Van Gölü,38.797236,42.729931,2023-07-12T17:24:00.000Z,21.6,,mgm,0
17491,GEVAŞ AKDAMAR FENERİ,Van,Gevaş,Van Gölü,38.309988,43.041398,2023-07-12T17:24:00.000Z,23.7,,mgm,0
17492,DİDİM MARİNA FENERİ,Aydın,Didim,Ege,37.3369,27.264,2023-07-12T17:24:00.000Z,25.1,,mgm,0
17386,BODRUM KARAADA SIĞLIK IŞIKLI ŞAMANDIRA,Muğla,Bodrum,Ege,37.0081,27.4142,2023-07-12T17:25:00.000Z,23.3,,mgm,0
17460,ÜNYE BALIKÇI BARINAĞI ANA MENDİREK FENERİ,Ordu,Ünye,Karadeniz,41.116448,37.348722,2023-07-12T17:25:00.000Z,24.3,,mgm,0
17480,KARATAŞ BALIKÇI BARINAĞI TALİ MENDİREK FENERİ,Adana,Karataş,Akdeniz,36.557986,35.383499,2023-07-12T17:25:00.000Z,28.0,,mgm,0
17489,MUDANYA/GÜZELYALI BALIKÇI BARINAĞI,Bursa,Mudanya,Marmara,40.35612,28.934036,2023-07-12T17:25:00.000Z,24.9,,mgm,0
17465,ARAKLI BALIKÇI BARINAĞI TALİ MENDİREK FENERİ,Trabzon,Araklı,Karadeniz,40.945081,40.053776,2023-07-12T17:26:00.000Z,22.4,,mgm,0
17466,ÇAYELİ BALIKÇI BARINAĞI TALİ MENDİREK FENERİ,Rize,Çayeli,Karadeniz,41.090095,40.722557,2023-07-12T17:26:00.000Z,20.3,,mgm,0
17479,SİLİFKE/TAŞUCU SEKA ANA MENDİREK FENERİ,Mersin,Silifke,Akdeniz,36.309162,33.889845,2023-07-12T17:26:00.000Z,24.7,,mgm,0
17475,KEMER SIĞLIK FENERİ,Antalya,Kemer,Akdeniz,36.612395,30.574242,2023-07-13T17:27:00.000Z,26.7,,mgm,0
17015,AKÇAKOCA,Düzce,Akçakoca,Karadeniz,41.089528,31.143039,2023-07-14T06:00:00.000Z,25.2,,mgm,0
17024,İNEBOLU,Kastamonu,İnebolu,Karadeniz,41.978937,33.762945,2023-07-14T06:00:00.000Z,25.1,,mgm,0
17026,SİNOP,Sinop,Merkez,Karadeniz,42.029821,35.154286,2023-07-14T06:00:00.000Z,24.3,,mgm,0
17030,SAMSUN BÖLGE,Samsun,Atakum,Karadeniz,41.344286,36.255794,2023-07-14T06:00:00.000Z,24.2,,mgm,0
17033,ORDU,Ordu,Altınordu,Karadeniz,40.983833,37.885833,2023-07-14T06:00:00.000Z,23.6,,mgm,0
17034,GİRESUN,Giresun,Merkez,Karadeniz,40.922667,38.387833,2023-07-14T06:00:00.000Z,25.0,,mgm,0
17038,TRABZON HAVALİMANI,Trabzon,Ortahisar,Karadeniz,40.999133,39.779248,2023-07-14T06:00:00.000Z,22.0,,mgm,0
17040,RİZE,Rize,Merkez,Karadeniz,41.04,40.501333,2023-07-14T06:00:00.000Z,23.0,,mgm,0
17042,HOPA,Artvin,Hopa,Karadeniz,41.4065,41.433,2023-07-14T06:00:00.000Z,25.8,,mgm,0
17044,RİZE ARTVİN HAVALİMANI,Rize,Pazar,Karadeniz,41.177687,40.835223,2023-07-14T06:00:00.000Z,23.9,,mgm,0
17056,TEKİRDAĞ,Tekirdağ,Süleymanpaşa,Marmara,40.957959,27.496181,2023-07-14T06:00:00.000Z,24.6,,mgm,0
17059,SARIYER/KUMKÖY-KİLYOS,İstanbul,Sarıyer,Karadeniz,41.25047,29.038367,2023-07-14T06:00:00.000Z,23.9,,mgm,0
17112,ÇANAKKALE,Çanakkale,Merkez,Marmara,40.141428,26.399616,2023-07-14T06:00:00.000Z,25.3,,mgm,0
17175,AYVALIK,Balıkesir,Ayvalık,Ege,39.311292,26.686445,2023-07-14T06:00:00.000Z,24.6,,mgm,0
17180,DİKİLİ,İzmir,Dikili,Ege,39.073861,26.888093,2023-07-14T06:00:00.000Z,26.3,,mgm,0
17220,İZMİR BÖLGE,İzmir,Konak,Ege,38.3945,27.0821,2023-07-14T06:00:00.000Z,28.3,,mgm,0
17221,ÇEŞME,İzmir,Çeşme,Ege,38.303858,26.372882,2023-07-14T06:00:00.000Z,27.4,,mgm,0
17232,KUŞADASI,Aydın,Kuşadası,Ege,37.859636,27.265115,2023-07-14T06:00:00.000Z,25.4,,mgm,0
17290,BODRUM,Muğla,Bodrum,Ege,37.032611,27.439801,2023-07-14T06:00:00.000Z,24.0,,mgm,0
17296,FETHİYE,Muğla,Fethiye,Akdeniz,36.626611,29.123804,2023-07-14T06:00:00.000Z,27.9,,mgm,0
17297,DATÇA,Muğla,Datça,Ege,36.707945,27.691918,2023-07-14T06:00:00.000Z,22.9,,mgm,0
17298,MARMARİS,Muğla,Marmaris,Akdeniz,36.83926,28.244995,2023-07-14T06:00:00.000Z,24.7,,mgm,0
17302,ANTALYA BÖLGE,Antalya,Muratpaşa,Akdeniz,36.885073,30.682793,2023-07-14T06:00:00.000Z,25.9,,mgm,0
17310,ALANYA,Antalya,Alanya,Akdeniz,36.54999,31.979822,2023-07-14T06:00:00.000Z,27.0,,mgm,0
17320,ANAMUR,Mersin,Anamur,Akdeniz,36.068614,32.864876,2023-07-14T06:00:00.000Z,27.0,,mgm,0
17340,MERSİN,Mersin,Yenişehir,Akdeniz,36.780904,34.603125,2023-07-14T06:00:00.000Z,28.5,,mgm,0
17370,İSKENDERUN,Hatay,İskenderun,Akdeniz,36.592358,36.158158,2023-07-14T06:00:00.000Z,28.0,,mgm,0
17375,FİNİKE,Antalya,Finike,Akdeniz,36.3024,30.1458,2023-07-14T06:00:00.000Z,28.3,,mgm,0
17380,KAŞ,Antalya,Kaş,Akdeniz,36.200579,29.649995,2023-07-14T06:00:00.000Z,27.9,,mgm,0
17467,HOPA ANA MENDİREK FENERİ,Artvin,Hopa,Karadeniz,41.420291,41.429843,2023-07-14T08:05:00.000Z,27.6,,mgm,0
17438,SİLİVRİ ANA MENDİREK FENERİ,İstanbul,Silivri,Marmara,41.072866,28.238398,2023-07-14T14:49:00.000Z,26.4,,mgm,0
17448,TUZLA İTÜ GÜNEY MENDİREK FENERİ,İstanbul,Tuzla,Marmara,40.811828,29.297373,2023-07-14T14:49:00.000Z,27.1,,mgm,0
17452,YALOVA SAMANLIDERE TALİ (DOĞU) MENDİREK FENERİ,Yalova,Merkez,Marmara,40.660597,29.246969,2023-07-14T14:52:00.000Z,28.2,,mgm,0
17430,GÖKÇEADA KALEKÖY ANA MENDİREK FENERİ,Çanakkale,Gökçeada,Ege,40.2317,25.8914,2023-07-14T14:53:00.000Z,29.7,,mgm,0
17433,GÖKÇEADA UĞURLU LİMAN FENERİ,Çanakkale,Gökçeada,Ege,40.1153,25.6989,2023-07-14T14:53:00.000Z,27.5,,mgm,0
17381,KUŞADASI 3. NOLU ŞAMANDIRA,Aydın,Kuşadası,Ege,37.8458,27.2194,2023-07-14T14:54:00.000Z,25.4,,mgm,0
17387,GİRESUN PALAMUT KAYALIĞI MAHMUZ FENERİ,Giresun,Merkez,Karadeniz,40.9182,38.3783,2023-07-14T14:54:00.000Z,26.1,,mgm,0
17426,BARTIN GÜNEY MENDİREK FENERİ,Bartın,Merkez,Karadeniz,41.6864,32.2261,2023-07-14T14:54:00.000Z,23.6,,mgm,0
17428,AYVACIK/GÜLPINAR ANA MENDİREK FENERİ,Çanakkale,Ayvacık,Ege,39.5658,26.0967,2023-07-14T14:54:00.000Z,22.9,,mgm,0
17429,ECEABAT/KABATEPE GÜNEY MENDİREK FENERİ,Çanakkale,Eceabat,Ege,40.2019,26.2669,2023-07-14T14:54:00.000Z,29.2,,mgm,0
17432,EZİNE/GEYİKLİ ODUNLUK İSKELE FENERİ,Çanakkale,Ezine,Ege,39.818998,26.160008,2023-07-14T14:54:00.000Z,22.7,,mgm,0
17434,EZİNE YENİKÖY BAL.BAR. ANA MENDİREK FENERİ,Çanakkale,Ezine,Ege,39.9447,26.1611,2023-07-14T14:54:00.000Z,23.5,,mgm,0
17437,TUZLA AYDINLI LİMAN FENERİ,İstanbul,Tuzla,Marmara,40.850611,29.271174,2023-07-14T14:54:00.000Z,27.8,,mgm,0
17441,GÜZELBAHÇE FENERİ,İzmir,Güzelbahçe,Ege,38.378579,26.885605,2023-07-14T14:54:00.000Z,31.4,,mgm,0
17442,KONAK/İZMİR PASAPORT MENDİREK FENERİ,İzmir,Konak,Ege,38.429236,27.131698,2023-07-14T14:54:00.000Z,29.1,,mgm,0
17445,CİDE KUZEY MENDİREK FENERİ,Kastamonu,Cide,Karadeniz,41.9006,32.9778,2023-07-14T14:54:00.000Z,24.9,,mgm,0
17446,İNEBOLU KUZEY MENDİREK FENERİ,Kastamonu,İnebolu,Karadeniz,41.9817,33.7769,2023-07-14T14:54:00.000Z,25.1,,mgm,0
17449,KANDIRA/KEFKEN ADASI DOĞU MENDİREK FENERİ,Kocaeli,Kandıra,Karadeniz,41.211869,30.260694,2023-07-14T14:54:00.000Z,25.4,,mgm,0
17453,ZONGULDAK GÜNEY MENDİREK FENERİ,Zonguldak,Merkez,Karadeniz,41.458611,31.779166,2023-07-14T14:54:00.000Z,25.2,,mgm,0
17470,İNCEBURUN (YILDIZADASI) MARMARİS FENERİ,Muğla,Marmaris,Akdeniz,36.813936,28.265907,2023-07-14T14:54:00.000Z,24.0,,mgm,0
17472,FETHİYE/İBLİSBURNU DÖKÜNTÜTAŞ FENERİ,Muğla,Fethiye,Akdeniz,36.5455556,29.0108333,2023-07-14T14:54:00.000Z,29.9,,mgm,0
17476,KONYAALTI/ANTALYA YENİ LİMAN ANA MENDİREK FENERİ,Antalya,Konyaaltı,Akdeniz,36.834011,30.616572,2023-07-14T14:54:00.000Z,27.9,,mgm,0
17482,VAN LİMAN,Van,Tuşba,Van Gölü,38.51486,43.307362,2023-07-14T14:54:00.000Z,24.6,,mgm,0
17483,TATVAN LİMAN,Bitlis,Tatvan,Van Gölü,38.512592,42.302103,2023-07-14T14:54:00.000Z,23.9,,mgm,0
17484,ADİLCEVAZ LİMAN,Bitlis,Adilcevaz,Van Gölü,38.797236,42.729931,2023-07-14T14:54:00.000Z,22.2,,mgm,0
17491,GEVAŞ AKDAMAR FENERİ,Van,Gevaş,Van Gölü,38.309988,43.041398,2023-07-14T14:54:00.000Z,24.5,,mgm,0
17492,DİDİM MARİNA FENERİ,Aydın,Didim,Ege,37.3369,27.264,2023-07-14T14:54:00.000Z,26.5,,mgm,0
17386,BODRUM KARAADA SIĞLIK IŞIKLI ŞAMANDIRA,Muğla,Bodrum,Ege,37.0081,27.4142,2023-07-14T14:55:00.000Z,24.0,,mgm,0
17436,ENEZ TALİ MENDİREK FENERİ,Edirne,Enez,Ege,40.698218,26.051263,2023-07-14T14:55:00.000Z,26.6,,mgm,0
17460,ÜNYE BALIKÇI BARINAĞI ANA MENDİREK FENERİ,Ordu,Ünye,Karadeniz,41.116448,37.348722,2023-07-14T14:55:00.000Z,24.6,,mgm,0
17466,ÇAYELİ BALIKÇI BARINAĞI TALİ MENDİREK FENERİ,Rize,Çayeli,Karadeniz,41.090095,40.722557,2023-07-14T14:55:00.000Z,20.6,,mgm,0
17480,KARATAŞ BALIKÇI BARINAĞI TALİ MENDİREK FENERİ,Adana,Karataş,Akdeniz,36.557986,35.383499,2023-07-14T14:55:00.000Z,29.3,,mgm,0
17489,MUDANYA/GÜZELYALI BALIKÇI BARINAĞI,Bursa,Mudanya,Marmara,40.35612,28.934036,2023-07-14T14:55:00.000Z,26.3,,mgm,0
17465,ARAKLI BALIKÇI BARINAĞI TALİ MENDİREK FENERİ,Trabzon,Araklı,Karadeniz,40.945081,40.053776,2023-07-14T14:56:00.000Z,23.3,,mgm,0
17479,SİLİFKE/TAŞUCU SEKA ANA MENDİREK FENERİ,Mersin,Silifke,Akdeniz,36.309162,33.889845,2023-07-14T14:56:00.000Z,26.6,,mgm,0
17470,İNCEBURUN (YILDIZADASI) MARMARİS FENERİ,Muğla,Marmaris,Akdeniz,36.813936,28.265907,2023-07-14T17:27:00.000Z,25.3,,mgm,0
17475,KEMER SIĞLIK FENERİ,Antalya,Kemer,Akdeniz,36.612395,30.574242,2023-07-14T18:09:00.000Z,27.6,,mgm,0
17015,AKÇAKOCA,Düzce,Akçakoca,Karadeniz,41.089528,31.143039,2023-07-15T06:00:00.000Z,25.4,,mgm,0
17024,İNEBOLU,Kastamonu,İnebolu,Karadeniz,41.978937,33.762945,2023-07-15T06:00:00.000Z,24.3,,mgm,0
17026,SİNOP,Sinop,Merkez,Karadeniz,42.029821,35.154286,2023-07-15T06:00:00.000Z,24.5,,mgm,0
17030,SAMSUN BÖLGE,Samsun,Atakum,Karadeniz,41.344286,36.255794,2023-07-15T06:00:00.000Z,24.2,,mgm,0
17033,ORDU,Ordu,Altınordu,Karadeniz,40.983833,37.885833,2023-07-15T06:00:00.000Z,23.6,,mgm,0
17034,GİRESUN,Giresun,Merkez,Karadeniz,40.922667,38.387833,2023-07-15T06:00:00.000Z,25.0,,mgm,0
17038,TRABZON HAVALİMANI,Trabzon,Ortahisar,Karadeniz,40.999133,39.779248,2023-07-15T06:00:00.000Z,22.2,,mgm,0
17040,RİZE,Rize,Merkez,Karadeniz,41.04,40.501333,2023-07-15T06:00:00.000Z,23.3,,mgm,0
17044,RİZE ARTVİN HAVALİMANI,Rize,Pazar,Karadeniz,41.177687,40.835223,2023-07-15T06:00:00.000Z,24.2,,mgm,0
17056,TEKİRDAĞ,Tekirdağ,Süleymanpaşa,Marmara,40.957959,27.496181,2023-07-15T06:00:00.000Z,24.7,,mgm,0
17059,SARIYER/KUMKÖY-KİLYOS,İstanbul,Sarıyer,Karadeniz,41.25047,29.038367,2023-07-15T06:00:00.000Z,24.5,,mgm,0
17112,ÇANAKKALE,Çanakkale,Merkez,Marmara,40.141428,26.399616,2023-07-15T06:00:00.000Z,25.5,,mgm,0
17175,AYVALIK,Balıkesir,Ayvalık,Ege,39.311292,26.686445,2023-07-15T06:00:00.000Z,24.6,,mgm,0
17180,DİKİLİ,İzmir,Dikili,Ege,39.073861,26.888093,2023-07-15T06:00:00.000Z,26.2,,mgm,0
17220,İZMİR BÖLGE,İzmir,Konak,Ege,38.3945,27.0821,2023-07-15T06:00:00.000Z,28.6,,mgm,0
17221,ÇEŞME,İzmir,Çeşme,Ege,38.303858,26.372882,2023-07-15T06:00:00.000Z,27.6,,mgm,0
17232,KUŞADASI,Aydın,Kuşadası,Ege,37.859636,27.265115,2023-07-15T06:00:00.000Z,25.6,,mgm,0
17290,BODRUM,Muğla,Bodrum,Ege,37.032611,27.439801,2023-07-15T06:00:00.000Z,24.0,,mgm,0
17296,FETHİYE,Muğla,Fethiye,Akdeniz,36.626611,29.123804,2023-07-15T06:00:00.000Z,28.1,,mgm,0
17298,MARMARİS,Muğla,Marmaris,Akdeniz,36.83926,28.244995,2023-07-15T06:00:00.000Z,25.3,,mgm,0
17302,ANTALYA BÖLGE,Antalya,Muratpaşa,Akdeniz,36.885073,30.682793,2023-07-15T06:00:00.000Z,26.4,,mgm,0
17310,ALANYA,Antalya,Alanya,Akdeniz,36.54999,31.979822,2023-07-15T06:00:00.000Z,27.1,,mgm,0
17320,ANAMUR,Mersin,Anamur,Akdeniz,36.068614,32.864876,2023-07-15T06:00:00.000Z,27.0,,mgm,0
17340,MERSİN,Mersin,Yenişehir,Akdeniz,36.780904,34.603125,2023-07-15T06:00:00.000Z,28.5,,mgm,0
17370,İSKENDERUN,Hatay,İskenderun,Akdeniz,36.592358,36.158158,2023-07-15T06:00:00.000Z,28.3,,mgm,0
17375,FİNİKE,Antalya,Finike,Akdeniz,36.3024,30.1458,2023-07-15T06:00:00.000Z,28.4,,mgm,0
17380,KAŞ,Antalya,Kaş,Akdeniz,36.200579,29.649995,2023-07-15T06:00:00.000Z,28.2,,mgm,0
17453,ZONGULDAK GÜNEY MENDİREK FENERİ,Zonguldak,Merkez,Karadeniz,41.458611,31.779166,2023-07-15T07:38:00.000Z,24.1,,mgm,0
17432,EZİNE/GEYİKLİ ODUNLUK İSKELE FENERİ,Çanakkale,Ezine,Ege,39.818998,26.160008,2023-07-15T14:28:00.000Z,21.2,,mgm,0
17430,GÖKÇEADA KALEKÖY ANA MENDİREK FENERİ,Çanakkale,Gökçeada,Ege,40.2317,25.8914,2023-07-15T14:29:00.000Z,27.7,,mgm,0
17433,GÖKÇEADA UĞURLU LİMAN FENERİ,Çanakkale,Gökçeada,Ege,40.1153,25.6989,2023-07-15T14:29:00.000Z,26.4,,mgm,0
17381,KUŞADASI 3. NOLU ŞAMANDIRA,Aydın,Kuşadası,Ege,37.8458,27.2194,2023-07-15T14:30:00.000Z,25.9,,mgm,0
17387,GİRESUN PALAMUT KAYALIĞI MAHMUZ FENERİ,Giresun,Merkez,Karadeniz,40.9182,38.3783,2023-07-15T14:30:00.000Z,26.1,,mgm,0
17395,AMASRA ŞAMANDIRA,Bartın,Amasra,Karadeniz,41.86081,32.57793,2023-07-15T14:30:00.000Z,26.2,,mgm,0
17396,SİNOP ŞAMANDIRA,Sinop,Merkez,Karadeniz,42.01086,34.80268,2023-07-15T14:30:00.000Z,25.5,,mgm,0
17398,HOPA ŞAMANDIRA,Artvin,Hopa,Karadeniz,41.41104,41.32867,2023-07-15T14:30:00.000Z,25.9,,mgm,0
17426,BARTIN GÜNEY MENDİREK FENERİ,Bartın,Merkez,Karadeniz,41.6864,32.2261,2023-07-15T14:30:00.000Z,25.9,,mgm,0
17428,AYVACIK/GÜLPINAR ANA MENDİREK FENERİ,Çanakkale,Ayvacık,Ege,39.5658,26.0967,2023-07-15T14:30:00.000Z,24.3,,mgm,0
17429,ECEABAT/KABATEPE GÜNEY MENDİREK FENERİ,Çanakkale,Eceabat,Ege,40.2019,26.2669,2023-07-15T14:30:00.000Z,27.0,,mgm,0
17434,EZİNE YENİKÖY BAL.BAR. ANA MENDİREK FENERİ,Çanakkale,Ezine,Ege,39.9447,26.1611,2023-07-15T14:30:00.000Z,21.0,,mgm,0
17436,ENEZ TALİ MENDİREK FENERİ,Edirne,Enez,Ege,40.698218,26.051263,2023-07-15T14:30:00.000Z,24.5,,mgm,0
17437,TUZLA AYDINLI LİMAN FENERİ,İstanbul,Tuzla,Marmara,40.850611,29.271174,2023-07-15T14:30:00.000Z,27.9,,mgm,0
17438,SİLİVRİ ANA MENDİREK FENERİ,İstanbul,Silivri,Marmara,41.072866,28.238398,2023-07-15T14:30:00.000Z,25.7,,mgm,0
17441,GÜZELBAHÇE FENERİ,İzmir,Güzelbahçe,Ege,38.378579,26.885605,2023-07-15T14:30:00.000Z,31.2,,mgm,0
17442,KONAK/İZMİR PASAPORT MENDİREK FENERİ,İzmir,Konak,Ege,38.429236,27.131698,2023-07-15T14:30:00.000Z,29.8,,mgm,0
17445,CİDE KUZEY MENDİREK FENERİ,Kastamonu,Cide,Karadeniz,41.9006,32.9778,2023-07-15T14:30:00.000Z,25.4,,mgm,0
17446,İNEBOLU KUZEY MENDİREK FENERİ,Kastamonu,İnebolu,Karadeniz,41.9817,33.7769,2023-07-15T14:30:00.000Z,25.9,,mgm,0
17448,TUZLA İTÜ GÜNEY MENDİREK FENERİ,İstanbul,Tuzla,Marmara,40.811828,29.297373,2023-07-15T14:30:00.000Z,26.9,,mgm,0
17449,KANDIRA/KEFKEN ADASI DOĞU MENDİREK FENERİ,Kocaeli,Kandıra,Karadeniz,41.211869,30.260694,2023-07-15T14:30:00.000Z,26.0,,mgm,0
17452,YALOVA SAMANLIDERE TALİ (DOĞU) MENDİREK FENERİ,Yalova,Merkez,Marmara,40.660597,29.246969,2023-07-15T14:30:00.000Z,28.8,,mgm,0
17467,HOPA ANA MENDİREK FENERİ,Artvin,Hopa,Karadeniz,41.420291,41.429843,2023-07-15T14:30:00.000Z,26.3,,mgm,0
17472,FETHİYE/İBLİSBURNU DÖKÜNTÜTAŞ FENERİ,Muğla,Fethiye,Akdeniz,36.5455556,29.0108333,2023-07-15T14:30:00.000Z,30.0,,mgm,0
17476,KONYAALTI/ANTALYA YENİ LİMAN ANA MENDİREK FENERİ,Antalya,Konyaaltı,Akdeniz,36.834011,30.616572,2023-07-15T14:30:00.000Z,28.1,,mgm,0
17482,VAN LİMAN,Van,Tuşba,Van Gölü,38.51486,43.307362,2023-07-15T14:30:00.000Z,24.0,,mgm,0
17483,TATVAN LİMAN,Bitlis,Tatvan,Van Gölü,38.512592,42.302103,2023-07-15T14:30:00.000Z,24.1,,mgm,0
17484,ADİLCEVAZ LİMAN,Bitlis,Adilcevaz,Van Gölü,38.797236,42.729931,2023-07-15T14:30:00.000Z,22.8,,mgm,0
17491,GEVAŞ AKDAMAR FENERİ,Van,Gevaş,Van Gölü,38.309988,43.041398,2023-07-15T14:30:00.000Z,24.7,,mgm,0
17492,DİDİM MARİNA FENERİ,Aydın,Didim,Ege,37.3369,27.264,2023-07-15T14:30:00.000Z,26.9,,mgm,0
17386,BODRUM KARAADA SIĞLIK IŞIKLI ŞAMANDIRA,Muğla,Bodrum,Ege,37.0081,27.4142,2023-07-15T14:31:00.000Z,24.9,,mgm,0
17460,ÜNYE BALIKÇI BARINAĞI ANA MENDİREK FENERİ,Ordu,Ünye,Karadeniz,41.116448,37.348722,2023-07-15T14:31:00.000Z,24.6,,mgm,0
17480,KARATAŞ BALIKÇI BARINAĞI TALİ MENDİREK FENERİ,Adana,Karataş,Akdeniz,36.557986,35.383499,2023-07-15T14:31:00.000Z,29.2,,mgm,0
17489,MUDANYA/GÜZELYALI BALIKÇI BARINAĞI,Bursa,Mudanya,Marmara,40.35612,28.934036,2023-07-15T14:31:00.000Z,25.6,,mgm,0
17465,ARAKLI BALIKÇI BARINAĞI TALİ MENDİREK FENERİ,Trabzon,Araklı,Karadeniz,40.945081,40.053776,2023-07-15T14:32:00.000Z,23.6,,mgm,0
17466,ÇAYELİ BALIKÇI BARINAĞI TALİ MENDİREK FENERİ,Rize,Çayeli,Karadeniz,41.090095,40.722557,2023-07-15T14:32:00.000Z,21.3,,mgm,0
17479,SİLİFKE/TAŞUCU SEKA ANA MENDİREK FENERİ,Mersin,Silifke,Akdeniz,36.309162,33.889845,2023-07-15T14:32:00.000Z,27.6,,mgm,0
17015,AKÇAKOCA,Düzce,Akçakoca,Karadeniz,41.089528,31.143039,2023-07-17T06:00:00.000Z,25.4,,mgm,0
17024,İNEBOLU,Kastamonu,İnebolu,Karadeniz,41.978937,33.762945,2023-07-17T06:00:00.000Z,25.5,,mgm,0
17026,SİNOP,Sinop,Merkez,Karadeniz,42.029821,35.154286,2023-07-17T06:00:00.000Z,25.0,,mgm,0
17030,SAMSUN BÖLGE,Samsun,Atakum,Karadeniz,41.344286,36.255794,2023-07-17T06:00:00.000Z,24.3,,mgm,0
17033,ORDU,Ordu,Altınordu,Karadeniz,40.983833,37.885833,2023-07-17T06:00:00.000Z,24.8,,mgm,0
17034,GİRESUN,Giresun,Merkez,Karadeniz,40.922667,38.387833,2023-07-17T06:00:00.000Z,25.5,,mgm,0
17038,TRABZON HAVALİMANI,Trabzon,Ortahisar,Karadeniz,40.999133,39.779248,2023-07-17T06:00:00.000Z,22.4,,mgm,0
17040,RİZE,Rize,Merkez,Karadeniz,41.04,40.501333,2023-07-17T06:00:00.000Z,23.2,,mgm,0
17042,HOPA,Artvin,Hopa,Karadeniz,41.4065,41.433,2023-07-17T06:00:00.000Z,25.8,,mgm,0
17044,RİZE ARTVİN HAVALİMANI,Rize,Pazar,Karadeniz,41.177687,40.835223,2023-07-17T06:00:00.000Z,24.7,,mgm,0
17056,TEKİRDAĞ,Tekirdağ,Süleymanpaşa,Marmara,40.957959,27.496181,2023-07-17T06:00:00.000Z,24.7,,mgm,0
17059,SARIYER/KUMKÖY-KİLYOS,İstanbul,Sarıyer,Karadeniz,41.25047,29.038367,2023-07-17T06:00:00.000Z,24.8,,mgm,0
17112,ÇANAKKALE,Çanakkale,Merkez,Marmara,40.141428,26.399616,2023-07-17T06:00:00.000Z,25.6,,mgm,0
17175,AYVALIK,Balıkesir,Ayvalık,Ege,39.311292,26.686445,2023-07-17T06:00:00.000Z,24.8,,mgm,0
17180,DİKİLİ,İzmir,Dikili,Ege,39.073861,26.888093,2023-07-17T06:00:00.000Z,26.5,,mgm,0
17220,İZMİR BÖLGE,İzmir,Konak,Ege,38.3945,27.0821,2023-07-17T06:00:00.000Z,28.8,,mgm,0
17221,ÇEŞME,İzmir,Çeşme,Ege,38.303858,26.372882,2023-07-17T06:00:00.000Z,27.8,,mgm,0
17232,KUŞADASI,Aydın,Kuşadası,Ege,37.859636,27.265115,2023-07-17T06:00:00.000Z,26.4,,mgm,0
17290,BODRUM,Muğla,Bodrum,Ege,37.032611,27.439801,2023-07-17T06:00:00.000Z,24.0,,mgm,0
17296,FETHİYE,Muğla,Fethiye,Akdeniz,36.626611,29.123804,2023-07-17T06:00:00.000Z,28.3,,mgm,0
17297,DATÇA,Muğla,Datça,Ege,36.707945,27.691918,2023-07-17T06:00:00.000Z,23.4,,mgm,0
17298,MARMARİS,Muğla,Marmaris,Akdeniz,36.83926,28.244995,2023-07-17T06:00:00.000Z,25.5,,mgm,0
17302,ANTALYA BÖLGE,Antalya,Muratpaşa,Akdeniz,36.885073,30.682793,2023-07-17T06:00:00.000Z,26.6,,mgm,0
17310,ALANYA,Antalya,Alanya,Akdeniz,36.54999,31.979822,2023-07-17T06:00:00.000Z,27.5,,mgm,0
17320,ANAMUR,Mersin,Anamur,Akdeniz,36.068614,32.864876,2023-07-17T06:00:00.000Z,28.0,,mgm,0
17340,MERSİN,Mersin,Yenişehir,Akdeniz,36.780904,34.603125,2023-07-17T06:00:00.000Z,28.6,,mgm,0
17370,İSKENDERUN,Hatay,İskenderun,Akdeniz,36.592358,36.158158,2023-07-17T06:00:00.000Z,28.5,,mgm,0
17375,FİNİKE,Antalya,Finike,Akdeniz,36.3024,30.1458,2023-07-17T06:00:00.000Z,28.6,,mgm,0
17380,KAŞ,Antalya,Kaş,Akdeniz,36.200579,29.649995,2023-07-17T06:00:00.000Z,28.4,,mgm,0
17476,KONYAALTI/ANTALYA YENİ LİMAN ANA MENDİREK FENERİ,Antalya,Konyaaltı,Akdeniz,36.834011,30.616572,2023-07-17T15:50:00.000Z,27.8,,mgm,0
17432,EZİNE/GEYİKLİ ODUNLUK İSKELE FENERİ,Çanakkale,Ezine,Ege,39.818998,26.160008,2023-07-17T17:40:00.000Z,19.1,,mgm,0
17475,KEMER SIĞLIK FENERİ,Antalya,Kemer,Akdeniz,36.612395,30.574242,2023-07-17T17:45:00.000Z,27.9,,mgm,0
17433,GÖKÇEADA UĞURLU LİMAN FENERİ,Çanakkale,Gökçeada,Ege,40.1153,25.6989,2023-07-17T18:15:00.000Z,26.2,,mgm,0
17446,İNEBOLU KUZEY MENDİREK FENERİ,Kastamonu,İnebolu,Karadeniz,41.9817,33.7769,2023-07-17T18:15:00.000Z,25.6,,mgm,0
17438,SİLİVRİ ANA MENDİREK FENERİ,İstanbul,Silivri,Marmara,41.072866,28.238398,2023-07-17T18:28:00.000Z,25.5,,mgm,0
17448,TUZLA İTÜ GÜNEY MENDİREK FENERİ,İstanbul,Tuzla,Marmara,40.811828,29.297373,2023-07-17T18:28:00.000Z,25.9,,mgm,0
17430,GÖKÇEADA KALEKÖY ANA MENDİREK FENERİ,Çanakkale,Gökçeada,Ege,40.2317,25.8914,2023-07-17T18:29:00.000Z,25.7,,mgm,0
17381,KUŞADASI 3. NOLU ŞAMANDIRA,Aydın,Kuşadası,Ege,37.8458,27.2194,2023-07-17T18:30:00.000Z,26.0,,mgm,0
17387,GİRESUN PALAMUT KAYALIĞI MAHMUZ FENERİ,Giresun,Merkez,Karadeniz,40.9182,38.3783,2023-07-17T18:30:00.000Z,26.1,,mgm,0
17426,BARTIN GÜNEY MENDİREK FENERİ,Bartın,Merkez,Karadeniz,41.6864,32.2261,2023-07-17T18:30:00.000Z,24.5,,mgm,0
17428,AYVACIK/GÜLPINAR ANA MENDİREK FENERİ,Çanakkale,Ayvacık,Ege,39.5658,26.0967,2023-07-17T18:30:00.000Z,22.1,,mgm,0
17429,ECEABAT/KABATEPE GÜNEY MENDİREK FENERİ,Çanakkale,Eceabat,Ege,40.2019,26.2669,2023-07-17T18:30:00.000Z,20.4,,mgm,0
17434,EZİNE YENİKÖY BAL.BAR. ANA MENDİREK FENERİ,Çanakkale,Ezine,Ege,39.9447,26.1611,2023-07-17T18:30:00.000Z,19.4,,mgm,0
17436,ENEZ TALİ MENDİREK FENERİ,Edirne,Enez,Ege,40.698218,26.051263,2023-07-17T18:30:00.000Z,25.2,,mgm,0
17437,TUZLA AYDINLI LİMAN FENERİ,İstanbul,Tuzla,Marmara,40.850611,29.271174,2023-07-17T18:30:00.000Z,26.4,,mgm,0
17441,GÜZELBAHÇE FENERİ,İzmir,Güzelbahçe,Ege,38.378579,26.885605,2023-07-17T18:30:00.000Z,28.4,,mgm,0
17442,KONAK/İZMİR PASAPORT MENDİREK FENERİ,İzmir,Konak,Ege,38.429236,27.131698,2023-07-17T18:30:00.000Z,29.0,,mgm,0
17445,CİDE KUZEY MENDİREK FENERİ,Kastamonu,Cide,Karadeniz,41.9006,32.9778,2023-07-17T18:30:00.000Z,22.0,,mgm,0
17449,KANDIRA/KEFKEN ADASI DOĞU MENDİREK FENERİ,Kocaeli,Kandıra,Karadeniz,41.211869,30.260694,2023-07-17T18:30:00.000Z,24.3,,mgm,0
17452,YALOVA SAMANLIDERE TALİ (DOĞU) MENDİREK FENERİ,Yalova,Merkez,Marmara,40.660597,29.246969,2023-07-17T18:30:00.000Z,23.2,,mgm,0
17453,ZONGULDAK GÜNEY MENDİREK FENERİ,Zonguldak,Merkez,Karadeniz,41.458611,31.779166,2023-07-17T18:30:00.000Z,23.3,,mgm,0
17467,HOPA ANA MENDİREK FENERİ,Artvin,Hopa,Karadeniz,41.420291,41.429843,2023-07-17T18:30:00.000Z,26.1,,mgm,0
17472,FETHİYE/İBLİSBURNU DÖKÜNTÜTAŞ FENERİ,Muğla,Fethiye,Akdeniz,36.5455556,29.0108333,2023-07-17T18:30:00.000Z,29.2,,mgm,0
17482,VAN LİMAN,Van,Tuşba,Van Gölü,38.51486,43.307362,2023-07-17T18:30:00.000Z,23.0,,mgm,0
17483,TATVAN LİMAN,Bitlis,Tatvan,Van Gölü,38.512592,42.302103,2023-07-17T18:30:00.000Z,22.9,,mgm,0
17484,ADİLCEVAZ LİMAN,Bitlis,Adilcevaz,Van Gölü,38.797236,42.729931,2023-07-17T18:30:00.000Z,21.6,,mgm,0
17491,GEVAŞ AKDAMAR FENERİ,Van,Gevaş,Van Gölü,38.309988,43.041398,2023-07-17T18:30:00.000Z,23.9,,mgm,0
17492,DİDİM MARİNA FENERİ,Aydın,Didim,Ege,37.3369,27.264,2023-07-17T18:30:00.000Z,27.4,,mgm,0
17386,BODRUM KARAADA SIĞLIK IŞIKLI ŞAMANDIRA,Muğla,Bodrum,Ege,37.0081,27.4142,2023-07-17T18:31:00.000Z,23.9,,mgm,0
17460,ÜNYE BALIKÇI BARINAĞI ANA MENDİREK FENERİ,Ordu,Ünye,Karadeniz,41.116448,37.348722,2023-07-17T18:31:00.000Z,24.9,,mgm,0
17480,KARATAŞ BALIKÇI BARINAĞI TALİ MENDİREK FENERİ,Adana,Karataş,Akdeniz,36.557986,35.383499,2023-07-17T18:31:00.000Z,29.4,,mgm,0
17489,MUDANYA/GÜZELYALI BALIKÇI BARINAĞI,Bursa,Mudanya,Marmara,40.35612,28.934036,2023-07-17T18:31:00.000Z,22.8,,mgm,0
17465,ARAKLI BALIKÇI BARINAĞI TALİ MENDİREK FENERİ,Trabzon,Araklı,Karadeniz,40.945081,40.053776,2023-07-17T18:32:00.000Z,22.8,,mgm,0
17466,ÇAYELİ BALIKÇI BARINAĞI TALİ MENDİREK FENERİ,Rize,Çayeli,Karadeniz,41.090095,40.722557,2023-07-17T18:32:00.000Z,21.1,,mgm,0
17479,SİLİFKE/TAŞUCU SEKA ANA MENDİREK FENERİ,Mersin,Silifke,Akdeniz,36.309162,33.889845,2023-07-17T18:32:00.000Z,26.0,,mgm,0
17015,AKÇAKOCA,Düzce,Akçakoca,Karadeniz,41.089528,31.143039,2023-07-29T06:00:00.000Z,24.8,,mgm,0
17024,İNEBOLU,Kastamonu,İnebolu,Karadeniz,41.978937,33.762945,2023-07-29T06:00:00.000Z,22.3,,mgm,0
17026,SİNOP,Sinop,Merkez,Karadeniz,42.029821,35.154286,2023-07-29T06:00:00.000Z,25.5,,mgm,0
17030,SAMSUN BÖLGE,Samsun,Atakum,Karadeniz,41.344286,36.255794,2023-07-29T06:00:00.000Z,25.3,,mgm,0
17033,ORDU,Ordu,Altınordu,Karadeniz,40.983833,37.885833,2023-07-29T06:00:00.000Z,26.2,,mgm,0
17034,GİRESUN,Giresun,Merkez,Karadeniz,40.922667,38.387833,2023-07-29T06:00:00.000Z,26.8,,mgm,0
17038,TRABZON HAVALİMANI,Trabzon,Ortahisar,Karadeniz,40.999133,39.779248,2023-07-29T06:00:00.000Z,24.6,,mgm,0
17040,RİZE,Rize,Merkez,Karadeniz,41.04,40.501333,2023-07-29T06:00:00.000Z,24.7,,mgm,0
17042,HOPA,Artvin,Hopa,Karadeniz,41.4065,41.433,2023-07-29T06:00:00.000Z,26.5,,mgm,0
17044,RİZE ARTVİN HAVALİMANI,Rize,Pazar,Karadeniz,41.177687,40.835223,2023-07-29T06:00:00.000Z,24.9,,mgm,0
17056,TEKİRDAĞ,Tekirdağ,Süleymanpaşa,Marmara,40.957959,27.496181,2023-07-29T06:00:00.000Z,25.3,,mgm,0
17059,SARIYER/KUMKÖY-KİLYOS,İstanbul,Sarıyer,Karadeniz,41.25047,29.038367,2023-07-29T06:00:00.000Z,24.4,,mgm,0
17112,ÇANAKKALE,Çanakkale,Merkez,Marmara,40.141428,26.399616,2023-07-29T06:00:00.000Z,25.5,,mgm,0
17175,AYVALIK,Balıkesir,Ayvalık,Ege,39.311292,26.686445,2023-07-29T06:00:00.000Z,25.7,,mgm,0
17180,DİKİLİ,İzmir,Dikili,Ege,39.073861,26.888093,2023-07-29T06:00:00.000Z,27.5,,mgm,0
17220,İZMİR BÖLGE,İzmir,Konak,Ege,38.3945,27.0821,2023-07-29T06:00:00.000Z,28.1,,mgm,0
17221,ÇEŞME,İzmir,Çeşme,Ege,38.303858,26.372882,2023-07-29T06:00:00.000Z,28.2,,mgm,0
17232,KUŞADASI,Aydın,Kuşadası,Ege,37.859636,27.265115,2023-07-29T06:00:00.000Z,25.7,,mgm,0
17290,BODRUM,Muğla,Bodrum,Ege,37.032611,27.439801,2023-07-29T06:00:00.000Z,25.8,,mgm,0
17296,FETHİYE,Muğla,Fethiye,Akdeniz,36.626611,29.123804,2023-07-29T06:00:00.000Z,30.0,,mgm,0
17297,DATÇA,Muğla,Datça,Ege,36.707945,27.691918,2023-07-29T06:00:00.000Z,24.4,,mgm,0
17298,MARMARİS,Muğla,Marmaris,Akdeniz,36.83926,28.244995,2023-07-29T06:00:00.000Z,26.6,,mgm,0
17302,ANTALYA BÖLGE,Antalya,Muratpaşa,Akdeniz,36.885073,30.682793,2023-07-29T06:00:00.000Z,28.4,,mgm,0
17320,ANAMUR,Mersin,Anamur,Akdeniz,36.068614,32.864876,2023-07-29T06:00:00.000Z,29.0,,mgm,0
17340,MERSİN,Mersin,Yenişehir,Akdeniz,36.780904,34.603125,2023-07-29T06:00:00.000Z,29.4,,mgm,0
17370,İSKENDERUN,Hatay,İskenderun,Akdeniz,36.592358,36.158158,2023-07-29T06:00:00.000Z,30.0,,mgm,0
17375,FİNİKE,Antalya,Finike,Akdeniz,36.3024,30.1458,2023-07-29T06:00:00.000Z,28.8,,mgm,0
17380,KAŞ,Antalya,Kaş,Akdeniz,36.200579,29.649995,2023-07-29T06:00:00.000Z,29.4,,mgm,0
17432,EZİNE/GEYİKLİ ODUNLUK İSKELE FENERİ,Çanakkale,Ezine,Ege,39.818998,26.160008,2023-07-29T10:38:00.000Z,21.8,,mgm,0
17395,AMASRA ŞAMANDIRA,Bartın,Amasra,Karadeniz,41.86081,32.57793,2023-07-29T12:30:00.000Z,24.5,,mgm,0
17396,SİNOP ŞAMANDIRA,Sinop,Merkez,Karadeniz,42.01086,34.80268,2023-07-29T12:30:00.000Z,23.6,,mgm,0
17398,HOPA ŞAMANDIRA,Artvin,Hopa,Karadeniz,41.41104,41.32867,2023-07-29T12:30:00.000Z,26.4,,mgm,0
17430,GÖKÇEADA KALEKÖY ANA MENDİREK FENERİ,Çanakkale,Gökçeada,Ege,40.2317,25.8914,2023-07-29T12:34:00.000Z,27.6,,mgm,0
17438,SİLİVRİ ANA MENDİREK FENERİ,İstanbul,Silivri,Marmara,41.072866,28.238398,2023-07-29T12:34:00.000Z,25.2,,mgm,0
17448,TUZLA İTÜ GÜNEY MENDİREK FENERİ,İstanbul,Tuzla,Marmara,40.811828,29.297373,2023-07-29T12:34:00.000Z,24.3,,mgm,0
17381,KUŞADASI 3. NOLU ŞAMANDIRA,Aydın,Kuşadası,Ege,37.8458,27.2194,2023-07-29T12:35:00.000Z,25.9,,mgm,0
17387,GİRESUN PALAMUT KAYALIĞI MAHMUZ FENERİ,Giresun,Merkez,Karadeniz,40.9182,38.3783,2023-07-29T12:35:00.000Z,27.4,,mgm,0
17422,BANDIRMA KUZEY MENDİREK FENERİ,Balıkesir,Bandırma,Marmara,40.358554,27.958451,2023-07-29T12:35:00.000Z,26.6,,mgm,0
17423,MARMARA BARINAK ANA MENDİREK FENERİ,Balıkesir,Marmara,Marmara,40.583839,27.560849,2023-07-29T12:35:00.000Z,26.7,,mgm,0
17424,MARMARA/SARAYLAR KÖYÜ BARINAK (SANDAL BASENİ) FENERİ,Balıkesir,Marmara,Marmara,40.657488,27.662533,2023-07-29T12:35:00.000Z,27.6,,mgm,0
17426,BARTIN GÜNEY MENDİREK FENERİ,Bartın,Merkez,Karadeniz,41.6864,32.2261,2023-07-29T12:35:00.000Z,24.2,,mgm,0
17428,AYVACIK/GÜLPINAR ANA MENDİREK FENERİ,Çanakkale,Ayvacık,Ege,39.5658,26.0967,2023-07-29T12:35:00.000Z,22.3,,mgm,0
17429,ECEABAT/KABATEPE GÜNEY MENDİREK FENERİ,Çanakkale,Eceabat,Ege,40.2019,26.2669,2023-07-29T12:35:00.000Z,26.1,,mgm,0
17434,EZİNE YENİKÖY BAL.BAR. ANA MENDİREK FENERİ,Çanakkale,Ezine,Ege,39.9447,26.1611,2023-07-29T12:35:00.000Z,22.4,,mgm,0
17436,ENEZ TALİ MENDİREK FENERİ,Edirne,Enez,Ege,40.698218,26.051263,2023-07-29T12:35:00.000Z,23.9,,mgm,0
17437,TUZLA AYDINLI LİMAN FENERİ,İstanbul,Tuzla,Marmara,40.850611,29.271174,2023-07-29T12:35:00.000Z,25.7,,mgm,0
17441,GÜZELBAHÇE FENERİ,İzmir,Güzelbahçe,Ege,38.378579,26.885605,2023-07-29T12:35:00.000Z,28.2,,mgm,0
17442,KONAK/İZMİR PASAPORT MENDİREK FENERİ,İzmir,Konak,Ege,38.429236,27.131698,2023-07-29T12:35:00.000Z,28.9,,mgm,0
17445,CİDE KUZEY MENDİREK FENERİ,Kastamonu,Cide,Karadeniz,41.9006,32.9778,2023-07-29T12:35:00.000Z,25.2,,mgm,0
17446,İNEBOLU KUZEY MENDİREK FENERİ,Kastamonu,İnebolu,Karadeniz,41.9817,33.7769,2023-07-29T12:35:00.000Z,23.6,,mgm,0
17449,KANDIRA/KEFKEN ADASI DOĞU MENDİREK FENERİ,Kocaeli,Kandıra,Karadeniz,41.211869,30.260694,2023-07-29T12:35:00.000Z,24.7,,mgm,0
17452,YALOVA SAMANLIDERE TALİ (DOĞU) MENDİREK FENERİ,Yalova,Merkez,Marmara,40.660597,29.246969,2023-07-29T12:35:00.000Z,24.5,,mgm,0
17453,ZONGULDAK GÜNEY MENDİREK FENERİ,Zonguldak,Merkez,Karadeniz,41.458611,31.779166,2023-07-29T12:35:00.000Z,25.0,,mgm,0
17466,ÇAYELİ BALIKÇI BARINAĞI TALİ MENDİREK FENERİ,Rize,Çayeli,Karadeniz,41.090095,40.722557,2023-07-29T12:35:00.000Z,21.6,,mgm,0
17467,HOPA ANA MENDİREK FENERİ,Artvin,Hopa,Karadeniz,41.420291,41.429843,2023-07-29T12:35:00.000Z,28.8,,mgm,0
17472,FETHİYE/İBLİSBURNU DÖKÜNTÜTAŞ FENERİ,Muğla,Fethiye,Akdeniz,36.5455556,29.0108333,2023-07-29T12:35:00.000Z,31.6,,mgm,0
17475,KEMER SIĞLIK FENERİ,Antalya,Kemer,Akdeniz,36.612395,30.574242,2023-07-29T12:35:00.000Z,28.4,,mgm,0
17482,VAN LİMAN,Van,Tuşba,Van Gölü,38.51486,43.307362,2023-07-29T12:35:00.000Z,24.0,,mgm,0
17483,TATVAN LİMAN,Bitlis,Tatvan,Van Gölü,38.512592,42.302103,2023-07-29T12:35:00.000Z,26.2,,mgm,0
17484,ADİLCEVAZ LİMAN,Bitlis,Adilcevaz,Van Gölü,38.797236,42.729931,2023-07-29T12:35:00.000Z,23.6,,mgm,0
17491,GEVAŞ AKDAMAR FENERİ,Van,Gevaş,Van Gölü,38.309988,43.041398,2023-07-29T12:35:00.000Z,25.5,,mgm,0
17492,DİDİM MARİNA FENERİ,Aydın,Didim,Ege,37.3369,27.264,2023-07-29T12:35:00.000Z,26.5,,mgm,0
17386,BODRUM KARAADA SIĞLIK IŞIKLI ŞAMANDIRA,Muğla,Bodrum,Ege,37.0081,27.4142,2023-07-29T12:36:00.000Z,24.9,,mgm,0
17460,ÜNYE BALIKÇI BARINAĞI ANA MENDİREK FENERİ,Ordu,Ünye,Karadeniz,41.116448,37.348722,2023-07-29T12:36:00.000Z,24.7,,mgm,0
17464,TRABZON LİMANI ANA MENDİREK FENERİ,Trabzon,Ortahisar,Karadeniz,41.006776,39.750108,2023-07-29T12:36:00.000Z,24.7,,mgm,0
17480,KARATAŞ BALIKÇI BARINAĞI TALİ MENDİREK FENERİ,Adana,Karataş,Akdeniz,36.557986,35.383499,2023-07-29T12:36:00.000Z,31.5,,mgm,0
17489,MUDANYA/GÜZELYALI BALIKÇI BARINAĞI,Bursa,Mudanya,Marmara,40.35612,28.934036,2023-07-29T12:36:00.000Z,24.3,,mgm,0
17465,ARAKLI BALIKÇI BARINAĞI TALİ MENDİREK FENERİ,Trabzon,Araklı,Karadeniz,40.945081,40.053776,2023-07-29T12:37:00.000Z,24.1,,mgm,0
17479,SİLİFKE/TAŞUCU SEKA ANA MENDİREK FENERİ,Mersin,Silifke,Akdeniz,36.309162,33.889845,2023-07-29T12:37:00.000Z,28.6,,mgm,0
17015,AKÇAKOCA,Düzce,Akçakoca,Karadeniz,41.089528,31.143039,2023-09-29T06:00:00.000Z,20.2,,mgm,0
17024,İNEBOLU,Kastamonu,İnebolu,Karadeniz,41.978937,33.762945,2023-09-29T06:00:00.000Z,20.8,,mgm,0
17026,SİNOP,Sinop,Merkez,Karadeniz,42.029821,35.154286,2023-09-29T06:00:00.000Z,23.4,,mgm,0
17030,SAMSUN BÖLGE,Samsun,Atakum,Karadeniz,41.344286,36.255794,2023-09-29T06:00:00.000Z,23.1,,mgm,0
17033,ORDU,Ordu,Altınordu,Karadeniz,40.983833,37.885833,2023-09-29T06:00:00.000Z,22.7,,mgm,0
17034,GİRESUN,Giresun,Merkez,Karadeniz,40.922667,38.387833,2023-09-29T06:00:00.000Z,24.3,,mgm,0
17038,TRABZON HAVALİMANI,Trabzon,Ortahisar,Karadeniz,40.999133,39.779248,2023-09-29T06:00:00.000Z,22.0,,mgm,0
17040,RİZE,Rize,Merkez,Karadeniz,41.04,40.501333,2023-09-29T06:00:00.000Z,22.8,,mgm,0
17042,HOPA,Artvin,Hopa,Karadeniz,41.4065,41.433,2023-09-29T06:00:00.000Z,25.7,,mgm,0
17044,RİZE ARTVİN HAVALİMANI,Rize,Pazar,Karadeniz,41.177687,40.835223,2023-09-29T06:00:00.000Z,24.2,,mgm,0
17056,TEKİRDAĞ,Tekirdağ,Süleymanpaşa,Marmara,40.957959,27.496181,2023-09-29T06:00:00.000Z,21.6,,mgm,0
17112,ÇANAKKALE,Çanakkale,Merkez,Marmara,40.141428,26.399616,2023-09-29T06:00:00.000Z,22.4,,mgm,0
17175,AYVALIK,Balıkesir,Ayvalık,Ege,39.311292,26.686445,2023-09-29T06:00:00.000Z,23.5,,mgm,0
17180,DİKİLİ,İzmir,Dikili,Ege,39.073861,26.888093,2023-09-29T06:00:00.000Z,22.2,,mgm,0
17220,İZMİR BÖLGE,İzmir,Konak,Ege,38.3945,27.0821,2023-09-29T06:00:00.000Z,25.6,,mgm,0
17221,ÇEŞME,İzmir,Çeşme,Ege,38.303858,26.372882,2023-09-29T06:00:00.000Z,22.6,,mgm,0
17232,KUŞADASI,Aydın,Kuşadası,Ege,37.859636,27.265115,2023-09-29T06:00:00.000Z,24.9,,mgm,0
17290,BODRUM,Muğla,Bodrum,Ege,37.032611,27.439801,2023-09-29T06:00:00.000Z,26.4,,mgm,0
17296,FETHİYE,Muğla,Fethiye,Akdeniz,36.626611,29.123804,2023-09-29T06:00:00.000Z,28.2,,mgm,0
17297,DATÇA,Muğla,Datça,Ege,36.707945,27.691918,2023-09-29T06:00:00.000Z,25.5,,mgm,0
17298,MARMARİS,Muğla,Marmaris,Akdeniz,36.83926,28.244995,2023-09-29T06:00:00.000Z,25.9,,mgm,0
17302,ANTALYA BÖLGE,Antalya,Muratpaşa,Akdeniz,36.885073,30.682793,2023-09-29T06:00:00.000Z,28.1,,mgm,0
17310,ALANYA,Antalya,Alanya,Akdeniz,36.54999,31.979822,2023-09-29T06:00:00.000Z,27.5,,mgm,0
17320,ANAMUR,Mersin,Anamur,Akdeniz,36.068614,32.864876,2023-09-29T06:00:00.000Z,27.4,,mgm,0
17340,MERSİN,Mersin,Yenişehir,Akdeniz,36.780904,34.603125,2023-09-29T06:00:00.000Z,28.8,,mgm,0
17370,İSKENDERUN,Hatay,İskenderun,Akdeniz,36.592358,36.158158,2023-09-29T06:00:00.000Z,30.3,,mgm,0
17375,FİNİKE,Antalya,Finike,Akdeniz,36.3024,30.1458,2023-09-29T06:00:00.000Z,28.5,,mgm,0
17380,KAŞ,Antalya,Kaş,Akdeniz,36.200579,29.649995,2023-09-29T06:00:00.000Z,29.2,,mgm,0
17476,KONYAALTI/ANTALYA YENİ LİMAN ANA MENDİREK FENERİ,Antalya,Konyaaltı,Akdeniz,36.834011,30.616572,2023-09-29T08:32:00.000Z,28.8,,mgm,0
17426,BARTIN GÜNEY MENDİREK FENERİ,Bartın,Merkez,Karadeniz,41.6864,32.2261,2023-09-29T20:15:00.000Z,22.7,,mgm,0
17479,SİLİFKE/TAŞUCU SEKA ANA MENDİREK FENERİ,Mersin,Silifke,Akdeniz,36.309162,33.889845,2023-09-29T20:40:00.000Z,27.4,,mgm,0
17453,ZONGULDAK GÜNEY MENDİREK FENERİ,Zonguldak,Merkez,Karadeniz,41.458611,31.779166,2023-09-30T03:14:00.000Z,23.1,,mgm,0
17438,SİLİVRİ ANA MENDİREK FENERİ,İstanbul,Silivri,Marmara,41.072866,28.238398,2023-09-30T03:25:00.000Z,21.6,,mgm,0
17448,TUZLA İTÜ GÜNEY MENDİREK FENERİ,İstanbul,Tuzla,Marmara,40.811828,29.297373,2023-09-30T03:25:00.000Z,21.8,,mgm,0
17423,MARMARA BARINAK ANA MENDİREK FENERİ,Balıkesir,Marmara,Marmara,40.583839,27.560849,2023-09-30T03:32:00.000Z,25.0,,mgm,0
17381,KUŞADASI 3. NOLU ŞAMANDIRA,Aydın,Kuşadası,Ege,37.8458,27.2194,2023-09-30T03:33:00.000Z,25.0,,mgm,0
17383,NARLIDERE/İZMİR KÖRFEZİ A NOKTASI IŞIKLI ŞAMANDIRA,İzmir,Narlıdere,Ege,38.421203,26.917843,2023-09-30T03:33:00.000Z,25.7,,mgm,0
17385,MERSİN GÜNEY MENDİREK İSTİKAMET FENERİ,Mersin,Akdeniz,Akdeniz,36.784036,34.635222,2023-09-30T03:33:00.000Z,28.7,,mgm,0
17387,GİRESUN PALAMUT KAYALIĞI MAHMUZ FENERİ,Giresun,Merkez,Karadeniz,40.9182,38.3783,2023-09-30T03:33:00.000Z,24.3,,mgm,0
17422,BANDIRMA KUZEY MENDİREK FENERİ,Balıkesir,Bandırma,Marmara,40.358554,27.958451,2023-09-30T03:33:00.000Z,23.0,,mgm,0
17424,MARMARA/SARAYLAR KÖYÜ BARINAK (SANDAL BASENİ) FENERİ,Balıkesir,Marmara,Marmara,40.657488,27.662533,2023-09-30T03:33:00.000Z,23.1,,mgm,0
17428,AYVACIK/GÜLPINAR ANA MENDİREK FENERİ,Çanakkale,Ayvacık,Ege,39.5658,26.0967,2023-09-30T03:33:00.000Z,21.7,,mgm,0
17429,ECEABAT/KABATEPE GÜNEY MENDİREK FENERİ,Çanakkale,Eceabat,Ege,40.2019,26.2669,2023-09-30T03:33:00.000Z,23.2,,mgm,0
17430,GÖKÇEADA KALEKÖY ANA MENDİREK FENERİ,Çanakkale,Gökçeada,Ege,40.2317,25.8914,2023-09-30T03:33:00.000Z,23.0,,mgm,0
17431,BİGA/KARABİGA BAR. (B) NOKTASI GÜNEY MEN. FENERİ,Çanakkale,Biga,Marmara,40.399583,27.305591,2023-09-30T03:33:00.000Z,23.5,,mgm,0
17432,EZİNE/GEYİKLİ ODUNLUK İSKELE FENERİ,Çanakkale,Ezine,Ege,39.818998,26.160008,2023-09-30T03:33:00.000Z,20.5,,mgm,0
17434,EZİNE YENİKÖY BAL.BAR. ANA MENDİREK FENERİ,Çanakkale,Ezine,Ege,39.9447,26.1611,2023-09-30T03:33:00.000Z,19.8,,mgm,0
17435,AKÇAKOCA FENERİ,Düzce,Akçakoca,Karadeniz,41.0922,31.1197,2023-09-30T03:33:00.000Z,20.1,,mgm,0
17436,ENEZ TALİ MENDİREK FENERİ,Edirne,Enez,Ege,40.698218,26.051263,2023-09-30T03:33:00.000Z,22.7,,mgm,0
17437,TUZLA AYDINLI LİMAN FENERİ,İstanbul,Tuzla,Marmara,40.850611,29.271174,2023-09-30T03:33:00.000Z,23.7,,mgm,0
17441,GÜZELBAHÇE FENERİ,İzmir,Güzelbahçe,Ege,38.378579,26.885605,2023-09-30T03:33:00.000Z,26.3,,mgm,0
17442,KONAK/İZMİR PASAPORT MENDİREK FENERİ,İzmir,Konak,Ege,38.429236,27.131698,2023-09-30T03:33:00.000Z,25.7,,mgm,0
17443,ÇEŞME/KALE YERİ SIĞ.(DÖKÜNTÜTAŞI) FENERİ,İzmir,Çeşme,Ege,38.329226,26.267881,2023-09-30T03:33:00.000Z,23.4,,mgm,0
17444,KARABURUN/MORDOĞAN ANA MENDİREK (KUZEY) FENERİ,İzmir,Karaburun,Ege,38.517845,26.627861,2023-09-30T03:33:00.000Z,24.4,,mgm,0
17445,CİDE KUZEY MENDİREK FENERİ,Kastamonu,Cide,Karadeniz,41.9006,32.9778,2023-09-30T03:33:00.000Z,23.0,,mgm,0
17447,VİZE/MİDYE KIYIKÖY BATI MENDİREK FENERİ (ANA),Kırklareli,Vize,Karadeniz,41.630847,28.101353,2023-09-30T03:33:00.000Z,23.7,,mgm,0
17449,KANDIRA/KEFKEN ADASI DOĞU MENDİREK FENERİ,Kocaeli,Kandıra,Karadeniz,41.211869,30.260694,2023-09-30T03:33:00.000Z,24.2,,mgm,0
17452,YALOVA SAMANLIDERE TALİ (DOĞU) MENDİREK FENERİ,Yalova,Merkez,Marmara,40.660597,29.246969,2023-09-30T03:33:00.000Z,22.1,,mgm,0
17454,FATİH/KUMKAPI FENERİ,İstanbul,Fatih,Marmara,41.000994,28.965432,2023-09-30T03:33:00.000Z,22.4,,mgm,0
17467,HOPA ANA MENDİREK FENERİ,Artvin,Hopa,Karadeniz,41.420291,41.429843,2023-09-30T03:33:00.000Z,25.6,,mgm,0
17470,İNCEBURUN (YILDIZADASI) MARMARİS FENERİ,Muğla,Marmaris,Akdeniz,36.813936,28.265907,2023-09-30T03:33:00.000Z,25.9,,mgm,0
17472,FETHİYE/İBLİSBURNU DÖKÜNTÜTAŞ FENERİ,Muğla,Fethiye,Akdeniz,36.5455556,29.0108333,2023-09-30T03:33:00.000Z,28.0,,mgm,0
17473,KAŞ BAYINDIR ANA MENDİREK FENERİ,Antalya,Kaş,Akdeniz,36.183225,29.642011,2023-09-30T03:33:00.000Z,29.1,,mgm,0
17486,İSKENDERUN KÖRFEZİ,Hatay,Payas,Akdeniz,36.59159,36.17992,2023-09-30T03:33:00.000Z,30.1,,mgm,0
17491,GEVAŞ AKDAMAR FENERİ,Van,Gevaş,Van Gölü,38.309988,43.041398,2023-09-30T03:33:00.000Z,20.7,,mgm,0
17493,SEFERİHİSAR/SIĞACIK MARİNA FENERİ,İzmir,Seferihisar,Ege,38.195707,26.782742,2023-09-30T03:33:00.000Z,24.7,,mgm,0
17464,TRABZON LİMANI ANA MENDİREK FENERİ,Trabzon,Ortahisar,Karadeniz,41.006776,39.750108,2023-09-30T03:34:00.000Z,22.3,,mgm,0
17466,ÇAYELİ BALIKÇI BARINAĞI TALİ MENDİREK FENERİ,Rize,Çayeli,Karadeniz,41.090095,40.722557,2023-09-30T03:34:00.000Z,19.7,,mgm,0
17475,KEMER SIĞLIK FENERİ,Antalya,Kemer,Akdeniz,36.612395,30.574242,2023-09-30T03:34:00.000Z,28.8,,mgm,0
17480,KARATAŞ BALIKÇI BARINAĞI TALİ MENDİREK FENERİ,Adana,Karataş,Akdeniz,36.557986,35.383499,2023-09-30T03:34:00.000Z,28.5,,mgm,0
17482,VAN LİMAN,Van,Tuşba,Van Gölü,38.51486,43.307362,2023-09-30T03:34:00.000Z,19.6,,mgm,0
17483,TATVAN LİMAN,Bitlis,Tatvan,Van Gölü,38.512592,42.302103,2023-09-30T03:34:00.000Z,21.4,,mgm,0
17484,ADİLCEVAZ LİMAN,Bitlis,Adilcevaz,Van Gölü,38.797236,42.729931,2023-09-30T03:34:00.000Z,20.0,,mgm,0
17386,BODRUM KARAADA SIĞLIK IŞIKLI ŞAMANDIRA,Muğla,Bodrum,Ege,37.0081,27.4142,2023-09-30T03:35:00.000Z,26.4,,mgm,0
17460,ÜNYE BALIKÇI BARINAĞI ANA MENDİREK FENERİ,Ordu,Ünye,Karadeniz,41.116448,37.348722,2023-09-30T03:35:00.000Z,22.1,,mgm,0
17489,MUDANYA/GÜZELYALI BALIKÇI BARINAĞI,Bursa,Mudanya,Marmara,40.35612,28.934036,2023-09-30T03:35:00.000Z,20.9,,mgm,0
17465,ARAKLI BALIKÇI BARINAĞI TALİ MENDİREK FENERİ,Trabzon,Araklı,Karadeniz,40.945081,40.053776,2023-09-30T03:36:00.000Z,21.5,,mgm,0
17015,AKÇAKOCA,Düzce,Akçakoca,Karadeniz,41.089528,31.143039,2023-10-01T06:00:00.000Z,20.0,,turkiye.gov.tr,1
17024,İNEBOLU,Kastamonu,İnebolu,Karadeniz,41.978937,33.762945,2023-10-01T06:00:00.000Z,20.8,,turkiye.gov.tr,1
17026,SİNOP,Sinop,Merkez,Karadeniz,42.029821,35.154286,2023-10-01T06:00:00.000Z,23.0,,turkiye.gov.tr,1
17030,SAMSUN BÖLGE,Samsun,Atakum,Karadeniz,41.344286,36.255794,2023-10-01T06:00:00.000Z,23.0,,turkiye.gov.tr,1
17033,ORDU,Ordu,Altınordu,Karadeniz,40.983833,37.885833,2023-10-01T06:00:00.000Z,22.7,,turkiye.gov.tr,1
17034,GİRESUN,Giresun,Merkez,Karadeniz,40.922667,38.387833,2023-10-01T06:00:00.000Z,24.3,,turkiye.gov.tr,1
17038,TRABZON HAVALİMANI,Trabzon,Ortahisar,Karadeniz,40.999133,39.779248,2023-10-01T06:00:00.000Z,22.0,,turkiye.gov.tr,1
17040,RİZE,Rize,Merkez,Karadeniz,41.04,40.501333,2023-10-01T06:00:00.000Z,23.0,,turkiye.gov.tr,1
17042,HOPA,Artvin,Hopa,Karadeniz,41.4065,41.433,2023-10-01T06:00:00.000Z,25.7,,turkiye.gov.tr,1
17044,RİZE ARTVİN HAVALİMANI,Rize,Pazar,Karadeniz,41.177687,40.835223,2023-10-01T06:00:00.000Z,24.1,,turkiye.gov.tr,1
17056,TEKİRDAĞ,Tekirdağ,Süleymanpaşa,Marmara,40.957959,27.496181,2023-10-01T06:00:00.000Z,21.4,,turkiye.gov.tr,1
17112,ÇANAKKALE,Çanakkale,Merkez,Marmara,40.141428,26.399616,2023-10-01T06:00:00.000Z,22.0,,turkiye.gov.tr,1
17175,AYVALIK,Balıkesir,Ayvalık,Ege,39.311292,26.686445,2023-10-01T06:00:00.000Z,23.3,,turkiye.gov.tr,1
17180,DİKİLİ,İzmir,Dikili,Ege,39.073861,26.888093,2023-10-01T06:00:00.000Z,22.1,,turkiye.gov.tr,1
17220,İZMİR BÖLGE,İzmir,Konak,Ege,38.3945,27.0821,2023-10-01T06:00:00.000Z,25.5,,turkiye.gov.tr,1
17221,ÇEŞME,İzmir,Çeşme,Ege,38.303858,26.372882,2023-10-01T06:00:00.000Z,22.4,,turkiye.gov.tr,1
17232,KUŞADASI,Aydın,Kuşadası,Ege,37.859636,27.265115,2023-10-01T06:00:00.000Z,24.6,,turkiye.gov.tr,1
17290,BODRUM,Muğla,Bodrum,Ege,37.032611,27.439801,2023-10-01T06:00:00.000Z,25.9,,turkiye.gov.tr,1
17296,FETHİYE,Muğla,Fethiye,Akdeniz,36.626611,29.123804,2023-10-01T06:00:00.000Z,28.0,,turkiye.gov.tr,1
17297,DATÇA,Muğla,Datça,Ege,36.707945,27.691918,2023-10-01T06:00:00.000Z,25.2,,turkiye.gov.tr,1
17298,MARMARİS,Muğla,Marmaris,Akdeniz,36.83926,28.244995,2023-10-01T06:00:00.000Z,25.9,,turkiye.gov.tr,1
17302,ANTALYA BÖLGE,Antalya,Muratpaşa,Akdeniz,36.885073,30.682793,2023-10-01T06:00:00.000Z,27.8,,turkiye.gov.tr,1
17310,ALANYA,Antalya,Alanya,Akdeniz,36.54999,31.979822,2023-10-01T06:00:00.000Z,27.1,,turkiye.gov.tr,1
17320,ANAMUR,Mersin,Anamur,Akdeniz,36.068614,32.864876,2023-10-01T06:00:00.000Z,27.4,,turkiye.gov.tr,1
17340,MERSİN,Mersin,Yenişehir,Akdeniz,36.780904,34.603125,2023-10-01T06:00:00.000Z,28.7,,turkiye.gov.tr,1
17370,İSKENDERUN,Hatay,İskenderun,Akdeniz,36.592358,36.158158,2023-10-01T06:00:00.000Z,29.6,,turkiye.gov.tr,1
17375,FİNİKE,Antalya,Finike,Akdeniz,36.3024,30.1458,2023-10-01T06:00:00.000Z,28.4,,turkiye.gov.tr,1
17380,KAŞ,Antalya,Kaş,Akdeniz,36.200579,29.649995,2023-10-01T06:00:00.000Z,28.6,,turkiye.gov.tr,1
17381,KUŞADASI 3. NOLU ŞAMANDIRA,Aydın,Kuşadası,Ege,37.8458,27.2194,2023-10-01T06:00:00.000Z,24.0,,turkiye.gov.tr,1
17383,NARLIDERE/İZMİR KÖRFEZİ A NOKTASI IŞIKLI ŞAMANDIRA,İzmir,Narlıdere,Ege,38.421203,26.917843,2023-10-01T06:00:00.000Z,25.4,,turkiye.gov.tr,1
17385,MERSİN GÜNEY MENDİREK İSTİKAMET FENERİ,Mersin,Akdeniz,Akdeniz,36.784036,34.635222,2023-10-01T06:00:00.000Z,28.0,,turkiye.gov.tr,1
17386,BODRUM KARAADA SIĞLIK IŞIKLI ŞAMANDIRA,Muğla,Bodrum,Ege,37.0081,27.4142,2023-10-01T06:00:00.000Z,25.3,,turkiye.gov.tr,1
17387,GİRESUN PALAMUT KAYALIĞI MAHMUZ FENERİ,Giresun,Merkez,Karadeniz,40.9182,38.3783,2023-10-01T06:00:00.000Z,24.0,,turkiye.gov.tr,1
17422,BANDIRMA KUZEY MENDİREK FENERİ,Balıkesir,Bandırma,Marmara,40.358554,27.958451,2023-10-01T06:00:00.000Z,22.7,,turkiye.gov.tr,1
17423,MARMARA BARINAK ANA MENDİREK FENERİ,Balıkesir,Marmara,Marmara,40.583839,27.560849,2023-10-01T06:00:00.000Z,25.2,,turkiye.gov.tr,1
17424,MARMARA/SARAYLAR KÖYÜ BARINAK (SANDAL BASENİ) FENERİ,Balıkesir,Marmara,Marmara,40.657488,27.662533,2023-10-01T06:00:00.000Z,23.3,,turkiye.gov.tr,1
17426,BARTIN GÜNEY MENDİREK FENERİ,Bartın,Merkez,Karadeniz,41.6864,32.2261,2023-10-01T06:00:00.000Z,22.9,,turkiye.gov.tr,1
17428,AYVACIK/GÜLPINAR ANA MENDİREK FENERİ,Çanakkale,Ayvacık,Ege,39.5658,26.0967,2023-10-01T06:00:00.000Z,21.8,,turkiye.gov.tr,1
17429,ECEABAT/KABATEPE GÜNEY MENDİREK FENERİ,Çanakkale,Eceabat,Ege,40.2019,26.2669,2023-10-01T06:00:00.000Z,22.8,,turkiye.gov.tr,1
17430,GÖKÇEADA KALEKÖY ANA MENDİREK FENERİ,Çanakkale,Gökçeada,Ege,40.2317,25.8914,2023-10-01T06:00:00.000Z,23.1,,turkiye.gov.tr,1
17431,BİGA/KARABİGA BAR. (B) NOKTASI GÜNEY MEN. FENERİ,Çanakkale,Biga,Marmara,40.399583,27.305591,2023-10-01T06:00:00.000Z,22.8,,turkiye.gov.tr,1
17432,EZİNE/GEYİKLİ ODUNLUK İSKELE FENERİ,Çanakkale,Ezine,Ege,39.818998,26.160008,2023-10-01T06:00:00.000Z,21.0,,turkiye.gov.tr,1
17434,EZİNE YENİKÖY BAL.BAR. ANA MENDİREK FENERİ,Çanakkale,Ezine,Ege,39.9447,26.1611,2023-10-01T06:00:00.000Z,20.1,,turkiye.gov.tr,1
17435,AKÇAKOCA FENERİ,Düzce,Akçakoca,Karadeniz,41.0922,31.1197,2023-10-01T06:00:00.000Z,20.4,,turkiye.gov.tr,1
17436,ENEZ TALİ MENDİREK FENERİ,Edirne,Enez,Ege,40.698218,26.051263,2023-10-01T06:00:00.000Z,23.7,,turkiye.gov.tr,1
17437,TUZLA AYDINLI LİMAN FENERİ,İstanbul,Tuzla,Marmara,40.850611,29.271174,2023-10-01T06:00:00.000Z,23.9,,turkiye.gov.tr,1
17438,SİLİVRİ ANA MENDİREK FENERİ,İstanbul,Silivri,Marmara,41.072866,28.238398,2023-10-01T06:00:00.000Z,21.5,,turkiye.gov.tr,1
17441,GÜZELBAHÇE FENERİ,İzmir,Güzelbahçe,Ege,38.378579,26.885605,2023-10-01T06:00:00.000Z,25.2,,turkiye.gov.tr,1
17442,KONAK/İZMİR PASAPORT MENDİREK FENERİ,İzmir,Konak,Ege,38.429236,27.131698,2023-10-01T06:00:00.000Z,25.2,,turkiye.gov.tr,1
17443,ÇEŞME/KALE YERİ SIĞ.(DÖKÜNTÜTAŞI) FENERİ,İzmir,Çeşme,Ege,38.329226,26.267881,2023-10-01T06:00:00.000Z,23.5,,turkiye.gov.tr,1
17444,KARABURUN/MORDOĞAN ANA MENDİREK (KUZEY) FENERİ,İzmir,Karaburun,Ege,38.517845,26.627861,2023-10-01T06:00:00.000Z,24.1,,turkiye.gov.tr,1
17447,VİZE/MİDYE KIYIKÖY BATI MENDİREK FENERİ (ANA),Kırklareli,Vize,Karadeniz,41.630847,28.101353,2023-10-01T06:00:00.000Z,22.8,,turkiye.gov.tr,1
17448,TUZLA İTÜ GÜNEY MENDİREK FENERİ,İstanbul,Tuzla,Marmara,40.811828,29.297373,2023-10-01T06:00:00.000Z,20.9,,turkiye.gov.tr,1
17449,KANDIRA/KEFKEN ADASI DOĞU MENDİREK FENERİ,Kocaeli,Kandıra,Karadeniz,41.211869,30.260694,2023-10-01T06:00:00.000Z,24.1,,turkiye.gov.tr,1
17451,MARMARA EREĞLİSİ BAL.BAR.ANA MENDİREK FENERİ,Tekirdağ,Marmaraereğlisi,Marmara,40.970825,27.959676,2023-10-01T06:00:00.000Z,20.2,,turkiye.gov.tr,1
17452,YALOVA SAMANLIDERE TALİ (DOĞU) MENDİREK FENERİ,Yalova,Merkez,Marmara,40.660597,29.246969,2023-10-01T06:00:00.000Z,22.2,,turkiye.gov.tr,1
17454,FATİH/KUMKAPI FENERİ,İstanbul,Fatih,Marmara,41.000994,28.965432,2023-10-01T06:00:00.000Z,22.1,,turkiye.gov.tr,1
17460,ÜNYE BALIKÇI BARINAĞI ANA MENDİREK FENERİ,Ordu,Ünye,Karadeniz,41.116448,37.348722,2023-10-01T06:00:00.000Z,21.8,,turkiye.gov.tr,1
17464,TRABZON LİMANI ANA MENDİREK FENERİ,Trabzon,Ortahisar,Karadeniz,41.006776,39.750108,2023-10-01T06:00:00.000Z,22.8,,turkiye.gov.tr,1
17465,ARAKLI BALIKÇI BARINAĞI TALİ MENDİREK FENERİ,Trabzon,Araklı,Karadeniz,40.945081,40.053776,2023-10-01T06:00:00.000Z,21.6,,turkiye.gov.tr,1
17466,ÇAYELİ BALIKÇI BARINAĞI TALİ MENDİREK FENERİ,Rize,Çayeli,Karadeniz,41.090095,40.722557,2023-10-01T06:00:00.000Z,19.8,,turkiye.gov.tr,1
17467,HOPA ANA MENDİREK FENERİ,Artvin,Hopa,Karadeniz,41.420291,41.429843,2023-10-01T06:00:00.000Z,25.7,,turkiye.gov.tr,1
17470,İNCEBURUN (YILDIZADASI) MARMARİS FENERİ,Muğla,Marmaris,Akdeniz,36.813936,28.265907,2023-10-01T06:00:00.000Z,25.4,,turkiye.gov.tr,1
17472,FETHİYE/İBLİSBURNU DÖKÜNTÜTAŞ FENERİ,Muğla,Fethiye,Akdeniz,36.5455556,29.0108333,2023-10-01T06:00:00.000Z,27.8,,turkiye.gov.tr,1
17473,KAŞ BAYINDIR ANA MENDİREK FENERİ,Antalya,Kaş,Akdeniz,36.183225,29.642011,2023-10-01T06:00:00.000Z,28.2,,turkiye.gov.tr,1
17475,KEMER SIĞLIK FENERİ,Antalya,Kemer,Akdeniz,36.612395,30.574242,2023-10-01T06:00:00.000Z,28.8,,turkiye.gov.tr,1
17479,SİLİFKE/TAŞUCU SEKA ANA MENDİREK FENERİ,Mersin,Silifke,Akdeniz,36.309162,33.889845,2023-10-01T06:00:00.000Z,26.6,,turkiye.gov.tr,1
17480,KARATAŞ BALIKÇI BARINAĞI TALİ MENDİREK FENERİ,Adana,Karataş,Akdeniz,36.557986,35.383499,2023-10-01T06:00:00.000Z,27.5,,turkiye.gov.tr,1
17482,VAN LİMAN,Van,Tuşba,Van Gölü,38.51486,43.307362,2023-10-01T06:00:00.000Z,19.4,,turkiye.gov.tr,1
17483,TATVAN LİMAN,Bitlis,Tatvan,Van Gölü,38.512592,42.302103,2023-10-01T06:00:00.000Z,14.4,,turkiye.gov.tr,1
17484,ADİLCEVAZ LİMAN,Bitlis,Adilcevaz,Van Gölü,38.797236,42.729931,2023-10-01T06:00:00.000Z,19.6,,turkiye.gov.tr,1
17486,İSKENDERUN KÖRFEZİ,Hatay,Payas,Akdeniz,36.59159,36.17992,2023-10-01T06:00:00.000Z,29.2,,turkiye.gov.tr,1
17489,MUDANYA/GÜZELYALI BALIKÇI BARINAĞI,Bursa,Mudanya,Marmara,40.35612,28.934036,2023-10-01T06:00:00.000Z,20.8,,turkiye.gov.tr,1
17491,GEVAŞ AKDAMAR FENERİ,Van,Gevaş,Van Gölü,38.309988,43.041398,2023-10-01T06:00:00.000Z,19.9,,turkiye.gov.tr,1
17492,DİDİM MARİNA FENERİ,Aydın,Didim,Ege,37.3369,27.264,2023-10-01T06:00:00.000Z,26.0,,turkiye.gov.tr,1
17493,SEFERİHİSAR/SIĞACIK MARİNA FENERİ,İzmir,Seferihisar,Ege,38.195707,26.782742,2023-10-01T06:00:00.000Z,24.1,,turkiye.gov.tr,1
17015,AKÇAKOCA,Düzce,Akçakoca,Karadeniz,41.089528,31.143039,2023-10-02T06:00:00.000Z,20.0,,turkiye.gov.tr,1
17024,İNEBOLU,Kastamonu,İnebolu,Karadeniz,41.978937,33.762945,2023-10-02T06:00:00.000Z,20.8,,turkiye.gov.tr,1
17026,SİNOP,Sinop,Merkez,Karadeniz,42.029821,35.154286,2023-10-02T06:00:00.000Z,22.7,,turkiye.gov.tr,1
17030,SAMSUN BÖLGE,Samsun,Atakum,Karadeniz,41.344286,36.255794,2023-10-02T06:00:00.000Z,23.0,,turkiye.gov.tr,1
17033,ORDU,Ordu,Altınordu,Karadeniz,40.983833,37.885833,2023-10-02T06:00:00.000Z,22.3,,turkiye.gov.tr,1
17034,GİRESUN,Giresun,Merkez,Karadeniz,40.922667,38.387833,2023-10-02T06:00:00.000Z,23.9,,turkiye.gov.tr,1
17038,TRABZON HAVALİMANI,Trabzon,Ortahisar,Karadeniz,40.999133,39.779248,2023-10-02T06:00:00.000Z,21.9,,turkiye.gov.tr,1
17040,RİZE,Rize,Merkez,Karadeniz,41.04,40.501333,2023-10-02T06:00:00.000Z,22.8,,turkiye.gov.tr,1
17042,HOPA,Artvin,Hopa,Karadeniz,41.4065,41.433,2023-10-02T06:00:00.000Z,25.6,,turkiye.gov.tr,1
17044,RİZE ARTVİN HAVALİMANI,Rize,Pazar,Karadeniz,41.177687,40.835223,2023-10-02T06:00:00.000Z,24.0,,turkiye.gov.tr,1
17056,TEKİRDAĞ,Tekirdağ,Süleymanpaşa,Marmara,40.957959,27.496181,2023-10-02T06:00:00.000Z,21.0,,turkiye.gov.tr,1
17112,ÇANAKKALE,Çanakkale,Merkez,Marmara,40.141428,26.399616,2023-10-02T06:00:00.000Z,22.0,,turkiye.gov.tr,1
17175,AYVALIK,Balıkesir,Ayvalık,Ege,39.311292,26.686445,2023-10-02T06:00:00.000Z,23.2,,turkiye.gov.tr,1
17180,DİKİLİ,İzmir,Dikili,Ege,39.073861,26.888093,2023-10-02T06:00:00.000Z,22.5,,turkiye.gov.tr,1
17220,İZMİR BÖLGE,İzmir,Konak,Ege,38.3945,27.0821,2023-10-02T06:00:00.000Z,25.1,,turkiye.gov.tr,1
17221,ÇEŞME,İzmir,Çeşme,Ege,38.303858,26.372882,2023-10-02T06:00:00.000Z,22.2,,turkiye.gov.tr,1
17232,KUŞADASI,Aydın,Kuşadası,Ege,37.859636,27.265115,2023-10-02T06:00:00.000Z,23.9,,turkiye.gov.tr,1
17290,BODRUM,Muğla,Bodrum,Ege,37.032611,27.439801,2023-10-02T06:00:00.000Z,25.4,,turkiye.gov.tr,1
17296,FETHİYE,Muğla,Fethiye,Akdeniz,36.626611,29.123804,2023-10-02T06:00:00.000Z,28.0,,turkiye.gov.tr,1
17297,DATÇA,Muğla,Datça,Ege,36.707945,27.691918,2023-10-02T06:00:00.000Z,24.8,,turkiye.gov.tr,1
17298,MARMARİS,Muğla,Marmaris,Akdeniz,36.83926,28.244995,2023-10-02T06:00:00.000Z,26.0,,turkiye.gov.tr,1
17302,ANTALYA BÖLGE,Antalya,Muratpaşa,Akdeniz,36.885073,30.682793,2023-10-02T06:00:00.000Z,28.0,,turkiye.gov.tr,1
17310,ALANYA,Antalya,Alanya,Akdeniz,36.54999,31.979822,2023-10-02T06:00:00.000Z,27.0,,turkiye.gov.tr,1
17320,ANAMUR,Mersin,Anamur,Akdeniz,36.068614,32.864876,2023-10-02T06:00:00.000Z,27.4,,turkiye.gov.tr,1
17340,MERSİN,Mersin,Yenişehir,Akdeniz,36.780904,34.603125,2023-10-02T06:00:00.000Z,28.0,,turkiye.gov.tr,1
17370,İSKENDERUN,Hatay,İskenderun,Akdeniz,36.592358,36.158158,2023-10-02T06:00:00.000Z,29.4,,turkiye.gov.tr,1
17375,FİNİKE,Antalya,Finike,Akdeniz,36.3024,30.1458,2023-10-02T06:00:00.000Z,28.2,,turkiye.gov.tr,1
17380,KAŞ,Antalya,Kaş,Akdeniz,36.200579,29.649995,2023-10-02T06:00:00.000Z,28.0,,turkiye.gov.tr,1
17381,KUŞADASI 3. NOLU ŞAMANDIRA,Aydın,Kuşadası,Ege,37.8458,27.2194,2023-10-02T06:00:00.000Z,24.0,,turkiye.gov.tr,1
17383,NARLIDERE/İZMİR KÖRFEZİ A NOKTASI IŞIKLI ŞAMANDIRA,İzmir,Narlıdere,Ege,38.421203,26.917843,2023-10-02T06:00:00.000Z,25.3,,turkiye.gov.tr,1
17385,MERSİN GÜNEY MENDİREK İSTİKAMET FENERİ,Mersin,Akdeniz,Akdeniz,36.784036,34.635222,2023-10-02T06:00:00.000Z,28.7,,turkiye.gov.tr,1
17386,BODRUM KARAADA SIĞLIK IŞIKLI ŞAMANDIRA,Muğla,Bodrum,Ege,37.0081,27.4142,2023-10-02T06:00:00.000Z,25.0,,turkiye.gov.tr,1
17422,BANDIRMA KUZEY MENDİREK FENERİ,Balıkesir,Bandırma,Marmara,40.358554,27.958451,2023-10-02T06:00:00.000Z,22.6,,turkiye.gov.tr,1
17423,MARMARA BARINAK ANA MENDİREK FENERİ,Balıkesir,Marmara,Marmara,40.583839,27.560849,2023-10-02T06:00:00.000Z,25.0,,turkiye.gov.tr,1
17424,MARMARA/SARAYLAR KÖYÜ BARINAK (SANDAL BASENİ) FENERİ,Balıkesir,Marmara,Marmara,40.657488,27.662533,2023-10-02T06:00:00.000Z,24.1,,turkiye.gov.tr,1
17426,BARTIN GÜNEY MENDİREK FENERİ,Bartın,Merkez,Karadeniz,41.6864,32.2261,2023-10-02T06:00:00.000Z,23.4,,turkiye.gov.tr,1
17428,AYVACIK/GÜLPINAR ANA MENDİREK FENERİ,Çanakkale,Ayvacık,Ege,39.5658,26.0967,2023-10-02T06:00:00.000Z,21.3,,turkiye.gov.tr,1
17429,ECEABAT/KABATEPE GÜNEY MENDİREK FENERİ,Çanakkale,Eceabat,Ege,40.2019,26.2669,2023-10-02T06:00:00.000Z,21.9,,turkiye.gov.tr,1
17430,GÖKÇEADA KALEKÖY ANA MENDİREK FENERİ,Çanakkale,Gökçeada,Ege,40.2317,25.8914,2023-10-02T06:00:00.000Z,23.3,,turkiye.gov.tr,1
17431,BİGA/KARABİGA BAR. (B) NOKTASI GÜNEY MEN. FENERİ,Çanakkale,Biga,Marmara,40.399583,27.305591,2023-10-02T06:00:00.000Z,22.9,,turkiye.gov.tr,1
17432,EZİNE/GEYİKLİ ODUNLUK İSKELE FENERİ,Çanakkale,Ezine,Ege,39.818998,26.160008,2023-10-02T06:00:00.000Z,21.1,,turkiye.gov.tr,1
17434,EZİNE YENİKÖY BAL.BAR. ANA MENDİREK FENERİ,Çanakkale,Ezine,Ege,39.9447,26.1611,2023-10-02T06:00:00.000Z,19.9,,turkiye.gov.tr,1
17435,AKÇAKOCA FENERİ,Düzce,Akçakoca,Karadeniz,41.0922,31.1197,2023-10-02T06:00:00.000Z,19.9,,turkiye.gov.tr,1
17436,ENEZ TALİ MENDİREK FENERİ,Edirne,Enez,Ege,40.698218,26.051263,2023-10-02T06:00:00.000Z,23.8,,turkiye.gov.tr,1
17437,TUZLA AYDINLI LİMAN FENERİ,İstanbul,Tuzla,Marmara,40.850611,29.271174,2023-10-02T06:00:00.000Z,23.5,,turkiye.gov.tr,1
17438,SİLİVRİ ANA MENDİREK FENERİ,İstanbul,Silivri,Marmara,41.072866,28.238398,2023-10-02T06:00:00.000Z,21.5,,turkiye.gov.tr,1
17441,GÜZELBAHÇE FENERİ,İzmir,Güzelbahçe,Ege,38.378579,26.885605,2023-10-02T06:00:00.000Z,25.5,,turkiye.gov.tr,1
17442,KONAK/İZMİR PASAPORT MENDİREK FENERİ,İzmir,Konak,Ege,38.429236,27.131698,2023-10-02T06:00:00.000Z,25.1,,turkiye.gov.tr,1
17443,ÇEŞME/KALE YERİ SIĞ.(DÖKÜNTÜTAŞI) FENERİ,İzmir,Çeşme,Ege,38.329226,26.267881,2023-10-02T06:00:00.000Z,23.7,,turkiye.gov.tr,1
17444,KARABURUN/MORDOĞAN ANA MENDİREK (KUZEY) FENERİ,İzmir,Karaburun,Ege,38.517845,26.627861,2023-10-02T06:00:00.000Z,24.1,,turkiye.gov.tr,1
17447,VİZE/MİDYE KIYIKÖY BATI MENDİREK FENERİ (ANA),Kırklareli,Vize,Karadeniz,41.630847,28.101353,2023-10-02T06:00:00.000Z,23.2,,turkiye.gov.tr,1
17448,TUZLA İTÜ GÜNEY MENDİREK FENERİ,İstanbul,Tuzla,Marmara,40.811828,29.297373,2023-10-02T06:00:00.000Z,21.6,,turkiye.gov.tr,1
17449,KANDIRA/KEFKEN ADASI DOĞU MENDİREK FENERİ,Kocaeli,Kandıra,Karadeniz,41.211869,30.260694,2023-10-02T06:00:00.000Z,24.1,,turkiye.gov.tr,1
17451,MARMARA EREĞLİSİ BAL.BAR.ANA MENDİREK FENERİ,Tekirdağ,Marmaraereğlisi,Marmara,40.970825,27.959676,2023-10-02T06:00:00.000Z,22.7,,turkiye.gov.tr,1
17452,YALOVA SAMANLIDERE TALİ (DOĞU) MENDİREK FENERİ,Yalova,Merkez,Marmara,40.660597,29.246969,2023-10-02T06:00:00.000Z,24.8,,turkiye.gov.tr,1
17454,FATİH/KUMKAPI FENERİ,İstanbul,Fatih,Marmara,41.000994,28.965432,2023-10-02T06:00:00.000Z,22.5,,turkiye.gov.tr,1
17460,ÜNYE BALIKÇI BARINAĞI ANA MENDİREK FENERİ,Ordu,Ünye,Karadeniz,41.116448,37.348722,2023-10-02T06:00:00.000Z,21.5,,turkiye.gov.tr,1
17464,TRABZON LİMANI ANA MENDİREK FENERİ,Trabzon,Ortahisar,Karadeniz,41.006776,39.750108,2023-10-02T06:00:00.000Z,22.8,,turkiye.gov.tr,1
17465,ARAKLI BALIKÇI BARINAĞI TALİ MENDİREK FENERİ,Trabzon,Araklı,Karadeniz,40.945081,40.053776,2023-10-02T06:00:00.000Z,21.5,,turkiye.gov.tr,1
17466,ÇAYELİ BALIKÇI BARINAĞI TALİ MENDİREK FENERİ,Rize,Çayeli,Karadeniz,41.090095,40.722557,2023-10-02T06:00:00.000Z,19.3,,turkiye.gov.tr,1
17467,HOPA ANA MENDİREK FENERİ,Artvin,Hopa,Karadeniz,41.420291,41.429843,2023-10-02T06:00:00.000Z,25.4,,turkiye.gov.tr,1
17470,İNCEBURUN (YILDIZADASI) MARMARİS FENERİ,Muğla,Marmaris,Akdeniz,36.813936,28.265907,2023-10-02T06:00:00.000Z,25.8,,turkiye.gov.tr,1
17472,FETHİYE/İBLİSBURNU DÖKÜNTÜTAŞ FENERİ,Muğla,Fethiye,Akdeniz,36.5455556,29.0108333,2023-10-02T06:00:00.000Z,28.2,,turkiye.gov.tr,1
17473,KAŞ BAYINDIR ANA MENDİREK FENERİ,Antalya,Kaş,Akdeniz,36.183225,29.642011,2023-10-02T06:00:00.000Z,30.9,,turkiye.gov.tr,1
17476,KONYAALTI/ANTALYA YENİ LİMAN ANA MENDİREK FENERİ,Antalya,Konyaaltı,Akdeniz,36.834011,30.616572,2023-10-02T06:00:00.000Z,28.5,,turkiye.gov.tr,1
17479,SİLİFKE/TAŞUCU SEKA ANA MENDİREK FENERİ,Mersin,Silifke,Akdeniz,36.309162,33.889845,2023-10-02T06:00:00.000Z,27.0,,turkiye.gov.tr,1
17480,KARATAŞ BALIKÇI BARINAĞI TALİ MENDİREK FENERİ,Adana,Karataş,Akdeniz,36.557986,35.383499,2023-10-02T06:00:00.000Z,28.2,,turkiye.gov.tr,1
17482,VAN LİMAN,Van,Tuşba,Van Gölü,38.51486,43.307362,2023-10-02T06:00:00.000Z,18.9,,turkiye.gov.tr,1
17483,TATVAN LİMAN,Bitlis,Tatvan,Van Gölü,38.512592,42.302103,2023-10-02T06:00:00.000Z,15.6,,turkiye.gov.tr,1
17484,ADİLCEVAZ LİMAN,Bitlis,Adilcevaz,Van Gölü,38.797236,42.729931,2023-10-02T06:00:00.000Z,19.6,,turkiye.gov.tr,1
17486,İSKENDERUN KÖRFEZİ,Hatay,Payas,Akdeniz,36.59159,36.17992,2023-10-02T06:00:00.000Z,30.0,,turkiye.gov.tr,1
17489,MUDANYA/GÜZELYALI BALIKÇI BARINAĞI,Bursa,Mudanya,Marmara,40.35612,28.934036,2023-10-02T06:00:00.000Z,20.8,,turkiye.gov.tr,1
17491,GEVAŞ AKDAMAR FENERİ,Van,Gevaş,Van Gölü,38.309988,43.041398,2023-10-02T06:00:00.000Z,19.5,,turkiye.gov.tr,1
17492,DİDİM MARİNA FENERİ,Aydın,Didim,Ege,37.3369,27.264,2023-10-02T06:00:00.000Z,27.2,,turkiye.gov.tr,1
17493,SEFERİHİSAR/SIĞACIK MARİNA FENERİ,İzmir,Seferihisar,Ege,38.195707,26.782742,2023-10-02T06:00:00.000Z,25.6,,turkiye.gov.tr,1
17470,İNCEBURUN (YILDIZADASI) MARMARİS FENERİ,Muğla,Marmaris,Akdeniz,36.813936,28.265907,2023-12-01T05:03:00.000Z,20.6,,mgm,0
17015,AKÇAKOCA,Düzce,Akçakoca,Karadeniz,41.089528,31.143039,2023-12-01T06:00:00.000Z,13.0,,mgm,0
17024,İNEBOLU,Kastamonu,İnebolu,Karadeniz,41.978937,33.762945,2023-12-01T06:00:00.000Z,14.0,,mgm,0
17026,SİNOP,Sinop,Merkez,Karadeniz,42.029821,35.154286,2023-12-01T06:00:00.000Z,15.4,,mgm,0
17030,SAMSUN BÖLGE,Samsun,Atakum,Karadeniz,41.344286,36.255794,2023-12-01T06:00:00.000Z,15.5,,mgm,0
17033,ORDU,Ordu,Altınordu,Karadeniz,40.983833,37.885833,2023-12-01T06:00:00.000Z,15.4,,mgm,0
17034,GİRESUN,Giresun,Merkez,Karadeniz,40.922667,38.387833,2023-12-01T06:00:00.000Z,14.2,,mgm,0
17040,RİZE,Rize,Merkez,Karadeniz,41.04,40.501333,2023-12-01T06:00:00.000Z,15.7,,mgm,0
17042,HOPA,Artvin,Hopa,Karadeniz,41.4065,41.433,2023-12-01T06:00:00.000Z,16.5,,mgm,0
17044,RİZE ARTVİN HAVALİMANI,Rize,Pazar,Karadeniz,41.177687,40.835223,2023-12-01T06:00:00.000Z,16.0,,mgm,0
17056,TEKİRDAĞ,Tekirdağ,Süleymanpaşa,Marmara,40.957959,27.496181,2023-12-01T06:00:00.000Z,14.3,,mgm,0
17112,ÇANAKKALE,Çanakkale,Merkez,Marmara,40.141428,26.399616,2023-12-01T06:00:00.000Z,18.1,,mgm,0
17175,AYVALIK,Balıkesir,Ayvalık,Ege,39.311292,26.686445,2023-12-01T06:00:00.000Z,18.5,,mgm,0
17180,DİKİLİ,İzmir,Dikili,Ege,39.073861,26.888093,2023-12-01T06:00:00.000Z,18.1,,mgm,0
17220,İZMİR BÖLGE,İzmir,Konak,Ege,38.3945,27.0821,2023-12-01T06:00:00.000Z,19.5,,mgm,0
17221,ÇEŞME,İzmir,Çeşme,Ege,38.303858,26.372882,2023-12-01T06:00:00.000Z,20.3,,mgm,0
17232,KUŞADASI,Aydın,Kuşadası,Ege,37.859636,27.265115,2023-12-01T06:00:00.000Z,20.9,,mgm,0
17290,BODRUM,Muğla,Bodrum,Ege,37.032611,27.439801,2023-12-01T06:00:00.000Z,21.8,,mgm,0
17296,FETHİYE,Muğla,Fethiye,Akdeniz,36.626611,29.123804,2023-12-01T06:00:00.000Z,22.4,,mgm,0
17297,DATÇA,Muğla,Datça,Ege,36.707945,27.691918,2023-12-01T06:00:00.000Z,21.4,,mgm,0
17302,ANTALYA BÖLGE,Antalya,Muratpaşa,Akdeniz,36.885073,30.682793,2023-12-01T06:00:00.000Z,21.4,,mgm,0
17310,ALANYA,Antalya,Alanya,Akdeniz,36.54999,31.979822,2023-12-01T06:00:00.000Z,23.2,,mgm,0
17320,ANAMUR,Mersin,Anamur,Akdeniz,36.068614,32.864876,2023-12-01T06:00:00.000Z,20.8,,mgm,0
17340,MERSİN,Mersin,Yenişehir,Akdeniz,36.780904,34.603125,2023-12-01T06:00:00.000Z,20.4,,mgm,0
17370,İSKENDERUN,Hatay,İskenderun,Akdeniz,36.592358,36.158158,2023-12-01T06:00:00.000Z,18.0,,mgm,0
17375,FİNİKE,Antalya,Finike,Akdeniz,36.3024,30.1458,2023-12-01T06:00:00.000Z,23.5,,mgm,0
17380,KAŞ,Antalya,Kaş,Akdeniz,36.200579,29.649995,2023-12-01T06:00:00.000Z,23.0,,mgm,0
17424,MARMARA/SARAYLAR KÖYÜ BARINAK (SANDAL BASENİ) FENERİ,Balıkesir,Marmara,Marmara,40.657488,27.662533,2023-12-01T07:14:00.000Z,15.5,,mgm,0
17391,SAMSUN ŞAMANDIRA,Samsun,Çarşamba,Karadeniz,41.436283,36.557767,2023-12-01T10:30:00.000Z,16.2,,mgm,0
17397,ORDU ŞAMANDIRA,Ordu,Gülyalı,Karadeniz,41.048017,38.14585,2023-12-01T10:30:00.000Z,16.5,,mgm,0
17438,SİLİVRİ ANA MENDİREK FENERİ,İstanbul,Silivri,Marmara,41.072866,28.238398,2023-12-01T10:30:00.000Z,14.3,,mgm,0
17448,TUZLA İTÜ GÜNEY MENDİREK FENERİ,İstanbul,Tuzla,Marmara,40.811828,29.297373,2023-12-01T10:30:00.000Z,14.6,,mgm,0
17430,GÖKÇEADA KALEKÖY ANA MENDİREK FENERİ,Çanakkale,Gökçeada,Ege,40.2317,25.8914,2023-12-01T10:36:00.000Z,18.9,,mgm,0
17433,GÖKÇEADA UĞURLU LİMAN FENERİ,Çanakkale,Gökçeada,Ege,40.1153,25.6989,2023-12-01T10:36:00.000Z,19.4,,mgm,0
17381,KUŞADASI 3. NOLU ŞAMANDIRA,Aydın,Kuşadası,Ege,37.8458,27.2194,2023-12-01T10:37:00.000Z,21.0,,mgm,0
17383,NARLIDERE/İZMİR KÖRFEZİ A NOKTASI IŞIKLI ŞAMANDIRA,İzmir,Narlıdere,Ege,38.421203,26.917843,2023-12-01T10:37:00.000Z,19.8,,mgm,0
17422,BANDIRMA KUZEY MENDİREK FENERİ,Balıkesir,Bandırma,Marmara,40.358554,27.958451,2023-12-01T10:37:00.000Z,15.3,,mgm,0
17429,ECEABAT/KABATEPE GÜNEY MENDİREK FENERİ,Çanakkale,Eceabat,Ege,40.2019,26.2669,2023-12-01T10:37:00.000Z,20.1,,mgm,0
17432,EZİNE/GEYİKLİ ODUNLUK İSKELE FENERİ,Çanakkale,Ezine,Ege,39.818998,26.160008,2023-12-01T10:37:00.000Z,19.1,,mgm,0
17434,EZİNE YENİKÖY BAL.BAR. ANA MENDİREK FENERİ,Çanakkale,Ezine,Ege,39.9447,26.1611,2023-12-01T10:37:00.000Z,18.1,,mgm,0
17437,TUZLA AYDINLI LİMAN FENERİ,İstanbul,Tuzla,Marmara,40.850611,29.271174,2023-12-01T10:37:00.000Z,16.7,,mgm,0
17441,GÜZELBAHÇE FENERİ,İzmir,Güzelbahçe,Ege,38.378579,26.885605,2023-12-01T10:37:00.000Z,20.0,,mgm,0
17442,KONAK/İZMİR PASAPORT MENDİREK FENERİ,İzmir,Konak,Ege,38.429236,27.131698,2023-12-01T10:37:00.000Z,18.2,,mgm,0
17444,KARABURUN/MORDOĞAN ANA MENDİREK (KUZEY) FENERİ,İzmir,Karaburun,Ege,38.517845,26.627861,2023-12-01T10:37:00.000Z,20.5,,mgm,0
17447,VİZE/MİDYE KIYIKÖY BATI MENDİREK FENERİ (ANA),Kırklareli,Vize,Karadeniz,41.630847,28.101353,2023-12-01T10:37:00.000Z,13.0,,mgm,0
17450,BODRUM YALIKAVAK GEMİTAŞI FENERİ,Muğla,Bodrum,Ege,37.150133,27.263333,2023-12-01T10:37:00.000Z,18.8,,mgm,0
17451,MARMARA EREĞLİSİ BAL.BAR.ANA MENDİREK FENERİ,Tekirdağ,Marmaraereğlisi,Marmara,40.970825,27.959676,2023-12-01T10:37:00.000Z,13.1,,mgm,0
17452,YALOVA SAMANLIDERE TALİ (DOĞU) MENDİREK FENERİ,Yalova,Merkez,Marmara,40.660597,29.246969,2023-12-01T10:37:00.000Z,15.6,,mgm,0
17454,FATİH/KUMKAPI FENERİ,İstanbul,Fatih,Marmara,41.000994,28.965432,2023-12-01T10:37:00.000Z,15.3,,mgm,0
17473,KAŞ BAYINDIR ANA MENDİREK FENERİ,Antalya,Kaş,Akdeniz,36.183225,29.642011,2023-12-01T10:37:00.000Z,23.5,,mgm,0
17475,KEMER SIĞLIK FENERİ,Antalya,Kemer,Akdeniz,36.612395,30.574242,2023-12-01T10:37:00.000Z,23.0,,mgm,0
17476,KONYAALTI/ANTALYA YENİ LİMAN ANA MENDİREK FENERİ,Antalya,Konyaaltı,Akdeniz,36.834011,30.616572,2023-12-01T10:37:00.000Z,22.1,,mgm,0
17482,VAN LİMAN,Van,Tuşba,Van Gölü,38.51486,43.307362,2023-12-01T10:37:00.000Z,9.8,,mgm,0
17483,TATVAN LİMAN,Bitlis,Tatvan,Van Gölü,38.512592,42.302103,2023-12-01T10:37:00.000Z,11.4,,mgm,0
17489,MUDANYA/GÜZELYALI BALIKÇI BARINAĞI,Bursa,Mudanya,Marmara,40.35612,28.934036,2023-12-01T10:37:00.000Z,14.3,,mgm,0
17491,GEVAŞ AKDAMAR FENERİ,Van,Gevaş,Van Gölü,38.309988,43.041398,2023-12-01T10:37:00.000Z,12.0,,mgm,0
17492,DİDİM MARİNA FENERİ,Aydın,Didim,Ege,37.3369,27.264,2023-12-01T10:37:00.000Z,22.0,,mgm,0
17493,SEFERİHİSAR/SIĞACIK MARİNA FENERİ,İzmir,Seferihisar,Ege,38.195707,26.782742,2023-12-01T10:37:00.000Z,22.0,,mgm,0
17386,BODRUM KARAADA SIĞLIK IŞIKLI ŞAMANDIRA,Muğla,Bodrum,Ege,37.0081,27.4142,2023-12-01T10:38:00.000Z,21.6,,mgm,0
17465,ARAKLI BALIKÇI BARINAĞI TALİ MENDİREK FENERİ,Trabzon,Araklı,Karadeniz,40.945081,40.053776,2023-12-01T10:38:00.000Z,13.5,,mgm,0
17466,ÇAYELİ BALIKÇI BARINAĞI TALİ MENDİREK FENERİ,Rize,Çayeli,Karadeniz,41.090095,40.722557,2023-12-01T10:38:00.000Z,12.8,,mgm,0
17480,KARATAŞ BALIKÇI BARINAĞI TALİ MENDİREK FENERİ,Adana,Karataş,Akdeniz,36.557986,35.383499,2023-12-01T10:38:00.000Z,18.6,,mgm,0
17484,ADİLCEVAZ LİMAN,Bitlis,Adilcevaz,Van Gölü,38.797236,42.729931,2023-12-01T10:38:00.000Z,10.6,,mgm,0
17460,ÜNYE BALIKÇI BARINAĞI ANA MENDİREK FENERİ,Ordu,Ünye,Karadeniz,41.116448,37.348722,2023-12-01T10:39:00.000Z,14.6,,mgm,0
17015,AKÇAKOCA,Düzce,Akçakoca,Karadeniz,41.089528,31.143039,2023-12-26T06:00:00.000Z,11.2,,mgm,0
17024,İNEBOLU,Kastamonu,İnebolu,Karadeniz,41.978937,33.762945,2023-12-26T06:00:00.000Z,13.4,,mgm,0
17026,SİNOP,Sinop,Merkez,Karadeniz,42.029821,35.154286,2023-12-26T06:00:00.000Z,13.5,,mgm,0
17030,SAMSUN BÖLGE,Samsun,Atakum,Karadeniz,41.344286,36.255794,2023-12-26T06:00:00.000Z,12.4,,mgm,0
17033,ORDU,Ordu,Altınordu,Karadeniz,40.983833,37.885833,2023-12-26T06:00:00.000Z,13.0,,mgm,0
17034,GİRESUN,Giresun,Merkez,Karadeniz,40.922667,38.387833,2023-12-26T06:00:00.000Z,12.4,,mgm,0
17038,TRABZON HAVALİMANI,Trabzon,Ortahisar,Karadeniz,40.999133,39.779248,2023-12-26T06:00:00.000Z,11.6,,mgm,0
17040,RİZE,Rize,Merkez,Karadeniz,41.04,40.501333,2023-12-26T06:00:00.000Z,13.5,,mgm,0
17042,HOPA,Artvin,Hopa,Karadeniz,41.4065,41.433,2023-12-26T06:00:00.000Z,10.6,,mgm,0
17044,RİZE ARTVİN HAVALİMANI,Rize,Pazar,Karadeniz,41.177687,40.835223,2023-12-26T06:00:00.000Z,13.1,,mgm,0
17056,TEKİRDAĞ,Tekirdağ,Süleymanpaşa,Marmara,40.957959,27.496181,2023-12-26T06:00:00.000Z,12.6,,mgm,0
17112,ÇANAKKALE,Çanakkale,Merkez,Marmara,40.141428,26.399616,2023-12-26T06:00:00.000Z,12.5,,mgm,0
17175,AYVALIK,Balıkesir,Ayvalık,Ege,39.311292,26.686445,2023-12-26T06:00:00.000Z,17.6,,mgm,0
17180,DİKİLİ,İzmir,Dikili,Ege,39.073861,26.888093,2023-12-26T06:00:00.000Z,16.8,,mgm,0
17220,İZMİR BÖLGE,İzmir,Konak,Ege,38.3945,27.0821,2023-12-26T06:00:00.000Z,15.6,,mgm,0
17221,ÇEŞME,İzmir,Çeşme,Ege,38.303858,26.372882,2023-12-26T06:00:00.000Z,18.3,,mgm,0
17232,KUŞADASI,Aydın,Kuşadası,Ege,37.859636,27.265115,2023-12-26T06:00:00.000Z,19.9,,mgm,0
17290,BODRUM,Muğla,Bodrum,Ege,37.032611,27.439801,2023-12-26T06:00:00.000Z,20.9,,mgm,0
17296,FETHİYE,Muğla,Fethiye,Akdeniz,36.626611,29.123804,2023-12-26T06:00:00.000Z,20.4,,mgm,0
17297,DATÇA,Muğla,Datça,Ege,36.707945,27.691918,2023-12-26T06:00:00.000Z,19.9,,mgm,0
17298,MARMARİS,Muğla,Marmaris,Akdeniz,36.83926,28.244995,2023-12-26T06:00:00.000Z,19.5,,mgm,0
17302,ANTALYA BÖLGE,Antalya,Muratpaşa,Akdeniz,36.885073,30.682793,2023-12-26T06:00:00.000Z,20.2,,mgm,0
17310,ALANYA,Antalya,Alanya,Akdeniz,36.54999,31.979822,2023-12-26T06:00:00.000Z,19.9,,mgm,0
17320,ANAMUR,Mersin,Anamur,Akdeniz,36.068614,32.864876,2023-12-26T06:00:00.000Z,19.3,,mgm,0
17340,MERSİN,Mersin,Yenişehir,Akdeniz,36.780904,34.603125,2023-12-26T06:00:00.000Z,18.2,,mgm,0
17370,İSKENDERUN,Hatay,İskenderun,Akdeniz,36.592358,36.158158,2023-12-26T06:00:00.000Z,20.7,,mgm,0
17375,FİNİKE,Antalya,Finike,Akdeniz,36.3024,30.1458,2023-12-26T06:00:00.000Z,22.2,,mgm,0
17380,KAŞ,Antalya,Kaş,Akdeniz,36.200579,29.649995,2023-12-26T06:00:00.000Z,22.0,,mgm,0
17470,İNCEBURUN (YILDIZADASI) MARMARİS FENERİ,Muğla,Marmaris,Akdeniz,36.813936,28.265907,2023-12-26T19:36:00.000Z,18.8,,mgm,0
17391,SAMSUN ŞAMANDIRA,Samsun,Çarşamba,Karadeniz,41.436283,36.557767,2023-12-26T22:30:00.000Z,13.1,,mgm,0
17397,ORDU ŞAMANDIRA,Ordu,Gülyalı,Karadeniz,41.048017,38.14585,2023-12-26T22:30:00.000Z,13.6,,mgm,0
17438,SİLİVRİ ANA MENDİREK FENERİ,İstanbul,Silivri,Marmara,41.072866,28.238398,2023-12-26T22:32:00.000Z,12.6,,mgm,0
17448,TUZLA İTÜ GÜNEY MENDİREK FENERİ,İstanbul,Tuzla,Marmara,40.811828,29.297373,2023-12-26T22:32:00.000Z,12.8,,mgm,0
17381,KUŞADASI 3. NOLU ŞAMANDIRA,Aydın,Kuşadası,Ege,37.8458,27.2194,2023-12-26T22:33:00.000Z,19.9,,mgm,0
17383,NARLIDERE/İZMİR KÖRFEZİ A NOKTASI IŞIKLI ŞAMANDIRA,İzmir,Narlıdere,Ege,38.421203,26.917843,2023-12-26T22:33:00.000Z,18.2,,mgm,0
17422,BANDIRMA KUZEY MENDİREK FENERİ,Balıkesir,Bandırma,Marmara,40.358554,27.958451,2023-12-26T22:33:00.000Z,13.1,,mgm,0
17424,MARMARA/SARAYLAR KÖYÜ BARINAK (SANDAL BASENİ) FENERİ,Balıkesir,Marmara,Marmara,40.657488,27.662533,2023-12-26T22:33:00.000Z,13.6,,mgm,0
17428,AYVACIK/GÜLPINAR ANA MENDİREK FENERİ,Çanakkale,Ayvacık,Ege,39.5658,26.0967,2023-12-26T22:33:00.000Z,17.1,,mgm,0
17429,ECEABAT/KABATEPE GÜNEY MENDİREK FENERİ,Çanakkale,Eceabat,Ege,40.2019,26.2669,2023-12-26T22:33:00.000Z,17.1,,mgm,0
17433,GÖKÇEADA UĞURLU LİMAN FENERİ,Çanakkale,Gökçeada,Ege,40.1153,25.6989,2023-12-26T22:33:00.000Z,18.3,,mgm,0
17434,EZİNE YENİKÖY BAL.BAR. ANA MENDİREK FENERİ,Çanakkale,Ezine,Ege,39.9447,26.1611,2023-12-26T22:33:00.000Z,16.2,,mgm,0
17437,TUZLA AYDINLI LİMAN FENERİ,İstanbul,Tuzla,Marmara,40.850611,29.271174,2023-12-26T22:33:00.000Z,14.5,,mgm,0
17441,GÜZELBAHÇE FENERİ,İzmir,Güzelbahçe,Ege,38.378579,26.885605,2023-12-26T22:33:00.000Z,17.5,,mgm,0
17444,KARABURUN/MORDOĞAN ANA MENDİREK (KUZEY) FENERİ,İzmir,Karaburun,Ege,38.517845,26.627861,2023-12-26T22:33:00.000Z,19.2,,mgm,0
17451,MARMARA EREĞLİSİ BAL.BAR.ANA MENDİREK FENERİ,Tekirdağ,Marmaraereğlisi,Marmara,40.970825,27.959676,2023-12-26T22:33:00.000Z,11.0,,mgm,0
17452,YALOVA SAMANLIDERE TALİ (DOĞU) MENDİREK FENERİ,Yalova,Merkez,Marmara,40.660597,29.246969,2023-12-26T22:33:00.000Z,13.2,,mgm,0
17454,FATİH/KUMKAPI FENERİ,İstanbul,Fatih,Marmara,41.000994,28.965432,2023-12-26T22:33:00.000Z,12.4,,mgm,0
17473,KAŞ BAYINDIR ANA MENDİREK FENERİ,Antalya,Kaş,Akdeniz,36.183225,29.642011,2023-12-26T22:33:00.000Z,22.3,,mgm,0
17476,KONYAALTI/ANTALYA YENİ LİMAN ANA MENDİREK FENERİ,Antalya,Konyaaltı,Akdeniz,36.834011,30.616572,2023-12-26T22:33:00.000Z,20.6,,mgm,0
17486,İSKENDERUN KÖRFEZİ,Hatay,Payas,Akdeniz,36.59159,36.17992,2023-12-26T22:33:00.000Z,20.9,,mgm,0
17491,GEVAŞ AKDAMAR FENERİ,Van,Gevaş,Van Gölü,38.309988,43.041398,2023-12-26T22:33:00.000Z,8.2,,mgm,0
17492,DİDİM MARİNA FENERİ,Aydın,Didim,Ege,37.3369,27.264,2023-12-26T22:33:00.000Z,20.9,,mgm,0
17493,SEFERİHİSAR/SIĞACIK MARİNA FENERİ,İzmir,Seferihisar,Ege,38.195707,26.782742,2023-12-26T22:33:00.000Z,19.8,,mgm,0
17386,BODRUM KARAADA SIĞLIK IŞIKLI ŞAMANDIRA,Muğla,Bodrum,Ege,37.0081,27.4142,2023-12-26T22:34:00.000Z,20.8,,mgm,0
17450,BODRUM YALIKAVAK GEMİTAŞI FENERİ,Muğla,Bodrum,Ege,37.150133,27.263333,2023-12-26T22:34:00.000Z,17.3,,mgm,0
17460,ÜNYE BALIKÇI BARINAĞI ANA MENDİREK FENERİ,Ordu,Ünye,Karadeniz,41.116448,37.348722,2023-12-26T22:34:00.000Z,12.7,,mgm,0
17464,TRABZON LİMANI ANA MENDİREK FENERİ,Trabzon,Ortahisar,Karadeniz,41.006776,39.750108,2023-12-26T22:34:00.000Z,11.9,,mgm,0
17465,ARAKLI BALIKÇI BARINAĞI TALİ MENDİREK FENERİ,Trabzon,Araklı,Karadeniz,40.945081,40.053776,2023-12-26T22:34:00.000Z,10.6,,mgm,0
17480,KARATAŞ BALIKÇI BARINAĞI TALİ MENDİREK FENERİ,Adana,Karataş,Akdeniz,36.557986,35.383499,2023-12-26T22:34:00.000Z,18.2,,mgm,0
17482,VAN LİMAN,Van,Tuşba,Van Gölü,38.51486,43.307362,2023-12-26T22:34:00.000Z,6.5,,mgm,0
17483,TATVAN LİMAN,Bitlis,Tatvan,Van Gölü,38.512592,42.302103,2023-12-26T22:34:00.000Z,4.1,,mgm,0
17484,ADİLCEVAZ LİMAN,Bitlis,Adilcevaz,Van Gölü,38.797236,42.729931,2023-12-26T22:34:00.000Z,4.6,,mgm,0
17489,MUDANYA/GÜZELYALI BALIKÇI BARINAĞI,Bursa,Mudanya,Marmara,40.35612,28.934036,2023-12-26T22:34:00.000Z,12.1,,mgm,0
17466,ÇAYELİ BALIKÇI BARINAĞI TALİ MENDİREK FENERİ,Rize,Çayeli,Karadeniz,41.090095,40.722557,2023-12-26T22:35:00.000Z,10.3,,mgm,0
17015,AKÇAKOCA,Düzce,Akçakoca,Karadeniz,41.089528,31.143039,2024-02-23T06:00:00.000Z,9.4,,mgm,0
17024,İNEBOLU,Kastamonu,İnebolu,Karadeniz,41.978937,33.762945,2024-02-23T06:00:00.000Z,9.4,,mgm,0
17026,SİNOP,Sinop,Merkez,Karadeniz,42.029821,35.154286,2024-02-23T06:00:00.000Z,9.7,,mgm,0
17030,SAMSUN BÖLGE,Samsun,Atakum,Karadeniz,41.344286,36.255794,2024-02-23T06:00:00.000Z,9.6,,mgm,0
17033,ORDU,Ordu,Altınordu,Karadeniz,40.983833,37.885833,2024-02-23T06:00:00.000Z,9.2,,mgm,0
17034,GİRESUN,Giresun,Merkez,Karadeniz,40.922667,38.387833,2024-02-23T06:00:00.000Z,9.5,,mgm,0
17038,TRABZON HAVALİMANI,Trabzon,Ortahisar,Karadeniz,40.999133,39.779248,2024-02-23T06:00:00.000Z,9.7,,mgm,0
17040,RİZE,Rize,Merkez,Karadeniz,41.04,40.501333,2024-02-23T06:00:00.000Z,11.5,,mgm,0
17042,HOPA,Artvin,Hopa,Karadeniz,41.4065,41.433,2024-02-23T06:00:00.000Z,9.6,,mgm,0
17044,RİZE ARTVİN HAVALİMANI,Rize,Pazar,Karadeniz,41.177687,40.835223,2024-02-23T06:00:00.000Z,10.9,,mgm,0
17056,TEKİRDAĞ,Tekirdağ,Süleymanpaşa,Marmara,40.957959,27.496181,2024-02-23T06:00:00.000Z,10.0,,mgm,0
17112,ÇANAKKALE,Çanakkale,Merkez,Marmara,40.141428,26.399616,2024-02-23T06:00:00.000Z,9.8,,mgm,0
17175,AYVALIK,Balıkesir,Ayvalık,Ege,39.311292,26.686445,2024-02-23T06:00:00.000Z,14.2,,mgm,0
17180,DİKİLİ,İzmir,Dikili,Ege,39.073861,26.888093,2024-02-23T06:00:00.000Z,14.2,,mgm,0
17220,İZMİR BÖLGE,İzmir,Konak,Ege,38.3945,27.0821,2024-02-23T06:00:00.000Z,13.4,,mgm,0
17221,ÇEŞME,İzmir,Çeşme,Ege,38.303858,26.372882,2024-02-23T06:00:00.000Z,15.4,,mgm,0
17232,KUŞADASI,Aydın,Kuşadası,Ege,37.859636,27.265115,2024-02-23T06:00:00.000Z,17.7,,mgm,0
17290,BODRUM,Muğla,Bodrum,Ege,37.032611,27.439801,2024-02-23T06:00:00.000Z,18.8,,mgm,0
17296,FETHİYE,Muğla,Fethiye,Akdeniz,36.626611,29.123804,2024-02-23T06:00:00.000Z,19.0,,mgm,0
17297,DATÇA,Muğla,Datça,Ege,36.707945,27.691918,2024-02-23T06:00:00.000Z,17.9,,mgm,0
17298,MARMARİS,Muğla,Marmaris,Akdeniz,36.83926,28.244995,2024-02-23T06:00:00.000Z,17.4,,mgm,0
17302,ANTALYA BÖLGE,Antalya,Muratpaşa,Akdeniz,36.885073,30.682793,2024-02-23T06:00:00.000Z,18.2,,mgm,0
17310,ALANYA,Antalya,Alanya,Akdeniz,36.54999,31.979822,2024-02-23T06:00:00.000Z,17.0,,mgm,0
17320,ANAMUR,Mersin,Anamur,Akdeniz,36.068614,32.864876,2024-02-23T06:00:00.000Z,17.6,,mgm,0
17340,MERSİN,Mersin,Yenişehir,Akdeniz,36.780904,34.603125,2024-02-23T06:00:00.000Z,17.2,,mgm,0
17370,İSKENDERUN,Hatay,İskenderun,Akdeniz,36.592358,36.158158,2024-02-23T06:00:00.000Z,17.8,,mgm,0
17375,FİNİKE,Antalya,Finike,Akdeniz,36.3024,30.1458,2024-02-23T06:00:00.000Z,17.9,,mgm,0
17380,KAŞ,Antalya,Kaş,Akdeniz,36.200579,29.649995,2024-02-23T06:00:00.000Z,19.1,,mgm,0
17438,SİLİVRİ ANA MENDİREK FENERİ,İstanbul,Silivri,Marmara,41.072866,28.238398,2024-02-23T20:53:00.000Z,10.1,,mgm,0
17448,TUZLA İTÜ GÜNEY MENDİREK FENERİ,İstanbul,Tuzla,Marmara,40.811828,29.297373,2024-02-23T20:53:00.000Z,9.9,,mgm,0
17381,KUŞADASI 3. NOLU ŞAMANDIRA,Aydın,Kuşadası,Ege,37.8458,27.2194,2024-02-23T20:57:00.000Z,17.8,,mgm,0
17383,NARLIDERE/İZMİR KÖRFEZİ A NOKTASI IŞIKLI ŞAMANDIRA,İzmir,Narlıdere,Ege,38.421203,26.917843,2024-02-23T20:57:00.000Z,14.4,,mgm,0
17422,BANDIRMA KUZEY MENDİREK FENERİ,Balıkesir,Bandırma,Marmara,40.358554,27.958451,2024-02-23T20:57:00.000Z,10.3,,mgm,0
17427,BOZCAADA LİMAN GİRİŞİ GÜNEY MENDİREK FENERİ,Çanakkale,Bozcaada,Ege,39.8341,26.0748,2024-02-23T20:57:00.000Z,15.5,,mgm,0
17428,AYVACIK/GÜLPINAR ANA MENDİREK FENERİ,Çanakkale,Ayvacık,Ege,39.5658,26.0967,2024-02-23T20:57:00.000Z,14.9,,mgm,0
17429,ECEABAT/KABATEPE GÜNEY MENDİREK FENERİ,Çanakkale,Eceabat,Ege,40.2019,26.2669,2024-02-23T20:57:00.000Z,13.0,,mgm,0
17434,EZİNE YENİKÖY BAL.BAR. ANA MENDİREK FENERİ,Çanakkale,Ezine,Ege,39.9447,26.1611,2024-02-23T20:57:00.000Z,15.7,,mgm,0
17437,TUZLA AYDINLI LİMAN FENERİ,İstanbul,Tuzla,Marmara,40.850611,29.271174,2024-02-23T20:57:00.000Z,12.3,,mgm,0
17441,GÜZELBAHÇE FENERİ,İzmir,Güzelbahçe,Ege,38.378579,26.885605,2024-02-23T20:57:00.000Z,15.5,,mgm,0
17442,KONAK/İZMİR PASAPORT MENDİREK FENERİ,İzmir,Konak,Ege,38.429236,27.131698,2024-02-23T20:57:00.000Z,13.5,,mgm,0
17447,VİZE/MİDYE KIYIKÖY BATI MENDİREK FENERİ (ANA),Kırklareli,Vize,Karadeniz,41.630847,28.101353,2024-02-23T20:57:00.000Z,9.4,,mgm,0
17451,MARMARA EREĞLİSİ BAL.BAR.ANA MENDİREK FENERİ,Tekirdağ,Marmaraereğlisi,Marmara,40.970825,27.959676,2024-02-23T20:57:00.000Z,10.3,,mgm,0
17452,YALOVA SAMANLIDERE TALİ (DOĞU) MENDİREK FENERİ,Yalova,Merkez,Marmara,40.660597,29.246969,2024-02-23T20:57:00.000Z,11.0,,mgm,0
17454,FATİH/KUMKAPI FENERİ,İstanbul,Fatih,Marmara,41.000994,28.965432,2024-02-23T20:57:00.000Z,9.8,,mgm,0
17470,İNCEBURUN (YILDIZADASI) MARMARİS FENERİ,Muğla,Marmaris,Akdeniz,36.813936,28.265907,2024-02-23T20:57:00.000Z,17.0,,mgm,0
17473,KAŞ BAYINDIR ANA MENDİREK FENERİ,Antalya,Kaş,Akdeniz,36.183225,29.642011,2024-02-23T20:57:00.000Z,20.1,,mgm,0
17491,GEVAŞ AKDAMAR FENERİ,Van,Gevaş,Van Gölü,38.309988,43.041398,2024-02-23T20:57:00.000Z,6.4,,mgm,0
17492,DİDİM MARİNA FENERİ,Aydın,Didim,Ege,37.3369,27.264,2024-02-23T20:57:00.000Z,19.1,,mgm,0
17493,SEFERİHİSAR/SIĞACIK MARİNA FENERİ,İzmir,Seferihisar,Ege,38.195707,26.782742,2024-02-23T20:57:00.000Z,17.3,,mgm,0
17386,BODRUM KARAADA SIĞLIK IŞIKLI ŞAMANDIRA,Muğla,Bodrum,Ege,37.0081,27.4142,2024-02-23T20:58:00.000Z,19.1,,mgm,0
17450,BODRUM YALIKAVAK GEMİTAŞI FENERİ,Muğla,Bodrum,Ege,37.150133,27.263333,2024-02-23T20:58:00.000Z,14.3,,mgm,0
17460,ÜNYE BALIKÇI BARINAĞI ANA MENDİREK FENERİ,Ordu,Ünye,Karadeniz,41.116448,37.348722,2024-02-23T20:58:00.000Z,10.1,,mgm,0
17464,TRABZON LİMANI ANA MENDİREK FENERİ,Trabzon,Ortahisar,Karadeniz,41.006776,39.750108,2024-02-23T20:58:00.000Z,9.7,,mgm,0
17465,ARAKLI BALIKÇI BARINAĞI TALİ MENDİREK FENERİ,Trabzon,Araklı,Karadeniz,40.945081,40.053776,2024-02-23T20:58:00.000Z,8.9,,mgm,0
17466,ÇAYELİ BALIKÇI BARINAĞI TALİ MENDİREK FENERİ,Rize,Çayeli,Karadeniz,41.090095,40.722557,2024-02-23T20:58:00.000Z,8.7,,mgm,0
17475,KEMER SIĞLIK FENERİ,Antalya,Kemer,Akdeniz,36.612395,30.574242,2024-02-23T20:58:00.000Z,19.5,,mgm,0
17479,SİLİFKE/TAŞUCU SEKA ANA MENDİREK FENERİ,Mersin,Silifke,Akdeniz,36.309162,33.889845,2024-02-23T20:58:00.000Z,17.1,,mgm,0
17480,KARATAŞ BALIKÇI BARINAĞI TALİ MENDİREK FENERİ,Adana,Karataş,Akdeniz,36.557986,35.383499,2024-02-23T20:58:00.000Z,18.3,,mgm,0
17482,VAN LİMAN,Van,Tuşba,Van Gölü,38.51486,43.307362,2024-02-23T20:58:00.000Z,5.3,,mgm,0
17483,TATVAN LİMAN,Bitlis,Tatvan,Van Gölü,38.512592,42.302103,2024-02-23T20:58:00.000Z,5.1,,mgm,0
17484,ADİLCEVAZ LİMAN,Bitlis,Adilcevaz,Van Gölü,38.797236,42.729931,2024-02-23T20:58:00.000Z,5.4,,mgm,0
17489,MUDANYA/GÜZELYALI BALIKÇI BARINAĞI,Bursa,Mudanya,Marmara,40.35612,28.934036,2024-02-23T20:58:00.000Z,10.0,,mgm,0
17015,AKÇAKOCA,Düzce,Akçakoca,Karadeniz,41.089528,31.143039,2024-02-24T06:00:00.000Z,9.4,,turkiye.gov.tr,1
17024,İNEBOLU,Kastamonu,İnebolu,Karadeniz,41.978937,33.762945,2024-02-24T06:00:00.000Z,9.4,,turkiye.gov.tr,1
17026,SİNOP,Sinop,Merkez,Karadeniz,42.029821,35.154286,2024-02-24T06:00:00.000Z,9.7,,turkiye.gov.tr,1
17030,SAMSUN BÖLGE,Samsun,Atakum,Karadeniz,41.344286,36.255794,2024-02-24T06:00:00.000Z,9.5,,turkiye.gov.tr,1
17033,ORDU,Ordu,Altınordu,Karadeniz,40.983833,37.885833,2024-02-24T06:00:00.000Z,9.6,,turkiye.gov.tr,1
17034,GİRESUN,Giresun,Merkez,Karadeniz,40.922667,38.387833,2024-02-24T06:00:00.000Z,9.8,,turkiye.gov.tr,1
17038,TRABZON HAVALİMANI,Trabzon,Ortahisar,Karadeniz,40.999133,39.779248,2024-02-24T06:00:00.000Z,9.7,,turkiye.gov.tr,1
17040,RİZE,Rize,Merkez,Karadeniz,41.04,40.501333,2024-02-24T06:00:00.000Z,11.5,,turkiye.gov.tr,1
17042,HOPA,Artvin,Hopa,Karadeniz,41.4065,41.433,2024-02-24T06:00:00.000Z,9.6,,turkiye.gov.tr,1
17044,RİZE ARTVİN HAVALİMANI,Rize,Pazar,Karadeniz,41.177687,40.835223,2024-02-24T06:00:00.000Z,10.8,,turkiye.gov.tr,1
17056,TEKİRDAĞ,Tekirdağ,Süleymanpaşa,Marmara,40.957959,27.496181,2024-02-24T06:00:00.000Z,10.6,,turkiye.gov.tr,1
17112,ÇANAKKALE,Çanakkale,Merkez,Marmara,40.141428,26.399616,2024-02-24T06:00:00.000Z,9.8,,turkiye.gov.tr,1
17175,AYVALIK,Balıkesir,Ayvalık,Ege,39.311292,26.686445,2024-02-24T06:00:00.000Z,14.2,,turkiye.gov.tr,1
17180,DİKİLİ,İzmir,Dikili,Ege,39.073861,26.888093,2024-02-24T06:00:00.000Z,14.1,,turkiye.gov.tr,1
17220,İZMİR BÖLGE,İzmir,Konak,Ege,38.3945,27.0821,2024-02-24T06:00:00.000Z,13.4,,turkiye.gov.tr,1
17221,ÇEŞME,İzmir,Çeşme,Ege,38.303858,26.372882,2024-02-24T06:00:00.000Z,15.2,,turkiye.gov.tr,1
17232,KUŞADASI,Aydın,Kuşadası,Ege,37.859636,27.265115,2024-02-24T06:00:00.000Z,17.8,,turkiye.gov.tr,1
17290,BODRUM,Muğla,Bodrum,Ege,37.032611,27.439801,2024-02-24T06:00:00.000Z,19.2,,turkiye.gov.tr,1
17296,FETHİYE,Muğla,Fethiye,Akdeniz,36.626611,29.123804,2024-02-24T06:00:00.000Z,19.0,,turkiye.gov.tr,1
17297,DATÇA,Muğla,Datça,Ege,36.707945,27.691918,2024-02-24T06:00:00.000Z,17.9,,turkiye.gov.tr,1
17298,MARMARİS,Muğla,Marmaris,Akdeniz,36.83926,28.244995,2024-02-24T06:00:00.000Z,17.4,,turkiye.gov.tr,1
17302,ANTALYA BÖLGE,Antalya,Muratpaşa,Akdeniz,36.885073,30.682793,2024-02-24T06:00:00.000Z,18.2,,turkiye.gov.tr,1
17310,ALANYA,Antalya,Alanya,Akdeniz,36.54999,31.979822,2024-02-24T06:00:00.000Z,17.0,,turkiye.gov.tr,1
17320,ANAMUR,Mersin,Anamur,Akdeniz,36.068614,32.864876,2024-02-24T06:00:00.000Z,17.6,,turkiye.gov.tr,1
17340,MERSİN,Mersin,Yenişehir,Akdeniz,36.780904,34.603125,2024-02-24T06:00:00.000Z,17.3,,turkiye.gov.tr,1
17370,İSKENDERUN,Hatay,İskenderun,Akdeniz,36.592358,36.158158,2024-02-24T06:00:00.000Z,18.2,,turkiye.gov.tr,1
17375,FİNİKE,Antalya,Finike,Akdeniz,36.3024,30.1458,2024-02-24T06:00:00.000Z,17.8,,turkiye.gov.tr,1
17380,KAŞ,Antalya,Kaş,Akdeniz,36.200579,29.649995,2024-02-24T06:00:00.000Z,19.3,,turkiye.gov.tr,1
17381,KUŞADASI 3. NOLU ŞAMANDIRA,Aydın,Kuşadası,Ege,37.8458,27.2194,2024-02-24T06:00:00.000Z,18.0,,turkiye.gov.tr,1
17383,NARLIDERE/İZMİR KÖRFEZİ A NOKTASI IŞIKLI ŞAMANDIRA,İzmir,Narlıdere,Ege,38.421203,26.917843,2024-02-24T06:00:00.000Z,15.3,,turkiye.gov.tr,1
17386,BODRUM KARAADA SIĞLIK IŞIKLI ŞAMANDIRA,Muğla,Bodrum,Ege,37.0081,27.4142,2024-02-24T06:00:00.000Z,18.9,,turkiye.gov.tr,1
17422,BANDIRMA KUZEY MENDİREK FENERİ,Balıkesir,Bandırma,Marmara,40.358554,27.958451,2024-02-24T06:00:00.000Z,10.6,,turkiye.gov.tr,1
17427,BOZCAADA LİMAN GİRİŞİ GÜNEY MENDİREK FENERİ,Çanakkale,Bozcaada,Ege,39.8341,26.0748,2024-02-24T06:00:00.000Z,15.8,,turkiye.gov.tr,1
17428,AYVACIK/GÜLPINAR ANA MENDİREK FENERİ,Çanakkale,Ayvacık,Ege,39.5658,26.0967,2024-02-24T06:00:00.000Z,15.0,,turkiye.gov.tr,1
17429,ECEABAT/KABATEPE GÜNEY MENDİREK FENERİ,Çanakkale,Eceabat,Ege,40.2019,26.2669,2024-02-24T06:00:00.000Z,12.9,,turkiye.gov.tr,1
17434,EZİNE YENİKÖY BAL.BAR. ANA MENDİREK FENERİ,Çanakkale,Ezine,Ege,39.9447,26.1611,2024-02-24T06:00:00.000Z,15.6,,turkiye.gov.tr,1
17437,TUZLA AYDINLI LİMAN FENERİ,İstanbul,Tuzla,Marmara,40.850611,29.271174,2024-02-24T06:00:00.000Z,12.7,,turkiye.gov.tr,1
17438,SİLİVRİ ANA MENDİREK FENERİ,İstanbul,Silivri,Marmara,41.072866,28.238398,2024-02-24T06:00:00.000Z,10.6,,turkiye.gov.tr,1
17441,GÜZELBAHÇE FENERİ,İzmir,Güzelbahçe,Ege,38.378579,26.885605,2024-02-24T06:00:00.000Z,15.6,,turkiye.gov.tr,1
17442,KONAK/İZMİR PASAPORT MENDİREK FENERİ,İzmir,Konak,Ege,38.429236,27.131698,2024-02-24T06:00:00.000Z,13.8,,turkiye.gov.tr,1
17447,VİZE/MİDYE KIYIKÖY BATI MENDİREK FENERİ (ANA),Kırklareli,Vize,Karadeniz,41.630847,28.101353,2024-02-24T06:00:00.000Z,9.1,,turkiye.gov.tr,1
17448,TUZLA İTÜ GÜNEY MENDİREK FENERİ,İstanbul,Tuzla,Marmara,40.811828,29.297373,2024-02-24T06:00:00.000Z,10.3,,turkiye.gov.tr,1
17450,BODRUM YALIKAVAK GEMİTAŞI FENERİ,Muğla,Bodrum,Ege,37.150133,27.263333,2024-02-24T06:00:00.000Z,16.0,,turkiye.gov.tr,1
17451,MARMARA EREĞLİSİ BAL.BAR.ANA MENDİREK FENERİ,Tekirdağ,Marmaraereğlisi,Marmara,40.970825,27.959676,2024-02-24T06:00:00.000Z,10.9,,turkiye.gov.tr,1
17452,YALOVA SAMANLIDERE TALİ (DOĞU) MENDİREK FENERİ,Yalova,Merkez,Marmara,40.660597,29.246969,2024-02-24T06:00:00.000Z,11.3,,turkiye.gov.tr,1
17454,FATİH/KUMKAPI FENERİ,İstanbul,Fatih,Marmara,41.000994,28.965432,2024-02-24T06:00:00.000Z,10.2,,turkiye.gov.tr,1
17460,ÜNYE BALIKÇI BARINAĞI ANA MENDİREK FENERİ,Ordu,Ünye,Karadeniz,41.116448,37.348722,2024-02-24T06:00:00.000Z,10.1,,turkiye.gov.tr,1
17464,TRABZON LİMANI ANA MENDİREK FENERİ,Trabzon,Ortahisar,Karadeniz,41.006776,39.750108,2024-02-24T06:00:00.000Z,8.9,,turkiye.gov.tr,1
17465,ARAKLI BALIKÇI BARINAĞI TALİ MENDİREK FENERİ,Trabzon,Araklı,Karadeniz,40.945081,40.053776,2024-02-24T06:00:00.000Z,9.1,,turkiye.gov.tr,1
17466,ÇAYELİ BALIKÇI BARINAĞI TALİ MENDİREK FENERİ,Rize,Çayeli,Karadeniz,41.090095,40.722557,2024-02-24T06:00:00.000Z,8.5,,turkiye.gov.tr,1
17470,İNCEBURUN (YILDIZADASI) MARMARİS FENERİ,Muğla,Marmaris,Akdeniz,36.813936,28.265907,2024-02-24T06:00:00.000Z,17.1,,turkiye.gov.tr,1
17473,KAŞ BAYINDIR ANA MENDİREK FENERİ,Antalya,Kaş,Akdeniz,36.183225,29.642011,2024-02-24T06:00:00.000Z,19.9,,turkiye.gov.tr,1
17475,KEMER SIĞLIK FENERİ,Antalya,Kemer,Akdeniz,36.612395,30.574242,2024-02-24T06:00:00.000Z,19.5,,turkiye.gov.tr,1
17479,SİLİFKE/TAŞUCU SEKA ANA MENDİREK FENERİ,Mersin,Silifke,Akdeniz,36.309162,33.889845,2024-02-24T06:00:00.000Z,16.2,,turkiye.gov.tr,1
17480,KARATAŞ BALIKÇI BARINAĞI TALİ MENDİREK FENERİ,Adana,Karataş,Akdeniz,36.557986,35.383499,2024-02-24T06:00:00.000Z,18.0,,turkiye.gov.tr,1
17482,VAN LİMAN,Van,Tuşba,Van Gölü,38.51486,43.307362,2024-02-24T06:00:00.000Z,5.1,,turkiye.gov.tr,1
17483,TATVAN LİMAN,Bitlis,Tatvan,Van Gölü,38.512592,42.302103,2024-02-24T06:00:00.000Z,5.5,,turkiye.gov.tr,1
17484,ADİLCEVAZ LİMAN,Bitlis,Adilcevaz,Van Gölü,38.797236,42.729931,2024-02-24T06:00:00.000Z,5.4,,turkiye.gov.tr,1
17489,MUDANYA/GÜZELYALI BALIKÇI BARINAĞI,Bursa,Mudanya,Marmara,40.35612,28.934036,2024-02-24T06:00:00.000Z,10.2,,turkiye.gov.tr,1
17491,GEVAŞ AKDAMAR FENERİ,Van,Gevaş,Van Gölü,38.309988,43.041398,2024-02-24T06:00:00.000Z,6.4,,turkiye.gov.tr,1
17492,DİDİM MARİNA FENERİ,Aydın,Didim,Ege,37.3369,27.264,2024-02-24T06:00:00.000Z,18.9,,turkiye.gov.tr,1
17493,SEFERİHİSAR/SIĞACIK MARİNA FENERİ,İzmir,Seferihisar,Ege,38.195707,26.782742,2024-02-24T06:00:00.000Z,18.0,,turkiye.gov.tr,1
17015,AKÇAKOCA,Düzce,Akçakoca,Karadeniz,41.089528,31.143039,2024-02-25T06:00:00.000Z,9.4,,turkiye.gov.tr,1
17024,İNEBOLU,Kastamonu,İnebolu,Karadeniz,41.978937,33.762945,2024-02-25T06:00:00.000Z,9.4,,turkiye.gov.tr,1
17026,SİNOP,Sinop,Merkez,Karadeniz,42.029821,35.154286,2024-02-25T06:00:00.000Z,9.7,,turkiye.gov.tr,1
17030,SAMSUN BÖLGE,Samsun,Atakum,Karadeniz,41.344286,36.255794,2024-02-25T06:00:00.000Z,9.5,,turkiye.gov.tr,1
17033,ORDU,Ordu,Altınordu,Karadeniz,40.983833,37.885833,2024-02-25T06:00:00.000Z,9.6,,turkiye.gov.tr,1
17034,GİRESUN,Giresun,Merkez,Karadeniz,40.922667,38.387833,2024-02-25T06:00:00.000Z,9.8,,turkiye.gov.tr,1
17038,TRABZON HAVALİMANI,Trabzon,Ortahisar,Karadeniz,40.999133,39.779248,2024-02-25T06:00:00.000Z,9.7,,turkiye.gov.tr,1
17040,RİZE,Rize,Merkez,Karadeniz,41.04,40.501333,2024-02-25T06:00:00.000Z,11.5,,turkiye.gov.tr,1
17042,HOPA,Artvin,Hopa,Karadeniz,41.4065,41.433,2024-02-25T06:00:00.000Z,9.6,,turkiye.gov.tr,1
17044,RİZE ARTVİN HAVALİMANI,Rize,Pazar,Karadeniz,41.177687,40.835223,2024-02-25T06:00:00.000Z,10.8,,turkiye.gov.tr,1
17056,TEKİRDAĞ,Tekirdağ,Süleymanpaşa,Marmara,40.957959,27.496181,2024-02-25T06:00:00.000Z,10.6,,turkiye.gov.tr,1
17112,ÇANAKKALE,Çanakkale,Merkez,Marmara,40.141428,26.399616,2024-02-25T06:00:00.000Z,9.8,,turkiye.gov.tr,1
17175,AYVALIK,Balıkesir,Ayvalık,Ege,39.311292,26.686445,2024-02-25T06:00:00.000Z,14.2,,turkiye.gov.tr,1
17180,DİKİLİ,İzmir,Dikili,Ege,39.073861,26.888093,2024-02-25T06:00:00.000Z,14.1,,turkiye.gov.tr,1
17220,İZMİR BÖLGE,İzmir,Konak,Ege,38.3945,27.0821,2024-02-25T06:00:00.000Z,13.4,,turkiye.gov.tr,1
17221,ÇEŞME,İzmir,Çeşme,Ege,38.303858,26.372882,2024-02-25T06:00:00.000Z,15.2,,turkiye.gov.tr,1
17232,KUŞADASI,Aydın,Kuşadası,Ege,37.859636,27.265115,2024-02-25T06:00:00.000Z,17.8,,turkiye.gov.tr,1
17290,BODRUM,Muğla,Bodrum,Ege,37.032611,27.439801,2024-02-25T06:00:00.000Z,19.2,,turkiye.gov.tr,1
17296,FETHİYE,Muğla,Fethiye,Akdeniz,36.626611,29.123804,2024-02-25T06:00:00.000Z,19.0,,turkiye.gov.tr,1
17297,DATÇA,Muğla,Datça,Ege,36.707945,27.691918,2024-02-25T06:00:00.000Z,17.9,,turkiye.gov.tr,1
17298,MARMARİS,Muğla,Marmaris,Akdeniz,36.83926,28.244995,2024-02-25T06:00:00.000Z,17.4,,turkiye.gov.tr,1
17302,ANTALYA BÖLGE,Antalya,Muratpaşa,Akdeniz,36.885073,30.682793,2024-02-25T06:00:00.000Z,18.2,,turkiye.gov.tr,1
17310,ALANYA,Antalya,Alanya,Akdeniz,36.54999,31.979822,2024-02-25T06:00:00.000Z,17.0,,turkiye.gov.tr,1
17320,ANAMUR,Mersin,Anamur,Akdeniz,36.068614,32.864876,2024-02-25T06:00:00.000Z,17.6,,turkiye.gov.tr,1
17340,MERSİN,Mersin,Yenişehir,Akdeniz,36.780904,34.603125,2024-02-25T06:00:00.000Z,17.3,,turkiye.gov.tr,1
17370,İSKENDERUN,Hatay,İskenderun,Akdeniz,36.592358,36.158158,2024-02-25T06:00:00.000Z,18.2,,turkiye.gov.tr,1
17375,FİNİKE,Antalya,Finike,Akdeniz,36.3024,30.1458,2024-02-25T06:00:00.000Z,17.8,,turkiye.gov.tr,1
17380,KAŞ,Antalya,Kaş,Akdeniz,36.200579,29.649995,2024-02-25T06:00:00.000Z,19.3,,turkiye.gov.tr,1
17381,KUŞADASI 3. NOLU ŞAMANDIRA,Aydın,Kuşadası,Ege,37.8458,27.2194,2024-02-25T06:00:00.000Z,18.1,,turkiye.gov.tr,1
17383,NARLIDERE/İZMİR KÖRFEZİ A NOKTASI IŞIKLI ŞAMANDIRA,İzmir,Narlıdere,Ege,38.421203,26.917843,2024-02-25T06:00:00.000Z,15.0,,turkiye.gov.tr,1
17386,BODRUM KARAADA SIĞLIK IŞIKLI ŞAMANDIRA,Muğla,Bodrum,Ege,37.0081,27.4142,2024-02-25T06:00:00.000Z,18.9,,turkiye.gov.tr,1
17422,BANDIRMA KUZEY MENDİREK FENERİ,Balıkesir,Bandırma,Marmara,40.358554,27.958451,2024-02-25T06:00:00.000Z,10.6,,turkiye.gov.tr,1
17427,BOZCAADA LİMAN GİRİŞİ GÜNEY MENDİREK FENERİ,Çanakkale,Bozcaada,Ege,39.8341,26.0748,2024-02-25T06:00:00.000Z,15.9,,turkiye.gov.tr,1
17428,AYVACIK/GÜLPINAR ANA MENDİREK FENERİ,Çanakkale,Ayvacık,Ege,39.5658,26.0967,2024-02-25T06:00:00.000Z,15.5,,turkiye.gov.tr,1
17429,ECEABAT/KABATEPE GÜNEY MENDİREK FENERİ,Çanakkale,Eceabat,Ege,40.2019,26.2669,2024-02-25T06:00:00.000Z,13.0,,turkiye.gov.tr,1
17434,EZİNE YENİKÖY BAL.BAR. ANA MENDİREK FENERİ,Çanakkale,Ezine,Ege,39.9447,26.1611,2024-02-25T06:00:00.000Z,15.8,,turkiye.gov.tr,1
17437,TUZLA AYDINLI LİMAN FENERİ,İstanbul,Tuzla,Marmara,40.850611,29.271174,2024-02-25T06:00:00.000Z,11.4,,turkiye.gov.tr,1
17438,SİLİVRİ ANA MENDİREK FENERİ,İstanbul,Silivri,Marmara,41.072866,28.238398,2024-02-25T06:00:00.000Z,10.6,,turkiye.gov.tr,1
17441,GÜZELBAHÇE FENERİ,İzmir,Güzelbahçe,Ege,38.378579,26.885605,2024-02-25T06:00:00.000Z,16.7,,turkiye.gov.tr,1
17442,KONAK/İZMİR PASAPORT MENDİREK FENERİ,İzmir,Konak,Ege,38.429236,27.131698,2024-02-25T06:00:00.000Z,13.7,,turkiye.gov.tr,1
17447,VİZE/MİDYE KIYIKÖY BATI MENDİREK FENERİ (ANA),Kırklareli,Vize,Karadeniz,41.630847,28.101353,2024-02-25T06:00:00.000Z,10.4,,turkiye.gov.tr,1
17448,TUZLA İTÜ GÜNEY MENDİREK FENERİ,İstanbul,Tuzla,Marmara,40.811828,29.297373,2024-02-25T06:00:00.000Z,10.2,,turkiye.gov.tr,1
17450,BODRUM YALIKAVAK GEMİTAŞI FENERİ,Muğla,Bodrum,Ege,37.150133,27.263333,2024-02-25T06:00:00.000Z,14.9,,turkiye.gov.tr,1
17451,MARMARA EREĞLİSİ BAL.BAR.ANA MENDİREK FENERİ,Tekirdağ,Marmaraereğlisi,Marmara,40.970825,27.959676,2024-02-25T06:00:00.000Z,10.7,,turkiye.gov.tr,1
17452,YALOVA SAMANLIDERE TALİ (DOĞU) MENDİREK FENERİ,Yalova,Merkez,Marmara,40.660597,29.246969,2024-02-25T06:00:00.000Z,11.1,,turkiye.gov.tr,1
17454,FATİH/KUMKAPI FENERİ,İstanbul,Fatih,Marmara,41.000994,28.965432,2024-02-25T06:00:00.000Z,10.3,,turkiye.gov.tr,1
17460,ÜNYE BALIKÇI BARINAĞI ANA MENDİREK FENERİ,Ordu,Ünye,Karadeniz,41.116448,37.348722,2024-02-25T06:00:00.000Z,10.0,,turkiye.gov.tr,1
17464,TRABZON LİMANI ANA MENDİREK FENERİ,Trabzon,Ortahisar,Karadeniz,41.006776,39.750108,2024-02-25T06:00:00.000Z,8.7,,turkiye.gov.tr,1
17465,ARAKLI BALIKÇI BARINAĞI TALİ MENDİREK FENERİ,Trabzon,Araklı,Karadeniz,40.945081,40.053776,2024-02-25T06:00:00.000Z,8.9,,turkiye.gov.tr,1
17466,ÇAYELİ BALIKÇI BARINAĞI TALİ MENDİREK FENERİ,Rize,Çayeli,Karadeniz,41.090095,40.722557,2024-02-25T06:00:00.000Z,8.4,,turkiye.gov.tr,1
17470,İNCEBURUN (YILDIZADASI) MARMARİS FENERİ,Muğla,Marmaris,Akdeniz,36.813936,28.265907,2024-02-25T06:00:00.000Z,17.0,,turkiye.gov.tr,1
17473,KAŞ BAYINDIR ANA MENDİREK FENERİ,Antalya,Kaş,Akdeniz,36.183225,29.642011,2024-02-25T06:00:00.000Z,17.9,,turkiye.gov.tr,1
17475,KEMER SIĞLIK FENERİ,Antalya,Kemer,Akdeniz,36.612395,30.574242,2024-02-25T06:00:00.000Z,19.6,,turkiye.gov.tr,1
17479,SİLİFKE/TAŞUCU SEKA ANA MENDİREK FENERİ,Mersin,Silifke,Akdeniz,36.309162,33.889845,2024-02-25T06:00:00.000Z,16.7,,turkiye.gov.tr,1
17480,KARATAŞ BALIKÇI BARINAĞI TALİ MENDİREK FENERİ,Adana,Karataş,Akdeniz,36.557986,35.383499,2024-02-25T06:00:00.000Z,18.0,,turkiye.gov.tr,1
17482,VAN LİMAN,Van,Tuşba,Van Gölü,38.51486,43.307362,2024-02-25T06:00:00.000Z,4.9,,turkiye.gov.tr,1
17483,TATVAN LİMAN,Bitlis,Tatvan,Van Gölü,38.512592,42.302103,2024-02-25T06:00:00.000Z,5.8,,turkiye.gov.tr,1
17484,ADİLCEVAZ LİMAN,Bitlis,Adilcevaz,Van Gölü,38.797236,42.729931,2024-02-25T06:00:00.000Z,5.5,,turkiye.gov.tr,1
17489,MUDANYA/GÜZELYALI BALIKÇI BARINAĞI,Bursa,Mudanya,Marmara,40.35612,28.934036,2024-02-25T06:00:00.000Z,9.7,,turkiye.gov.tr,1
17491,GEVAŞ AKDAMAR FENERİ,Van,Gevaş,Van Gölü,38.309988,43.041398,2024-02-25T06:00:00.000Z,6.1,,turkiye.gov.tr,1
17492,DİDİM MARİNA FENERİ,Aydın,Didim,Ege,37.3369,27.264,2024-02-25T06:00:00.000Z,18.7,,turkiye.gov.tr,1
17493,SEFERİHİSAR/SIĞACIK MARİNA FENERİ,İzmir,Seferihisar,Ege,38.195707,26.782742,2024-02-25T06:00:00.000Z,18.0,,turkiye.gov.tr,1
17015,AKÇAKOCA,Düzce,Akçakoca,Karadeniz,41.089528,31.143039,2024-04-20T06:00:00.000Z,15.4,,mgm,0
17024,İNEBOLU,Kastamonu,İnebolu,Karadeniz,41.978937,33.762945,2024-04-20T06:00:00.000Z,14.8,,mgm,0
17026,SİNOP,Sinop,Merkez,Karadeniz,42.029821,35.154286,2024-04-20T06:00:00.000Z,14.6,,mgm,0
17030,SAMSUN BÖLGE,Samsun,Atakum,Karadeniz,41.344286,36.255794,2024-04-20T06:00:00.000Z,14.1,,mgm,0
17033,ORDU,Ordu,Altınordu,Karadeniz,40.983833,37.885833,2024-04-20T06:00:00.000Z,14.4,,mgm,0
17034,GİRESUN,Giresun,Merkez,Karadeniz,40.922667,38.387833,2024-04-20T06:00:00.000Z,14.6,,mgm,0
17040,RİZE,Rize,Merkez,Karadeniz,41.04,40.501333,2024-04-20T06:00:00.000Z,14.1,,mgm,0
17042,HOPA,Artvin,Hopa,Karadeniz,41.4065,41.433,2024-04-20T06:00:00.000Z,15.1,,mgm,0
17044,RİZE ARTVİN HAVALİMANI,Rize,Pazar,Karadeniz,41.177687,40.835223,2024-04-20T06:00:00.000Z,13.7,,mgm,0
17056,TEKİRDAĞ,Tekirdağ,Süleymanpaşa,Marmara,40.957959,27.496181,2024-04-20T06:00:00.000Z,16.4,,mgm,0
17112,ÇANAKKALE,Çanakkale,Merkez,Marmara,40.141428,26.399616,2024-04-20T06:00:00.000Z,16.0,,mgm,0
17175,AYVALIK,Balıkesir,Ayvalık,Ege,39.311292,26.686445,2024-04-20T06:00:00.000Z,17.3,,mgm,0
17180,DİKİLİ,İzmir,Dikili,Ege,39.073861,26.888093,2024-04-20T06:00:00.000Z,18.8,,mgm,0
17220,İZMİR BÖLGE,İzmir,Konak,Ege,38.3945,27.0821,2024-04-20T06:00:00.000Z,19.9,,mgm,0
17221,ÇEŞME,İzmir,Çeşme,Ege,38.303858,26.372882,2024-04-20T06:00:00.000Z,19.0,,mgm,0
17232,KUŞADASI,Aydın,Kuşadası,Ege,37.859636,27.265115,2024-04-20T06:00:00.000Z,19.6,,mgm,0
17290,BODRUM,Muğla,Bodrum,Ege,37.032611,27.439801,2024-04-20T06:00:00.000Z,19.4,,mgm,0
17296,FETHİYE,Muğla,Fethiye,Akdeniz,36.626611,29.123804,2024-04-20T06:00:00.000Z,21.4,,mgm,0
17297,DATÇA,Muğla,Datça,Ege,36.707945,27.691918,2024-04-20T06:00:00.000Z,19.3,,mgm,0
17298,MARMARİS,Muğla,Marmaris,Akdeniz,36.83926,28.244995,2024-04-20T06:00:00.000Z,19.7,,mgm,0
17302,ANTALYA BÖLGE,Antalya,Muratpaşa,Akdeniz,36.885073,30.682793,2024-04-20T06:00:00.000Z,21.2,,mgm,0
17310,ALANYA,Antalya,Alanya,Akdeniz,36.54999,31.979822,2024-04-20T06:00:00.000Z,19.0,,mgm,0
17320,ANAMUR,Mersin,Anamur,Akdeniz,36.068614,32.864876,2024-04-20T06:00:00.000Z,18.5,,mgm,0
17340,MERSİN,Mersin,Yenişehir,Akdeniz,36.780904,34.603125,2024-04-20T06:00:00.000Z,22.2,,mgm,0
17370,İSKENDERUN,Hatay,İskenderun,Akdeniz,36.592358,36.158158,2024-04-20T06:00:00.000Z,22.8,,mgm,0
17375,FİNİKE,Antalya,Finike,Akdeniz,36.3024,30.1458,2024-04-20T06:00:00.000Z,21.2,,mgm,0
17380,KAŞ,Antalya,Kaş,Akdeniz,36.200579,29.649995,2024-04-20T06:00:00.000Z,21.5,,mgm,0
17391,SAMSUN ŞAMANDIRA,Samsun,Çarşamba,Karadeniz,41.436283,36.557767,2024-04-20T14:30:00.000Z,14.3,,mgm,0
17448,TUZLA İTÜ GÜNEY MENDİREK FENERİ,İstanbul,Tuzla,Marmara,40.811828,29.297373,2024-04-20T14:44:00.000Z,15.1,,mgm,0
17438,SİLİVRİ ANA MENDİREK FENERİ,İstanbul,Silivri,Marmara,41.072866,28.238398,2024-04-20T14:45:00.000Z,15.1,,mgm,0
17479,SİLİFKE/TAŞUCU SEKA ANA MENDİREK FENERİ,Mersin,Silifke,Akdeniz,36.309162,33.889845,2024-04-20T14:54:00.000Z,19.8,,mgm,0
17381,KUŞADASI 3. NOLU ŞAMANDIRA,Aydın,Kuşadası,Ege,37.8458,27.2194,2024-04-20T14:56:00.000Z,19.5,,mgm,0
17467,HOPA ANA MENDİREK FENERİ,Artvin,Hopa,Karadeniz,41.420291,41.429843,2024-04-20T14:56:00.000Z,15.8,,mgm,0
17490,ERDEMLİ DENİZ BİLİMLERİ ENSTİTÜSÜ,Mersin,Erdemli,Akdeniz,36.563333,34.255,2024-04-20T14:56:00.000Z,21.2,,mgm,0
17385,MERSİN GÜNEY MENDİREK İSTİKAMET FENERİ,Mersin,Akdeniz,Akdeniz,36.784036,34.635222,2024-04-20T14:57:00.000Z,22.3,,mgm,0
17421,AYVALIK KANAL SANCAK A FENERİ,Balıkesir,Ayvalık,Ege,39.323394,26.640546,2024-04-20T14:57:00.000Z,18.4,,mgm,0
17422,BANDIRMA KUZEY MENDİREK FENERİ,Balıkesir,Bandırma,Marmara,40.358554,27.958451,2024-04-20T14:57:00.000Z,15.9,,mgm,0
17427,BOZCAADA LİMAN GİRİŞİ GÜNEY MENDİREK FENERİ,Çanakkale,Bozcaada,Ege,39.8341,26.0748,2024-04-20T14:57:00.000Z,17.8,,mgm,0
17428,AYVACIK/GÜLPINAR ANA MENDİREK FENERİ,Çanakkale,Ayvacık,Ege,39.5658,26.0967,2024-04-20T14:57:00.000Z,17.3,,mgm,0
17429,ECEABAT/KABATEPE GÜNEY MENDİREK FENERİ,Çanakkale,Eceabat,Ege,40.2019,26.2669,2024-04-20T14:57:00.000Z,15.9,,mgm,0
17437,TUZLA AYDINLI LİMAN FENERİ,İstanbul,Tuzla,Marmara,40.850611,29.271174,2024-04-20T14:57:00.000Z,15.7,,mgm,0
17441,GÜZELBAHÇE FENERİ,İzmir,Güzelbahçe,Ege,38.378579,26.885605,2024-04-20T14:57:00.000Z,22.7,,mgm,0
17446,İNEBOLU KUZEY MENDİREK FENERİ,Kastamonu,İnebolu,Karadeniz,41.9817,33.7769,2024-04-20T14:57:00.000Z,14.4,,mgm,0
17447,VİZE/MİDYE KIYIKÖY BATI MENDİREK FENERİ (ANA),Kırklareli,Vize,Karadeniz,41.630847,28.101353,2024-04-20T14:57:00.000Z,16.8,,mgm,0
17451,MARMARA EREĞLİSİ BAL.BAR.ANA MENDİREK FENERİ,Tekirdağ,Marmaraereğlisi,Marmara,40.970825,27.959676,2024-04-20T14:57:00.000Z,15.9,,mgm,0
17452,YALOVA SAMANLIDERE TALİ (DOĞU) MENDİREK FENERİ,Yalova,Merkez,Marmara,40.660597,29.246969,2024-04-20T14:57:00.000Z,12.7,,mgm,0
17453,ZONGULDAK GÜNEY MENDİREK FENERİ,Zonguldak,Merkez,Karadeniz,41.458611,31.779166,2024-04-20T14:57:00.000Z,13.2,,mgm,0
17454,FATİH/KUMKAPI FENERİ,İstanbul,Fatih,Marmara,41.000994,28.965432,2024-04-20T14:57:00.000Z,15.0,,mgm,0
17470,İNCEBURUN (YILDIZADASI) MARMARİS FENERİ,Muğla,Marmaris,Akdeniz,36.813936,28.265907,2024-04-20T14:57:00.000Z,19.0,,mgm,0
17473,KAŞ BAYINDIR ANA MENDİREK FENERİ,Antalya,Kaş,Akdeniz,36.183225,29.642011,2024-04-20T14:57:00.000Z,21.5,,mgm,0
17491,GEVAŞ AKDAMAR FENERİ,Van,Gevaş,Van Gölü,38.309988,43.041398,2024-04-20T14:57:00.000Z,14.4,,mgm,0
17492,DİDİM MARİNA FENERİ,Aydın,Didim,Ege,37.3369,27.264,2024-04-20T14:57:00.000Z,20.9,,mgm,0
17493,SEFERİHİSAR/SIĞACIK MARİNA FENERİ,İzmir,Seferihisar,Ege,38.195707,26.782742,2024-04-20T14:57:00.000Z,19.8,,mgm,0
17442,KONAK/İZMİR PASAPORT MENDİREK FENERİ,İzmir,Konak,Ege,38.429236,27.131698,2024-04-20T14:58:00.000Z,19.9,,mgm,0
17450,BODRUM YALIKAVAK GEMİTAŞI FENERİ,Muğla,Bodrum,Ege,37.150133,27.263333,2024-04-20T14:58:00.000Z,16.1,,mgm,0
17465,ARAKLI BALIKÇI BARINAĞI TALİ MENDİREK FENERİ,Trabzon,Araklı,Karadeniz,40.945081,40.053776,2024-04-20T14:58:00.000Z,12.3,,mgm,0
17475,KEMER SIĞLIK FENERİ,Antalya,Kemer,Akdeniz,36.612395,30.574242,2024-04-20T14:58:00.000Z,20.0,,mgm,0
17482,VAN LİMAN,Van,Tuşba,Van Gölü,38.51486,43.307362,2024-04-20T14:58:00.000Z,13.3,,mgm,0
17483,TATVAN LİMAN,Bitlis,Tatvan,Van Gölü,38.512592,42.302103,2024-04-20T14:58:00.000Z,13.9,,mgm,0
17484,ADİLCEVAZ LİMAN,Bitlis,Adilcevaz,Van Gölü,38.797236,42.729931,2024-04-20T14:58:00.000Z,13.2,,mgm,0
17489,MUDANYA/GÜZELYALI BALIKÇI BARINAĞI,Bursa,Mudanya,Marmara,40.35612,28.934036,2024-04-20T14:58:00.000Z,15.0,,mgm,0
17386,BODRUM KARAADA SIĞLIK IŞIKLI ŞAMANDIRA,Muğla,Bodrum,Ege,37.0081,27.4142,2024-04-20T14:59:00.000Z,20.1,,mgm,0
17460,ÜNYE BALIKÇI BARINAĞI ANA MENDİREK FENERİ,Ordu,Ünye,Karadeniz,41.116448,37.348722,2024-04-20T14:59:00.000Z,14.8,,mgm,0
17466,ÇAYELİ BALIKÇI BARINAĞI TALİ MENDİREK FENERİ,Rize,Çayeli,Karadeniz,41.090095,40.722557,2024-04-20T14:59:00.000Z,11.4,,mgm,0
17480,KARATAŞ BALIKÇI BARINAĞI TALİ MENDİREK FENERİ,Adana,Karataş,Akdeniz,36.557986,35.383499,2024-04-20T14:59:00.000Z,21.5,,mgm,0
17015,AKÇAKOCA,Düzce,Akçakoca,Karadeniz,41.089528,31.143039,2024-05-23T06:00:00.000Z,16.4,,mgm,0
17024,İNEBOLU,Kastamonu,İnebolu,Karadeniz,41.978937,33.762945,2024-05-23T06:00:00.000Z,13.0,,mgm,0
17026,SİNOP,Sinop,Merkez,Karadeniz,42.029821,35.154286,2024-05-23T06:00:00.000Z,16.7,,mgm,0
17030,SAMSUN BÖLGE,Samsun,Atakum,Karadeniz,41.344286,36.255794,2024-05-23T06:00:00.000Z,17.0,,mgm,0
17033,ORDU,Ordu,Altınordu,Karadeniz,40.983833,37.885833,2024-05-23T06:00:00.000Z,16.0,,mgm,0
17034,GİRESUN,Giresun,Merkez,Karadeniz,40.922667,38.387833,2024-05-23T06:00:00.000Z,15.8,,mgm,0
17038,TRABZON HAVALİMANI,Trabzon,Ortahisar,Karadeniz,40.999133,39.779248,2024-05-23T06:00:00.000Z,15.0,,mgm,0
17040,RİZE,Rize,Merkez,Karadeniz,41.04,40.501333,2024-05-23T06:00:00.000Z,16.6,,mgm,0
17042,HOPA,Artvin,Hopa,Karadeniz,41.4065,41.433,2024-05-23T06:00:00.000Z,18.5,,mgm,0
17044,RİZE ARTVİN HAVALİMANI,Rize,Pazar,Karadeniz,41.177687,40.835223,2024-05-23T06:00:00.000Z,16.8,,mgm,0
17056,TEKİRDAĞ,Tekirdağ,Süleymanpaşa,Marmara,40.957959,27.496181,2024-05-23T06:00:00.000Z,17.9,,mgm,0
17112,ÇANAKKALE,Çanakkale,Merkez,Marmara,40.141428,26.399616,2024-05-23T06:00:00.000Z,16.9,,mgm,0
17175,AYVALIK,Balıkesir,Ayvalık,Ege,39.311292,26.686445,2024-05-23T06:00:00.000Z,19.5,,mgm,0
17180,DİKİLİ,İzmir,Dikili,Ege,39.073861,26.888093,2024-05-23T06:00:00.000Z,20.8,,mgm,0
17220,İZMİR BÖLGE,İzmir,Konak,Ege,38.3945,27.0821,2024-05-23T06:00:00.000Z,23.3,,mgm,0
17221,ÇEŞME,İzmir,Çeşme,Ege,38.303858,26.372882,2024-05-23T06:00:00.000Z,23.0,,mgm,0
17232,KUŞADASI,Aydın,Kuşadası,Ege,37.859636,27.265115,2024-05-23T06:00:00.000Z,21.8,,mgm,0
17290,BODRUM,Muğla,Bodrum,Ege,37.032611,27.439801,2024-05-23T06:00:00.000Z,22.0,,mgm,0
17296,FETHİYE,Muğla,Fethiye,Akdeniz,36.626611,29.123804,2024-05-23T06:00:00.000Z,23.5,,mgm,0
17297,DATÇA,Muğla,Datça,Ege,36.707945,27.691918,2024-05-23T06:00:00.000Z,21.3,,mgm,0
17298,MARMARİS,Muğla,Marmaris,Akdeniz,36.83926,28.244995,2024-05-23T06:00:00.000Z,21.0,,mgm,0
17302,ANTALYA BÖLGE,Antalya,Muratpaşa,Akdeniz,36.885073,30.682793,2024-05-23T06:00:00.000Z,24.3,,mgm,0
17310,ALANYA,Antalya,Alanya,Akdeniz,36.54999,31.979822,2024-05-23T06:00:00.000Z,22.9,,mgm,0
17320,ANAMUR,Mersin,Anamur,Akdeniz,36.068614,32.864876,2024-05-23T06:00:00.000Z,22.3,,mgm,0
17340,MERSİN,Mersin,Yenişehir,Akdeniz,36.780904,34.603125,2024-05-23T06:00:00.000Z,24.2,,mgm,0
17370,İSKENDERUN,Hatay,İskenderun,Akdeniz,36.592358,36.158158,2024-05-23T06:00:00.000Z,25.0,,mgm,0
17375,FİNİKE,Antalya,Finike,Akdeniz,36.3024,30.1458,2024-05-23T06:00:00.000Z,22.6,,mgm,0
17380,KAŞ,Antalya,Kaş,Akdeniz,36.200579,29.649995,2024-05-23T06:00:00.000Z,23.4,,mgm,0
17422,BANDIRMA KUZEY MENDİREK FENERİ,Balıkesir,Bandırma,Marmara,40.358554,27.958451,2024-05-23T13:12:00.000Z,19.0,,mgm,0
17381,KUŞADASI 3. NOLU ŞAMANDIRA,Aydın,Kuşadası,Ege,37.8458,27.2194,2024-05-23T13:14:00.000Z,21.6,,mgm,0
17385,MERSİN GÜNEY MENDİREK İSTİKAMET FENERİ,Mersin,Akdeniz,Akdeniz,36.784036,34.635222,2024-05-23T13:14:00.000Z,26.8,,mgm,0
17389,ADALAR ŞAMANDIRA,İstanbul,Adalar,Marmara,40.93278,28.94889,2024-05-23T13:14:00.000Z,16.3,,mgm,0
17423,MARMARA BARINAK ANA MENDİREK FENERİ,Balıkesir,Marmara,Marmara,40.583839,27.560849,2024-05-23T13:14:00.000Z,18.8,,mgm,0
17424,MARMARA/SARAYLAR KÖYÜ BARINAK (SANDAL BASENİ) FENERİ,Balıkesir,Marmara,Marmara,40.657488,27.662533,2024-05-23T13:14:00.000Z,17.6,,mgm,0
17427,BOZCAADA LİMAN GİRİŞİ GÜNEY MENDİREK FENERİ,Çanakkale,Bozcaada,Ege,39.8341,26.0748,2024-05-23T13:14:00.000Z,18.3,,mgm,0
17428,AYVACIK/GÜLPINAR ANA MENDİREK FENERİ,Çanakkale,Ayvacık,Ege,39.5658,26.0967,2024-05-23T13:14:00.000Z,20.1,,mgm,0
17429,ECEABAT/KABATEPE GÜNEY MENDİREK FENERİ,Çanakkale,Eceabat,Ege,40.2019,26.2669,2024-05-23T13:14:00.000Z,18.8,,mgm,0
17430,GÖKÇEADA KALEKÖY ANA MENDİREK FENERİ,Çanakkale,Gökçeada,Ege,40.2317,25.8914,2024-05-23T13:14:00.000Z,19.0,,mgm,0
17432,EZİNE/GEYİKLİ ODUNLUK İSKELE FENERİ,Çanakkale,Ezine,Ege,39.818998,26.160008,2024-05-23T13:14:00.000Z,19.5,,mgm,0
17433,GÖKÇEADA UĞURLU LİMAN FENERİ,Çanakkale,Gökçeada,Ege,40.1153,25.6989,2024-05-23T13:14:00.000Z,19.7,,mgm,0
17434,EZİNE YENİKÖY BAL.BAR. ANA MENDİREK FENERİ,Çanakkale,Ezine,Ege,39.9447,26.1611,2024-05-23T13:14:00.000Z,18.5,,mgm,0
17437,TUZLA AYDINLI LİMAN FENERİ,İstanbul,Tuzla,Marmara,40.850611,29.271174,2024-05-23T13:14:00.000Z,19.2,,mgm,0
17442,KONAK/İZMİR PASAPORT MENDİREK FENERİ,İzmir,Konak,Ege,38.429236,27.131698,2024-05-23T13:14:00.000Z,23.6,,mgm,0
17446,İNEBOLU KUZEY MENDİREK FENERİ,Kastamonu,İnebolu,Karadeniz,41.9817,33.7769,2024-05-23T13:14:00.000Z,14.4,,mgm,0
17447,VİZE/MİDYE KIYIKÖY BATI MENDİREK FENERİ (ANA),Kırklareli,Vize,Karadeniz,41.630847,28.101353,2024-05-23T13:14:00.000Z,19.2,,mgm,0
17451,MARMARA EREĞLİSİ BAL.BAR.ANA MENDİREK FENERİ,Tekirdağ,Marmaraereğlisi,Marmara,40.970825,27.959676,2024-05-23T13:14:00.000Z,21.4,,mgm,0
17452,YALOVA SAMANLIDERE TALİ (DOĞU) MENDİREK FENERİ,Yalova,Merkez,Marmara,40.660597,29.246969,2024-05-23T13:14:00.000Z,17.2,,mgm,0
17453,ZONGULDAK GÜNEY MENDİREK FENERİ,Zonguldak,Merkez,Karadeniz,41.458611,31.779166,2024-05-23T13:14:00.000Z,17.5,,mgm,0
17454,FATİH/KUMKAPI FENERİ,İstanbul,Fatih,Marmara,41.000994,28.965432,2024-05-23T13:14:00.000Z,17.5,,mgm,0
17467,HOPA ANA MENDİREK FENERİ,Artvin,Hopa,Karadeniz,41.420291,41.429843,2024-05-23T13:14:00.000Z,22.4,,mgm,0
17473,KAŞ BAYINDIR ANA MENDİREK FENERİ,Antalya,Kaş,Akdeniz,36.183225,29.642011,2024-05-23T13:14:00.000Z,24.1,,mgm,0
17477,ALANYA YENİ YAT LİMAN ANA MENDİREK FENERİ,Antalya,Alanya,Akdeniz,36.557404,31.951419,2024-05-23T13:14:00.000Z,24.3,,mgm,0
17491,GEVAŞ AKDAMAR FENERİ,Van,Gevaş,Van Gölü,38.309988,43.041398,2024-05-23T13:14:00.000Z,17.4,,mgm,0
17492,DİDİM MARİNA FENERİ,Aydın,Didim,Ege,37.3369,27.264,2024-05-23T13:14:00.000Z,22.7,,mgm,0
17494,İSTANBUL HAVALİMANI LİMAN FENERİ,İstanbul,Arnavutköy,Karadeniz,41.313998,28.788586,2024-05-23T13:14:00.000Z,20.6,,mgm,0
17386,BODRUM KARAADA SIĞLIK IŞIKLI ŞAMANDIRA,Muğla,Bodrum,Ege,37.0081,27.4142,2024-05-23T13:15:00.000Z,22.1,,mgm,0
17450,BODRUM YALIKAVAK GEMİTAŞI FENERİ,Muğla,Bodrum,Ege,37.150133,27.263333,2024-05-23T13:15:00.000Z,18.6,,mgm,0
17464,TRABZON LİMANI ANA MENDİREK FENERİ,Trabzon,Ortahisar,Karadeniz,41.006776,39.750108,2024-05-23T13:15:00.000Z,15.6,,mgm,0
17465,ARAKLI BALIKÇI BARINAĞI TALİ MENDİREK FENERİ,Trabzon,Araklı,Karadeniz,40.945081,40.053776,2024-05-23T13:15:00.000Z,16.0,,mgm,0
17466,ÇAYELİ BALIKÇI BARINAĞI TALİ MENDİREK FENERİ,Rize,Çayeli,Karadeniz,41.090095,40.722557,2024-05-23T13:15:00.000Z,14.1,,mgm,0
17475,KEMER SIĞLIK FENERİ,Antalya,Kemer,Akdeniz,36.612395,30.574242,2024-05-23T13:15:00.000Z,24.7,,mgm,0
17479,SİLİFKE/TAŞUCU SEKA ANA MENDİREK FENERİ,Mersin,Silifke,Akdeniz,36.309162,33.889845,2024-05-23T13:15:00.000Z,24.5,,mgm,0
17482,VAN LİMAN,Van,Tuşba,Van Gölü,38.51486,43.307362,2024-05-23T13:15:00.000Z,15.2,,mgm,0
17483,TATVAN LİMAN,Bitlis,Tatvan,Van Gölü,38.512592,42.302103,2024-05-23T13:15:00.000Z,16.7,,mgm,0
17484,ADİLCEVAZ LİMAN,Bitlis,Adilcevaz,Van Gölü,38.797236,42.729931,2024-05-23T13:15:00.000Z,16.5,,mgm,0
17489,MUDANYA/GÜZELYALI BALIKÇI BARINAĞI,Bursa,Mudanya,Marmara,40.35612,28.934036,2024-05-23T13:15:00.000Z,18.0,,mgm,0
17460,ÜNYE BALIKÇI BARINAĞI ANA MENDİREK FENERİ,Ordu,Ünye,Karadeniz,41.116448,37.348722,2024-05-23T13:16:00.000Z,16.9,,mgm,0
17015,AKÇAKOCA,Düzce,Akçakoca,Karadeniz,41.089528,31.143039,2024-06-12T06:00:00.000Z,21.4,,turkiye.gov.tr,1
17024,İNEBOLU,Kastamonu,İnebolu,Karadeniz,41.978937,33.762945,2024-06-12T06:00:00.000Z,17.4,,turkiye.gov.tr,1
17026,SİNOP,Sinop,Merkez,Karadeniz,42.029821,35.154286,2024-06-12T06:00:00.000Z,21.4,,turkiye.gov.tr,1
17030,SAMSUN BÖLGE,Samsun,Atakum,Karadeniz,41.344286,36.255794,2024-06-12T06:00:00.000Z,19.0,,turkiye.gov.tr,1
17033,ORDU,Ordu,Altınordu,Karadeniz,40.983833,37.885833,2024-06-12T06:00:00.000Z,19.8,,turkiye.gov.tr,1
17034,GİRESUN,Giresun,Merkez,Karadeniz,40.922667,38.387833,2024-06-12T06:00:00.000Z,22.4,,turkiye.gov.tr,1
17038,TRABZON HAVALİMANI,Trabzon,Ortahisar,Karadeniz,40.999133,39.779248,2024-06-12T06:00:00.000Z,21.6,,turkiye.gov.tr,1
17040,RİZE,Rize,Merkez,Karadeniz,41.04,40.501333,2024-06-12T06:00:00.000Z,22.0,,turkiye.gov.tr,1
17042,HOPA,Artvin,Hopa,Karadeniz,41.4065,41.433,2024-06-12T06:00:00.000Z,22.6,,turkiye.gov.tr,1
17044,RİZE ARTVİN HAVALİMANI,Rize,Pazar,Karadeniz,41.177687,40.835223,2024-06-12T06:00:00.000Z,22.7,,turkiye.gov.tr,1
17056,TEKİRDAĞ,Tekirdağ,Süleymanpaşa,Marmara,40.957959,27.496181,2024-06-12T06:00:00.000Z,23.0,,turkiye.gov.tr,1
17112,ÇANAKKALE,Çanakkale,Merkez,Marmara,40.141428,26.399616,2024-06-12T06:00:00.000Z,22.8,,turkiye.gov.tr,1
17175,AYVALIK,Balıkesir,Ayvalık,Ege,39.311292,26.686445,2024-06-12T06:00:00.000Z,23.0,,turkiye.gov.tr,1
17180,DİKİLİ,İzmir,Dikili,Ege,39.073861,26.888093,2024-06-12T06:00:00.000Z,23.3,,turkiye.gov.tr,1
17220,İZMİR BÖLGE,İzmir,Konak,Ege,38.3945,27.0821,2024-06-12T06:00:00.000Z,27.5,,turkiye.gov.tr,1
17221,ÇEŞME,İzmir,Çeşme,Ege,38.303858,26.372882,2024-06-12T06:00:00.000Z,25.4,,turkiye.gov.tr,1
17232,KUŞADASI,Aydın,Kuşadası,Ege,37.859636,27.265115,2024-06-12T06:00:00.000Z,26.1,,turkiye.gov.tr,1
17290,BODRUM,Muğla,Bodrum,Ege,37.032611,27.439801,2024-06-12T06:00:00.000Z,23.6,,turkiye.gov.tr,1
17296,FETHİYE,Muğla,Fethiye,Akdeniz,36.626611,29.123804,2024-06-12T06:00:00.000Z,26.6,,turkiye.gov.tr,1
17297,DATÇA,Muğla,Datça,Ege,36.707945,27.691918,2024-06-12T06:00:00.000Z,24.0,,turkiye.gov.tr,1
17298,MARMARİS,Muğla,Marmaris,Akdeniz,36.83926,28.244995,2024-06-12T06:00:00.000Z,23.3,,turkiye.gov.tr,1
17302,ANTALYA BÖLGE,Antalya,Muratpaşa,Akdeniz,36.885073,30.682793,2024-06-12T06:00:00.000Z,26.5,,turkiye.gov.tr,1
17310,ALANYA,Antalya,Alanya,Akdeniz,36.54999,31.979822,2024-06-12T06:00:00.000Z,26.8,,turkiye.gov.tr,1
17320,ANAMUR,Mersin,Anamur,Akdeniz,36.068614,32.864876,2024-06-12T06:00:00.000Z,24.0,,turkiye.gov.tr,1
17340,MERSİN,Mersin,Yenişehir,Akdeniz,36.780904,34.603125,2024-06-12T06:00:00.000Z,26.8,,turkiye.gov.tr,1
17370,İSKENDERUN,Hatay,İskenderun,Akdeniz,36.592358,36.158158,2024-06-12T06:00:00.000Z,26.9,,turkiye.gov.tr,1
17375,FİNİKE,Antalya,Finike,Akdeniz,36.3024,30.1458,2024-06-12T06:00:00.000Z,25.3,,turkiye.gov.tr,1
17380,KAŞ,Antalya,Kaş,Akdeniz,36.200579,29.649995,2024-06-12T06:00:00.000Z,26.1,,turkiye.gov.tr,1
17381,KUŞADASI 3. NOLU ŞAMANDIRA,Aydın,Kuşadası,Ege,37.8458,27.2194,2024-06-12T06:00:00.000Z,25.6,,turkiye.gov.tr,1
17386,BODRUM KARAADA SIĞLIK IŞIKLI ŞAMANDIRA,Muğla,Bodrum,Ege,37.0081,27.4142,2024-06-12T06:00:00.000Z,24.7,,turkiye.gov.tr,1
17389,ADALAR ŞAMANDIRA,İstanbul,Adalar,Marmara,40.93278,28.94889,2024-06-12T06:00:00.000Z,19.6,,turkiye.gov.tr,1
17421,AYVALIK KANAL SANCAK A FENERİ,Balıkesir,Ayvalık,Ege,39.323394,26.640546,2024-06-12T06:00:00.000Z,26.0,,turkiye.gov.tr,1
17422,BANDIRMA KUZEY MENDİREK FENERİ,Balıkesir,Bandırma,Marmara,40.358554,27.958451,2024-06-12T06:00:00.000Z,25.1,,turkiye.gov.tr,1
17423,MARMARA BARINAK ANA MENDİREK FENERİ,Balıkesir,Marmara,Marmara,40.583839,27.560849,2024-06-12T06:00:00.000Z,24.8,,turkiye.gov.tr,1
17424,MARMARA/SARAYLAR KÖYÜ BARINAK (SANDAL BASENİ) FENERİ,Balıkesir,Marmara,Marmara,40.657488,27.662533,2024-06-12T06:00:00.000Z,23.6,,turkiye.gov.tr,1
17425,LAPSEKİ/ZİNCİRBOZAN FENERİ,Çanakkale,Lapseki,Marmara,40.4206,26.7536,2024-06-12T06:00:00.000Z,24.6,,turkiye.gov.tr,1
17427,BOZCAADA LİMAN GİRİŞİ GÜNEY MENDİREK FENERİ,Çanakkale,Bozcaada,Ege,39.8341,26.0748,2024-06-12T06:00:00.000Z,22.1,,turkiye.gov.tr,1
17428,AYVACIK/GÜLPINAR ANA MENDİREK FENERİ,Çanakkale,Ayvacık,Ege,39.5658,26.0967,2024-06-12T06:00:00.000Z,25.1,,turkiye.gov.tr,1
17429,ECEABAT/KABATEPE GÜNEY MENDİREK FENERİ,Çanakkale,Eceabat,Ege,40.2019,26.2669,2024-06-12T06:00:00.000Z,24.8,,turkiye.gov.tr,1
17430,GÖKÇEADA KALEKÖY ANA MENDİREK FENERİ,Çanakkale,Gökçeada,Ege,40.2317,25.8914,2024-06-12T06:00:00.000Z,24.5,,turkiye.gov.tr,1
17431,BİGA/KARABİGA BAR. (B) NOKTASI GÜNEY MEN. FENERİ,Çanakkale,Biga,Marmara,40.399583,27.305591,2024-06-12T06:00:00.000Z,26.6,,turkiye.gov.tr,1
17432,EZİNE/GEYİKLİ ODUNLUK İSKELE FENERİ,Çanakkale,Ezine,Ege,39.818998,26.160008,2024-06-12T06:00:00.000Z,23.8,,turkiye.gov.tr,1
17433,GÖKÇEADA UĞURLU LİMAN FENERİ,Çanakkale,Gökçeada,Ege,40.1153,25.6989,2024-06-12T06:00:00.000Z,26.2,,turkiye.gov.tr,1
17434,EZİNE YENİKÖY BAL.BAR. ANA MENDİREK FENERİ,Çanakkale,Ezine,Ege,39.9447,26.1611,2024-06-12T06:00:00.000Z,23.1,,turkiye.gov.tr,1
17437,TUZLA AYDINLI LİMAN FENERİ,İstanbul,Tuzla,Marmara,40.850611,29.271174,2024-06-12T06:00:00.000Z,25.5,,turkiye.gov.tr,1
17438,SİLİVRİ ANA MENDİREK FENERİ,İstanbul,Silivri,Marmara,41.072866,28.238398,2024-06-12T06:00:00.000Z,24.6,,turkiye.gov.tr,1
17442,KONAK/İZMİR PASAPORT MENDİREK FENERİ,İzmir,Konak,Ege,38.429236,27.131698,2024-06-12T06:00:00.000Z,28.6,,turkiye.gov.tr,1
17445,CİDE KUZEY MENDİREK FENERİ,Kastamonu,Cide,Karadeniz,41.9006,32.9778,2024-06-12T06:00:00.000Z,22.5,,turkiye.gov.tr,1
17446,İNEBOLU KUZEY MENDİREK FENERİ,Kastamonu,İnebolu,Karadeniz,41.9817,33.7769,2024-06-12T06:00:00.000Z,21.2,,turkiye.gov.tr,1
17447,VİZE/MİDYE KIYIKÖY BATI MENDİREK FENERİ (ANA),Kırklareli,Vize,Karadeniz,41.630847,28.101353,2024-06-12T06:00:00.000Z,25.9,,turkiye.gov.tr,1
17448,TUZLA İTÜ GÜNEY MENDİREK FENERİ,İstanbul,Tuzla,Marmara,40.811828,29.297373,2024-06-12T06:00:00.000Z,22.8,,turkiye.gov.tr,1
17450,BODRUM YALIKAVAK GEMİTAŞI FENERİ,Muğla,Bodrum,Ege,37.150133,27.263333,2024-06-12T06:00:00.000Z,24.1,,turkiye.gov.tr,1
17452,YALOVA SAMANLIDERE TALİ (DOĞU) MENDİREK FENERİ,Yalova,Merkez,Marmara,40.660597,29.246969,2024-06-12T06:00:00.000Z,28.0,,turkiye.gov.tr,1
17453,ZONGULDAK GÜNEY MENDİREK FENERİ,Zonguldak,Merkez,Karadeniz,41.458611,31.779166,2024-06-12T06:00:00.000Z,24.2,,turkiye.gov.tr,1
17454,FATİH/KUMKAPI FENERİ,İstanbul,Fatih,Marmara,41.000994,28.965432,2024-06-12T06:00:00.000Z,29.4,,turkiye.gov.tr,1
17460,ÜNYE BALIKÇI BARINAĞI ANA MENDİREK FENERİ,Ordu,Ünye,Karadeniz,41.116448,37.348722,2024-06-12T06:00:00.000Z,22.8,,turkiye.gov.tr,1
17464,TRABZON LİMANI ANA MENDİREK FENERİ,Trabzon,Ortahisar,Karadeniz,41.006776,39.750108,2024-06-12T06:00:00.000Z,22.0,,turkiye.gov.tr,1
17465,ARAKLI BALIKÇI BARINAĞI TALİ MENDİREK FENERİ,Trabzon,Araklı,Karadeniz,40.945081,40.053776,2024-06-12T06:00:00.000Z,21.3,,turkiye.gov.tr,1
17466,ÇAYELİ BALIKÇI BARINAĞI TALİ MENDİREK FENERİ,Rize,Çayeli,Karadeniz,41.090095,40.722557,2024-06-12T06:00:00.000Z,20.4,,turkiye.gov.tr,1
17467,HOPA ANA MENDİREK FENERİ,Artvin,Hopa,Karadeniz,41.420291,41.429843,2024-06-12T06:00:00.000Z,25.5,,turkiye.gov.tr,1
17470,İNCEBURUN (YILDIZADASI) MARMARİS FENERİ,Muğla,Marmaris,Akdeniz,36.813936,28.265907,2024-06-12T06:00:00.000Z,23.9,,turkiye.gov.tr,1
17474,FİNİKE BALIKÇI BARINAĞI ANA MENDİREK FENER,Antalya,Finike,Akdeniz,36.2953,30.1533,2024-06-12T06:00:00.000Z,25.6,,turkiye.gov.tr,1
17475,KEMER SIĞLIK FENERİ,Antalya,Kemer,Akdeniz,36.612395,30.574242,2024-06-12T06:00:00.000Z,25.9,,turkiye.gov.tr,1
17477,ALANYA YENİ YAT LİMAN ANA MENDİREK FENERİ,Antalya,Alanya,Akdeniz,36.557404,31.951419,2024-06-12T06:00:00.000Z,27.5,,turkiye.gov.tr,1
17480,KARATAŞ BALIKÇI BARINAĞI TALİ MENDİREK FENERİ,Adana,Karataş,Akdeniz,36.557986,35.383499,2024-06-12T06:00:00.000Z,27.8,,turkiye.gov.tr,1
17482,VAN LİMAN,Van,Tuşba,Van Gölü,38.51486,43.307362,2024-06-12T06:00:00.000Z,20.4,,turkiye.gov.tr,1
17484,ADİLCEVAZ LİMAN,Bitlis,Adilcevaz,Van Gölü,38.797236,42.729931,2024-06-12T06:00:00.000Z,19.4,,turkiye.gov.tr,1
17489,MUDANYA/GÜZELYALI BALIKÇI BARINAĞI,Bursa,Mudanya,Marmara,40.35612,28.934036,2024-06-12T06:00:00.000Z,23.3,,turkiye.gov.tr,1
17491,GEVAŞ AKDAMAR FENERİ,Van,Gevaş,Van Gölü,38.309988,43.041398,2024-06-12T06:00:00.000Z,20.2,,turkiye.gov.tr,1
17492,DİDİM MARİNA FENERİ,Aydın,Didim,Ege,37.3369,27.264,2024-06-12T06:00:00.000Z,26.9,,turkiye.gov.tr,1
17494,İSTANBUL HAVALİMANI LİMAN FENERİ,İstanbul,Arnavutköy,Karadeniz,41.313998,28.788586,2024-06-12T06:00:00.000Z,27.5,,turkiye.gov.tr,1
17015,AKÇAKOCA,Düzce,Akçakoca,Karadeniz,41.089528,31.143039,2024-06-22T06:00:00.000Z,21.8,,mgm,0
17024,İNEBOLU,Kastamonu,İnebolu,Karadeniz,41.978937,33.762945,2024-06-22T06:00:00.000Z,17.4,,mgm,0
17026,SİNOP,Sinop,Merkez,Karadeniz,42.029821,35.154286,2024-06-22T06:00:00.000Z,23.5,,mgm,0
17030,SAMSUN BÖLGE,Samsun,Atakum,Karadeniz,41.344286,36.255794,2024-06-22T06:00:00.000Z,23.2,,mgm,0
17033,ORDU,Ordu,Altınordu,Karadeniz,40.983833,37.885833,2024-06-22T06:00:00.000Z,21.7,,mgm,0
17034,GİRESUN,Giresun,Merkez,Karadeniz,40.922667,38.387833,2024-06-22T06:00:00.000Z,21.5,,mgm,0
17038,TRABZON HAVALİMANI,Trabzon,Ortahisar,Karadeniz,40.999133,39.779248,2024-06-22T06:00:00.000Z,22.3,,mgm,0
17040,RİZE,Rize,Merkez,Karadeniz,41.04,40.501333,2024-06-22T06:00:00.000Z,23.0,,mgm,0
17042,HOPA,Artvin,Hopa,Karadeniz,41.4065,41.433,2024-06-22T06:00:00.000Z,24.2,,mgm,0
17044,RİZE ARTVİN HAVALİMANI,Rize,Pazar,Karadeniz,41.177687,40.835223,2024-06-22T06:00:00.000Z,24.2,,mgm,0
17056,TEKİRDAĞ,Tekirdağ,Süleymanpaşa,Marmara,40.957959,27.496181,2024-06-22T06:00:00.000Z,23.5,,mgm,0
17112,ÇANAKKALE,Çanakkale,Merkez,Marmara,40.141428,26.399616,2024-06-22T06:00:00.000Z,22.5,,mgm,0
17175,AYVALIK,Balıkesir,Ayvalık,Ege,39.311292,26.686445,2024-06-22T06:00:00.000Z,25.2,,mgm,0
17180,DİKİLİ,İzmir,Dikili,Ege,39.073861,26.888093,2024-06-22T06:00:00.000Z,25.3,,mgm,0
17220,İZMİR BÖLGE,İzmir,Konak,Ege,38.3945,27.0821,2024-06-22T06:00:00.000Z,27.3,,mgm,0
17221,ÇEŞME,İzmir,Çeşme,Ege,38.303858,26.372882,2024-06-22T06:00:00.000Z,26.8,,mgm,0
17232,KUŞADASI,Aydın,Kuşadası,Ege,37.859636,27.265115,2024-06-22T06:00:00.000Z,25.6,,mgm,0
17290,BODRUM,Muğla,Bodrum,Ege,37.032611,27.439801,2024-06-22T06:00:00.000Z,25.5,,mgm,0
17296,FETHİYE,Muğla,Fethiye,Akdeniz,36.626611,29.123804,2024-06-22T06:00:00.000Z,27.7,,mgm,0
17297,DATÇA,Muğla,Datça,Ege,36.707945,27.691918,2024-06-22T06:00:00.000Z,24.2,,mgm,0
17298,MARMARİS,Muğla,Marmaris,Akdeniz,36.83926,28.244995,2024-06-22T06:00:00.000Z,25.0,,mgm,0
17302,ANTALYA BÖLGE,Antalya,Muratpaşa,Akdeniz,36.885073,30.682793,2024-06-22T06:00:00.000Z,29.4,,mgm,0
17310,ALANYA,Antalya,Alanya,Akdeniz,36.54999,31.979822,2024-06-22T06:00:00.000Z,28.2,,mgm,0
17320,ANAMUR,Mersin,Anamur,Akdeniz,36.068614,32.864876,2024-06-22T06:00:00.000Z,26.5,,mgm,0
17340,MERSİN,Mersin,Yenişehir,Akdeniz,36.780904,34.603125,2024-06-22T06:00:00.000Z,28.0,,mgm,0
17370,İSKENDERUN,Hatay,İskenderun,Akdeniz,36.592358,36.158158,2024-06-22T06:00:00.000Z,29.5,,mgm,0
17375,FİNİKE,Antalya,Finike,Akdeniz,36.3024,30.1458,2024-06-22T06:00:00.000Z,26.4,,mgm,0
17380,KAŞ,Antalya,Kaş,Akdeniz,36.200579,29.649995,2024-06-22T06:00:00.000Z,27.1,,mgm,0
17381,KUŞADASI 3. NOLU ŞAMANDIRA,Aydın,Kuşadası,Ege,37.8458,27.2194,2024-06-22T09:54:00.000Z,25.8,,mgm,0
17422,BANDIRMA KUZEY MENDİREK FENERİ,Balıkesir,Bandırma,Marmara,40.358554,27.958451,2024-06-22T12:28:00.000Z,25.2,,mgm,0
17389,ADALAR ŞAMANDIRA,İstanbul,Adalar,Marmara,40.93278,28.94889,2024-06-22T12:29:00.000Z,21.2,,mgm,0
17421,AYVALIK KANAL SANCAK A FENERİ,Balıkesir,Ayvalık,Ege,39.323394,26.640546,2024-06-22T12:29:00.000Z,20.7,,mgm,0
17423,MARMARA BARINAK ANA MENDİREK FENERİ,Balıkesir,Marmara,Marmara,40.583839,27.560849,2024-06-22T12:29:00.000Z,24.3,,mgm,0
17424,MARMARA/SARAYLAR KÖYÜ BARINAK (SANDAL BASENİ) FENERİ,Balıkesir,Marmara,Marmara,40.657488,27.662533,2024-06-22T12:29:00.000Z,24.5,,mgm,0
17425,LAPSEKİ/ZİNCİRBOZAN FENERİ,Çanakkale,Lapseki,Marmara,40.4206,26.7536,2024-06-22T12:29:00.000Z,24.4,,mgm,0
17427,BOZCAADA LİMAN GİRİŞİ GÜNEY MENDİREK FENERİ,Çanakkale,Bozcaada,Ege,39.8341,26.0748,2024-06-22T12:29:00.000Z,21.0,,mgm,0
17428,AYVACIK/GÜLPINAR ANA MENDİREK FENERİ,Çanakkale,Ayvacık,Ege,39.5658,26.0967,2024-06-22T12:29:00.000Z,22.5,,mgm,0
17429,ECEABAT/KABATEPE GÜNEY MENDİREK FENERİ,Çanakkale,Eceabat,Ege,40.2019,26.2669,2024-06-22T12:29:00.000Z,20.2,,mgm,0
17430,GÖKÇEADA KALEKÖY ANA MENDİREK FENERİ,Çanakkale,Gökçeada,Ege,40.2317,25.8914,2024-06-22T12:29:00.000Z,24.5,,mgm,0
17431,BİGA/KARABİGA BAR. (B) NOKTASI GÜNEY MEN. FENERİ,Çanakkale,Biga,Marmara,40.399583,27.305591,2024-06-22T12:29:00.000Z,26.5,,mgm,0
17432,EZİNE/GEYİKLİ ODUNLUK İSKELE FENERİ,Çanakkale,Ezine,Ege,39.818998,26.160008,2024-06-22T12:29:00.000Z,21.1,,mgm,0
17433,GÖKÇEADA UĞURLU LİMAN FENERİ,Çanakkale,Gökçeada,Ege,40.1153,25.6989,2024-06-22T12:29:00.000Z,24.2,,mgm,0
17434,EZİNE YENİKÖY BAL.BAR. ANA MENDİREK FENERİ,Çanakkale,Ezine,Ege,39.9447,26.1611,2024-06-22T12:29:00.000Z,20.3,,mgm,0
17437,TUZLA AYDINLI LİMAN FENERİ,İstanbul,Tuzla,Marmara,40.850611,29.271174,2024-06-22T12:29:00.000Z,24.2,,mgm,0
17438,SİLİVRİ ANA MENDİREK FENERİ,İstanbul,Silivri,Marmara,41.072866,28.238398,2024-06-22T12:29:00.000Z,25.4,,mgm,0
17442,KONAK/İZMİR PASAPORT MENDİREK FENERİ,İzmir,Konak,Ege,38.429236,27.131698,2024-06-22T12:29:00.000Z,28.1,,mgm,0
17445,CİDE KUZEY MENDİREK FENERİ,Kastamonu,Cide,Karadeniz,41.9006,32.9778,2024-06-22T12:29:00.000Z,15.9,,mgm,0
17446,İNEBOLU KUZEY MENDİREK FENERİ,Kastamonu,İnebolu,Karadeniz,41.9817,33.7769,2024-06-22T12:29:00.000Z,19.8,,mgm,0
17447,VİZE/MİDYE KIYIKÖY BATI MENDİREK FENERİ (ANA),Kırklareli,Vize,Karadeniz,41.630847,28.101353,2024-06-22T12:29:00.000Z,25.7,,mgm,0
17448,TUZLA İTÜ GÜNEY MENDİREK FENERİ,İstanbul,Tuzla,Marmara,40.811828,29.297373,2024-06-22T12:29:00.000Z,22.7,,mgm,0
17452,YALOVA SAMANLIDERE TALİ (DOĞU) MENDİREK FENERİ,Yalova,Merkez,Marmara,40.660597,29.246969,2024-06-22T12:29:00.000Z,26.4,,mgm,0
17453,ZONGULDAK GÜNEY MENDİREK FENERİ,Zonguldak,Merkez,Karadeniz,41.458611,31.779166,2024-06-22T12:29:00.000Z,20.4,,mgm,0
17454,FATİH/KUMKAPI FENERİ,İstanbul,Fatih,Marmara,41.000994,28.965432,2024-06-22T12:29:00.000Z,24.2,,mgm,0
17467,HOPA ANA MENDİREK FENERİ,Artvin,Hopa,Karadeniz,41.420291,41.429843,2024-06-22T12:29:00.000Z,24.7,,mgm,0
17470,İNCEBURUN (YILDIZADASI) MARMARİS FENERİ,Muğla,Marmaris,Akdeniz,36.813936,28.265907,2024-06-22T12:29:00.000Z,25.5,,mgm,0
17474,FİNİKE BALIKÇI BARINAĞI ANA MENDİREK FENER,Antalya,Finike,Akdeniz,36.2953,30.1533,2024-06-22T12:29:00.000Z,27.6,,mgm,0
17477,ALANYA YENİ YAT LİMAN ANA MENDİREK FENERİ,Antalya,Alanya,Akdeniz,36.557404,31.951419,2024-06-22T12:29:00.000Z,29.4,,mgm,0
17491,GEVAŞ AKDAMAR FENERİ,Van,Gevaş,Van Gölü,38.309988,43.041398,2024-06-22T12:29:00.000Z,24.4,,mgm,0
17492,DİDİM MARİNA FENERİ,Aydın,Didim,Ege,37.3369,27.264,2024-06-22T12:29:00.000Z,29.2,,mgm,0
17494,İSTANBUL HAVALİMANI LİMAN FENERİ,İstanbul,Arnavutköy,Karadeniz,41.313998,28.788586,2024-06-22T12:29:00.000Z,25.0,,mgm,0
17450,BODRUM YALIKAVAK GEMİTAŞI FENERİ,Muğla,Bodrum,Ege,37.150133,27.263333,2024-06-22T12:30:00.000Z,22.3,,mgm,0
17475,KEMER SIĞLIK FENERİ,Antalya,Kemer,Akdeniz,36.612395,30.574242,2024-06-22T12:30:00.000Z,29.5,,mgm,0
17482,VAN LİMAN,Van,Tuşba,Van Gölü,38.51486,43.307362,2024-06-22T12:30:00.000Z,22.5,,mgm,0
17484,ADİLCEVAZ LİMAN,Bitlis,Adilcevaz,Van Gölü,38.797236,42.729931,2024-06-22T12:30:00.000Z,21.2,,mgm,0
17386,BODRUM KARAADA SIĞLIK IŞIKLI ŞAMANDIRA,Muğla,Bodrum,Ege,37.0081,27.4142,2024-06-22T12:31:00.000Z,25.8,,mgm,0
17464,TRABZON LİMANI ANA MENDİREK FENERİ,Trabzon,Ortahisar,Karadeniz,41.006776,39.750108,2024-06-22T12:31:00.000Z,22.5,,mgm,0
17465,ARAKLI BALIKÇI BARINAĞI TALİ MENDİREK FENERİ,Trabzon,Araklı,Karadeniz,40.945081,40.053776,2024-06-22T12:31:00.000Z,21.8,,mgm,0
17466,ÇAYELİ BALIKÇI BARINAĞI TALİ MENDİREK FENERİ,Rize,Çayeli,Karadeniz,41.090095,40.722557,2024-06-22T12:31:00.000Z,20.5,,mgm,0
17480,KARATAŞ BALIKÇI BARINAĞI TALİ MENDİREK FENERİ,Adana,Karataş,Akdeniz,36.557986,35.383499,2024-06-22T12:31:00.000Z,30.0,,mgm,0
17489,MUDANYA/GÜZELYALI BALIKÇI BARINAĞI,Bursa,Mudanya,Marmara,40.35612,28.934036,2024-06-22T12:31:00.000Z,22.6,,mgm,0
17460,ÜNYE BALIKÇI BARINAĞI ANA MENDİREK FENERİ,Ordu,Ünye,Karadeniz,41.116448,37.348722,2024-06-22T12:32:00.000Z,24.2,,mgm,0
17015,AKÇAKOCA,Düzce,Akçakoca,Karadeniz,41.089528,31.143039,2024-07-13T06:00:00.000Z,24.5,,turkiye.gov.tr,1
17024,İNEBOLU,Kastamonu,İnebolu,Karadeniz,41.978937,33.762945,2024-07-13T06:00:00.000Z,26.2,,turkiye.gov.tr,1
17026,SİNOP,Sinop,Merkez,Karadeniz,42.029821,35.154286,2024-07-13T06:00:00.000Z,24.9,,turkiye.gov.tr,1
17030,SAMSUN BÖLGE,Samsun,Atakum,Karadeniz,41.344286,36.255794,2024-07-13T06:00:00.000Z,26.1,,turkiye.gov.tr,1
17033,ORDU,Ordu,Altınordu,Karadeniz,40.983833,37.885833,2024-07-13T06:00:00.000Z,24.3,,turkiye.gov.tr,1
17034,GİRESUN,Giresun,Merkez,Karadeniz,40.922667,38.387833,2024-07-13T06:00:00.000Z,25.4,,turkiye.gov.tr,1
17038,TRABZON HAVALİMANI,Trabzon,Ortahisar,Karadeniz,40.999133,39.779248,2024-07-13T06:00:00.000Z,25.0,,turkiye.gov.tr,1
17040,RİZE,Rize,Merkez,Karadeniz,41.04,40.501333,2024-07-13T06:00:00.000Z,24.3,,turkiye.gov.tr,1
17042,HOPA,Artvin,Hopa,Karadeniz,41.4065,41.433,2024-07-13T06:00:00.000Z,24.5,,turkiye.gov.tr,1
17044,RİZE ARTVİN HAVALİMANI,Rize,Pazar,Karadeniz,41.177687,40.835223,2024-07-13T06:00:00.000Z,24.7,,turkiye.gov.tr,1
17056,TEKİRDAĞ,Tekirdağ,Süleymanpaşa,Marmara,40.957959,27.496181,2024-07-13T06:00:00.000Z,25.0,,turkiye.gov.tr,1
17112,ÇANAKKALE,Çanakkale,Merkez,Marmara,40.141428,26.399616,2024-07-13T06:00:00.000Z,23.8,,turkiye.gov.tr,1
17175,AYVALIK,Balıkesir,Ayvalık,Ege,39.311292,26.686445,2024-07-13T06:00:00.000Z,25.5,,turkiye.gov.tr,1
17180,DİKİLİ,İzmir,Dikili,Ege,39.073861,26.888093,2024-07-13T06:00:00.000Z,26.5,,turkiye.gov.tr,1
17220,İZMİR BÖLGE,İzmir,Konak,Ege,38.3945,27.0821,2024-07-13T06:00:00.000Z,27.4,,turkiye.gov.tr,1
17221,ÇEŞME,İzmir,Çeşme,Ege,38.303858,26.372882,2024-07-13T06:00:00.000Z,26.9,,turkiye.gov.tr,1
17232,KUŞADASI,Aydın,Kuşadası,Ege,37.859636,27.265115,2024-07-13T06:00:00.000Z,26.1,,turkiye.gov.tr,1
17290,BODRUM,Muğla,Bodrum,Ege,37.032611,27.439801,2024-07-13T06:00:00.000Z,26.5,,turkiye.gov.tr,1
17296,FETHİYE,Muğla,Fethiye,Akdeniz,36.626611,29.123804,2024-07-13T06:00:00.000Z,29.3,,turkiye.gov.tr,1
17297,DATÇA,Muğla,Datça,Ege,36.707945,27.691918,2024-07-13T06:00:00.000Z,26.1,,turkiye.gov.tr,1
17298,MARMARİS,Muğla,Marmaris,Akdeniz,36.83926,28.244995,2024-07-13T06:00:00.000Z,26.5,,turkiye.gov.tr,1
17302,ANTALYA BÖLGE,Antalya,Muratpaşa,Akdeniz,36.885073,30.682793,2024-07-13T06:00:00.000Z,29.4,,turkiye.gov.tr,1
17310,ALANYA,Antalya,Alanya,Akdeniz,36.54999,31.979822,2024-07-13T06:00:00.000Z,28.3,,turkiye.gov.tr,1
17320,ANAMUR,Mersin,Anamur,Akdeniz,36.068614,32.864876,2024-07-13T06:00:00.000Z,28.0,,turkiye.gov.tr,1
17340,MERSİN,Mersin,Yenişehir,Akdeniz,36.780904,34.603125,2024-07-13T06:00:00.000Z,30.5,,turkiye.gov.tr,1
17370,İSKENDERUN,Hatay,İskenderun,Akdeniz,36.592358,36.158158,2024-07-13T06:00:00.000Z,30.5,,turkiye.gov.tr,1
17375,FİNİKE,Antalya,Finike,Akdeniz,36.3024,30.1458,2024-07-13T06:00:00.000Z,29.0,,turkiye.gov.tr,1
17380,KAŞ,Antalya,Kaş,Akdeniz,36.200579,29.649995,2024-07-13T06:00:00.000Z,28.9,,turkiye.gov.tr,1
17381,KUŞADASI 3. NOLU ŞAMANDIRA,Aydın,Kuşadası,Ege,37.8458,27.2194,2024-07-13T06:00:00.000Z,24.8,,turkiye.gov.tr,1
17386,BODRUM KARAADA SIĞLIK IŞIKLI ŞAMANDIRA,Muğla,Bodrum,Ege,37.0081,27.4142,2024-07-13T06:00:00.000Z,26.0,,turkiye.gov.tr,1
17387,GİRESUN PALAMUT KAYALIĞI MAHMUZ FENERİ,Giresun,Merkez,Karadeniz,40.9182,38.3783,2024-07-13T06:00:00.000Z,27.0,,turkiye.gov.tr,1
17389,ADALAR ŞAMANDIRA,İstanbul,Adalar,Marmara,40.93278,28.94889,2024-07-13T06:00:00.000Z,24.2,,turkiye.gov.tr,1
17391,SAMSUN ŞAMANDIRA,Samsun,Çarşamba,Karadeniz,41.436283,36.557767,2024-07-13T06:00:00.000Z,27.0,,turkiye.gov.tr,1
17421,AYVALIK KANAL SANCAK A FENERİ,Balıkesir,Ayvalık,Ege,39.323394,26.640546,2024-07-13T06:00:00.000Z,24.6,,turkiye.gov.tr,1
17422,BANDIRMA KUZEY MENDİREK FENERİ,Balıkesir,Bandırma,Marmara,40.358554,27.958451,2024-07-13T06:00:00.000Z,27.2,,turkiye.gov.tr,1
17423,MARMARA BARINAK ANA MENDİREK FENERİ,Balıkesir,Marmara,Marmara,40.583839,27.560849,2024-07-13T06:00:00.000Z,27.2,,turkiye.gov.tr,1
17424,MARMARA/SARAYLAR KÖYÜ BARINAK (SANDAL BASENİ) FENERİ,Balıkesir,Marmara,Marmara,40.657488,27.662533,2024-07-13T06:00:00.000Z,27.7,,turkiye.gov.tr,1
17425,LAPSEKİ/ZİNCİRBOZAN FENERİ,Çanakkale,Lapseki,Marmara,40.4206,26.7536,2024-07-13T06:00:00.000Z,26.2,,turkiye.gov.tr,1
17426,BARTIN GÜNEY MENDİREK FENERİ,Bartın,Merkez,Karadeniz,41.6864,32.2261,2024-07-13T06:00:00.000Z,27.9,,turkiye.gov.tr,1
17427,BOZCAADA LİMAN GİRİŞİ GÜNEY MENDİREK FENERİ,Çanakkale,Bozcaada,Ege,39.8341,26.0748,2024-07-13T06:00:00.000Z,24.2,,turkiye.gov.tr,1
17428,AYVACIK/GÜLPINAR ANA MENDİREK FENERİ,Çanakkale,Ayvacık,Ege,39.5658,26.0967,2024-07-13T06:00:00.000Z,23.4,,turkiye.gov.tr,1
17429,ECEABAT/KABATEPE GÜNEY MENDİREK FENERİ,Çanakkale,Eceabat,Ege,40.2019,26.2669,2024-07-13T06:00:00.000Z,26.4,,turkiye.gov.tr,1
17430,GÖKÇEADA KALEKÖY ANA MENDİREK FENERİ,Çanakkale,Gökçeada,Ege,40.2317,25.8914,2024-07-13T06:00:00.000Z,27.0,,turkiye.gov.tr,1
17431,BİGA/KARABİGA BAR. (B) NOKTASI GÜNEY MEN. FENERİ,Çanakkale,Biga,Marmara,40.399583,27.305591,2024-07-13T06:00:00.000Z,28.8,,turkiye.gov.tr,1
17432,EZİNE/GEYİKLİ ODUNLUK İSKELE FENERİ,Çanakkale,Ezine,Ege,39.818998,26.160008,2024-07-13T06:00:00.000Z,21.9,,turkiye.gov.tr,1
17433,GÖKÇEADA UĞURLU LİMAN FENERİ,Çanakkale,Gökçeada,Ege,40.1153,25.6989,2024-07-13T06:00:00.000Z,25.7,,turkiye.gov.tr,1
17434,EZİNE YENİKÖY BAL.BAR. ANA MENDİREK FENERİ,Çanakkale,Ezine,Ege,39.9447,26.1611,2024-07-13T06:00:00.000Z,23.1,,turkiye.gov.tr,1
17436,ENEZ TALİ MENDİREK FENERİ,Edirne,Enez,Ege,40.698218,26.051263,2024-07-13T06:00:00.000Z,27.1,,turkiye.gov.tr,1
17437,TUZLA AYDINLI LİMAN FENERİ,İstanbul,Tuzla,Marmara,40.850611,29.271174,2024-07-13T06:00:00.000Z,27.1,,turkiye.gov.tr,1
17438,SİLİVRİ ANA MENDİREK FENERİ,İstanbul,Silivri,Marmara,41.072866,28.238398,2024-07-13T06:00:00.000Z,26.9,,turkiye.gov.tr,1
17442,KONAK/İZMİR PASAPORT MENDİREK FENERİ,İzmir,Konak,Ege,38.429236,27.131698,2024-07-13T06:00:00.000Z,28.8,,turkiye.gov.tr,1
17445,CİDE KUZEY MENDİREK FENERİ,Kastamonu,Cide,Karadeniz,41.9006,32.9778,2024-07-13T06:00:00.000Z,25.8,,turkiye.gov.tr,1
17446,İNEBOLU KUZEY MENDİREK FENERİ,Kastamonu,İnebolu,Karadeniz,41.9817,33.7769,2024-07-13T06:00:00.000Z,26.5,,turkiye.gov.tr,1
17447,VİZE/MİDYE KIYIKÖY BATI MENDİREK FENERİ (ANA),Kırklareli,Vize,Karadeniz,41.630847,28.101353,2024-07-13T06:00:00.000Z,25.3,,turkiye.gov.tr,1
17448,TUZLA İTÜ GÜNEY MENDİREK FENERİ,İstanbul,Tuzla,Marmara,40.811828,29.297373,2024-07-13T06:00:00.000Z,25.1,,turkiye.gov.tr,1
17450,BODRUM YALIKAVAK GEMİTAŞI FENERİ,Muğla,Bodrum,Ege,37.150133,27.263333,2024-07-13T06:00:00.000Z,23.0,,turkiye.gov.tr,1
17451,MARMARA EREĞLİSİ BAL.BAR.ANA MENDİREK FENERİ,Tekirdağ,Marmaraereğlisi,Marmara,40.970825,27.959676,2024-07-13T06:00:00.000Z,28.0,,turkiye.gov.tr,1
17452,YALOVA SAMANLIDERE TALİ (DOĞU) MENDİREK FENERİ,Yalova,Merkez,Marmara,40.660597,29.246969,2024-07-13T06:00:00.000Z,30.4,,turkiye.gov.tr,1
17453,ZONGULDAK GÜNEY MENDİREK FENERİ,Zonguldak,Merkez,Karadeniz,41.458611,31.779166,2024-07-13T06:00:00.000Z,28.0,,turkiye.gov.tr,1
17454,FATİH/KUMKAPI FENERİ,İstanbul,Fatih,Marmara,41.000994,28.965432,2024-07-13T06:00:00.000Z,29.4,,turkiye.gov.tr,1
17460,ÜNYE BALIKÇI BARINAĞI ANA MENDİREK FENERİ,Ordu,Ünye,Karadeniz,41.116448,37.348722,2024-07-13T06:00:00.000Z,27.0,,turkiye.gov.tr,1
17464,TRABZON LİMANI ANA MENDİREK FENERİ,Trabzon,Ortahisar,Karadeniz,41.006776,39.750108,2024-07-13T06:00:00.000Z,26.0,,turkiye.gov.tr,1
17465,ARAKLI BALIKÇI BARINAĞI TALİ MENDİREK FENERİ,Trabzon,Araklı,Karadeniz,40.945081,40.053776,2024-07-13T06:00:00.000Z,24.5,,turkiye.gov.tr,1
17466,ÇAYELİ BALIKÇI BARINAĞI TALİ MENDİREK FENERİ,Rize,Çayeli,Karadeniz,41.090095,40.722557,2024-07-13T06:00:00.000Z,21.9,,turkiye.gov.tr,1
17470,İNCEBURUN (YILDIZADASI) MARMARİS FENERİ,Muğla,Marmaris,Akdeniz,36.813936,28.265907,2024-07-13T06:00:00.000Z,26.6,,turkiye.gov.tr,1
17474,FİNİKE BALIKÇI BARINAĞI ANA MENDİREK FENER,Antalya,Finike,Akdeniz,36.2953,30.1533,2024-07-13T06:00:00.000Z,28.6,,turkiye.gov.tr,1
17475,KEMER SIĞLIK FENERİ,Antalya,Kemer,Akdeniz,36.612395,30.574242,2024-07-13T06:00:00.000Z,29.9,,turkiye.gov.tr,1
17477,ALANYA YENİ YAT LİMAN ANA MENDİREK FENERİ,Antalya,Alanya,Akdeniz,36.557404,31.951419,2024-07-13T06:00:00.000Z,30.0,,turkiye.gov.tr,1
17482,VAN LİMAN,Van,Tuşba,Van Gölü,38.51486,43.307362,2024-07-13T06:00:00.000Z,24.6,,turkiye.gov.tr,1
17484,ADİLCEVAZ LİMAN,Bitlis,Adilcevaz,Van Gölü,38.797236,42.729931,2024-07-13T06:00:00.000Z,22.5,,turkiye.gov.tr,1
17489,MUDANYA/GÜZELYALI BALIKÇI BARINAĞI,Bursa,Mudanya,Marmara,40.35612,28.934036,2024-07-13T06:00:00.000Z,25.0,,turkiye.gov.tr,1
17491,GEVAŞ AKDAMAR FENERİ,Van,Gevaş,Van Gölü,38.309988,43.041398,2024-07-13T06:00:00.000Z,24.1,,turkiye.gov.tr,1
17492,DİDİM MARİNA FENERİ,Aydın,Didim,Ege,37.3369,27.264,2024-07-13T06:00:00.000Z,30.2,,turkiye.gov.tr,1
17494,İSTANBUL HAVALİMANI LİMAN FENERİ,İstanbul,Arnavutköy,Karadeniz,41.313998,28.788586,2024-07-13T06:00:00.000Z,29.4,,turkiye.gov.tr,1
17470,İNCEBURUN (YILDIZADASI) MARMARİS FENERİ,Muğla,Marmaris,Akdeniz,36.813936,28.265907,2024-07-14T16:10:00.000Z,27.2,,mgm,0
17015,AKÇAKOCA,Düzce,Akçakoca,Karadeniz,41.089528,31.143039,2024-07-15T06:00:00.000Z,24.6,,mgm,0
17024,İNEBOLU,Kastamonu,İnebolu,Karadeniz,41.978937,33.762945,2024-07-15T06:00:00.000Z,26.5,,mgm,0
17026,SİNOP,Sinop,Merkez,Karadeniz,42.029821,35.154286,2024-07-15T06:00:00.000Z,25.3,,mgm,0
17030,SAMSUN BÖLGE,Samsun,Atakum,Karadeniz,41.344286,36.255794,2024-07-15T06:00:00.000Z,25.9,,mgm,0
17033,ORDU,Ordu,Altınordu,Karadeniz,40.983833,37.885833,2024-07-15T06:00:00.000Z,24.6,,mgm,0
17034,GİRESUN,Giresun,Merkez,Karadeniz,40.922667,38.387833,2024-07-15T06:00:00.000Z,25.9,,mgm,0
17038,TRABZON HAVALİMANI,Trabzon,Ortahisar,Karadeniz,40.999133,39.779248,2024-07-15T06:00:00.000Z,25.4,,mgm,0
17040,RİZE,Rize,Merkez,Karadeniz,41.04,40.501333,2024-07-15T06:00:00.000Z,23.6,,mgm,0
17042,HOPA,Artvin,Hopa,Karadeniz,41.4065,41.433,2024-07-15T06:00:00.000Z,24.6,,mgm,0
17044,RİZE ARTVİN HAVALİMANI,Rize,Pazar,Karadeniz,41.177687,40.835223,2024-07-15T06:00:00.000Z,25.2,,mgm,0
17056,TEKİRDAĞ,Tekirdağ,Süleymanpaşa,Marmara,40.957959,27.496181,2024-07-15T06:00:00.000Z,25.0,,mgm,0
17112,ÇANAKKALE,Çanakkale,Merkez,Marmara,40.141428,26.399616,2024-07-15T06:00:00.000Z,24.0,,mgm,0
17175,AYVALIK,Balıkesir,Ayvalık,Ege,39.311292,26.686445,2024-07-15T06:00:00.000Z,25.6,,mgm,0
17180,DİKİLİ,İzmir,Dikili,Ege,39.073861,26.888093,2024-07-15T06:00:00.000Z,26.5,,mgm,0
17220,İZMİR BÖLGE,İzmir,Konak,Ege,38.3945,27.0821,2024-07-15T06:00:00.000Z,28.4,,mgm,0
17221,ÇEŞME,İzmir,Çeşme,Ege,38.303858,26.372882,2024-07-15T06:00:00.000Z,26.8,,mgm,0
17232,KUŞADASI,Aydın,Kuşadası,Ege,37.859636,27.265115,2024-07-15T06:00:00.000Z,26.8,,mgm,0
17290,BODRUM,Muğla,Bodrum,Ege,37.032611,27.439801,2024-07-15T06:00:00.000Z,26.3,,mgm,0
17296,FETHİYE,Muğla,Fethiye,Akdeniz,36.626611,29.123804,2024-07-15T06:00:00.000Z,29.4,,mgm,0
17297,DATÇA,Muğla,Datça,Ege,36.707945,27.691918,2024-07-15T06:00:00.000Z,25.1,,mgm,0
17298,MARMARİS,Muğla,Marmaris,Akdeniz,36.83926,28.244995,2024-07-15T06:00:00.000Z,27.5,,mgm,0
17302,ANTALYA BÖLGE,Antalya,Muratpaşa,Akdeniz,36.885073,30.682793,2024-07-15T06:00:00.000Z,30.0,,mgm,0
17310,ALANYA,Antalya,Alanya,Akdeniz,36.54999,31.979822,2024-07-15T06:00:00.000Z,28.5,,mgm,0
17320,ANAMUR,Mersin,Anamur,Akdeniz,36.068614,32.864876,2024-07-15T06:00:00.000Z,29.0,,mgm,0
17340,MERSİN,Mersin,Yenişehir,Akdeniz,36.780904,34.603125,2024-07-15T06:00:00.000Z,30.5,,mgm,0
17370,İSKENDERUN,Hatay,İskenderun,Akdeniz,36.592358,36.158158,2024-07-15T06:00:00.000Z,30.5,,mgm,0
17375,FİNİKE,Antalya,Finike,Akdeniz,36.3024,30.1458,2024-07-15T06:00:00.000Z,29.1,,mgm,0
17380,KAŞ,Antalya,Kaş,Akdeniz,36.200579,29.649995,2024-07-15T06:00:00.000Z,29.1,,mgm,0
17381,KUŞADASI 3. NOLU ŞAMANDIRA,Aydın,Kuşadası,Ege,37.8458,27.2194,2024-07-15T12:06:00.000Z,27.3,,mgm,0
17430,GÖKÇEADA KALEKÖY ANA MENDİREK FENERİ,Çanakkale,Gökçeada,Ege,40.2317,25.8914,2024-07-15T13:23:00.000Z,26.8,,mgm,0
17423,MARMARA BARINAK ANA MENDİREK FENERİ,Balıkesir,Marmara,Marmara,40.583839,27.560849,2024-07-15T13:41:00.000Z,27.3,,mgm,0
17425,LAPSEKİ/ZİNCİRBOZAN FENERİ,Çanakkale,Lapseki,Marmara,40.4206,26.7536,2024-07-15T13:41:00.000Z,26.4,,mgm,0
17387,GİRESUN PALAMUT KAYALIĞI MAHMUZ FENERİ,Giresun,Merkez,Karadeniz,40.9182,38.3783,2024-07-15T13:42:00.000Z,27.4,,mgm,0
17389,ADALAR ŞAMANDIRA,İstanbul,Adalar,Marmara,40.93278,28.94889,2024-07-15T13:42:00.000Z,25.0,,mgm,0
17422,BANDIRMA KUZEY MENDİREK FENERİ,Balıkesir,Bandırma,Marmara,40.358554,27.958451,2024-07-15T13:42:00.000Z,27.5,,mgm,0
17424,MARMARA/SARAYLAR KÖYÜ BARINAK (SANDAL BASENİ) FENERİ,Balıkesir,Marmara,Marmara,40.657488,27.662533,2024-07-15T13:42:00.000Z,27.6,,mgm,0
17426,BARTIN GÜNEY MENDİREK FENERİ,Bartın,Merkez,Karadeniz,41.6864,32.2261,2024-07-15T13:42:00.000Z,25.7,,mgm,0
17427,BOZCAADA LİMAN GİRİŞİ GÜNEY MENDİREK FENERİ,Çanakkale,Bozcaada,Ege,39.8341,26.0748,2024-07-15T13:42:00.000Z,24.2,,mgm,0
17428,AYVACIK/GÜLPINAR ANA MENDİREK FENERİ,Çanakkale,Ayvacık,Ege,39.5658,26.0967,2024-07-15T13:42:00.000Z,23.0,,mgm,0
17429,ECEABAT/KABATEPE GÜNEY MENDİREK FENERİ,Çanakkale,Eceabat,Ege,40.2019,26.2669,2024-07-15T13:42:00.000Z,25.7,,mgm,0
17431,BİGA/KARABİGA BAR. (B) NOKTASI GÜNEY MEN. FENERİ,Çanakkale,Biga,Marmara,40.399583,27.305591,2024-07-15T13:42:00.000Z,29.6,,mgm,0
17432,EZİNE/GEYİKLİ ODUNLUK İSKELE FENERİ,Çanakkale,Ezine,Ege,39.818998,26.160008,2024-07-15T13:42:00.000Z,21.9,,mgm,0
17433,GÖKÇEADA UĞURLU LİMAN FENERİ,Çanakkale,Gökçeada,Ege,40.1153,25.6989,2024-07-15T13:42:00.000Z,26.2,,mgm,0
17434,EZİNE YENİKÖY BAL.BAR. ANA MENDİREK FENERİ,Çanakkale,Ezine,Ege,39.9447,26.1611,2024-07-15T13:42:00.000Z,23.0,,mgm,0
17442,KONAK/İZMİR PASAPORT MENDİREK FENERİ,İzmir,Konak,Ege,38.429236,27.131698,2024-07-15T13:42:00.000Z,28.6,,mgm,0
17445,CİDE KUZEY MENDİREK FENERİ,Kastamonu,Cide,Karadeniz,41.9006,32.9778,2024-07-15T13:42:00.000Z,26.5,,mgm,0
17446,İNEBOLU KUZEY MENDİREK FENERİ,Kastamonu,İnebolu,Karadeniz,41.9817,33.7769,2024-07-15T13:42:00.000Z,26.5,,mgm,0
17447,VİZE/MİDYE KIYIKÖY BATI MENDİREK FENERİ (ANA),Kırklareli,Vize,Karadeniz,41.630847,28.101353,2024-07-15T13:42:00.000Z,25.8,,mgm,0
17451,MARMARA EREĞLİSİ BAL.BAR.ANA MENDİREK FENERİ,Tekirdağ,Marmaraereğlisi,Marmara,40.970825,27.959676,2024-07-15T13:42:00.000Z,28.0,,mgm,0
17453,ZONGULDAK GÜNEY MENDİREK FENERİ,Zonguldak,Merkez,Karadeniz,41.458611,31.779166,2024-07-15T13:42:00.000Z,26.5,,mgm,0
17465,ARAKLI BALIKÇI BARINAĞI TALİ MENDİREK FENERİ,Trabzon,Araklı,Karadeniz,40.945081,40.053776,2024-07-15T13:42:00.000Z,24.6,,mgm,0
17474,FİNİKE BALIKÇI BARINAĞI ANA MENDİREK FENER,Antalya,Finike,Akdeniz,36.2953,30.1533,2024-07-15T13:42:00.000Z,29.2,,mgm,0
17475,KEMER SIĞLIK FENERİ,Antalya,Kemer,Akdeniz,36.612395,30.574242,2024-07-15T13:42:00.000Z,29.5,,mgm,0
17477,ALANYA YENİ YAT LİMAN ANA MENDİREK FENERİ,Antalya,Alanya,Akdeniz,36.557404,31.951419,2024-07-15T13:42:00.000Z,29.7,,mgm,0
17482,VAN LİMAN,Van,Tuşba,Van Gölü,38.51486,43.307362,2024-07-15T13:42:00.000Z,23.7,,mgm,0
17484,ADİLCEVAZ LİMAN,Bitlis,Adilcevaz,Van Gölü,38.797236,42.729931,2024-07-15T13:42:00.000Z,21.6,,mgm,0
17489,MUDANYA/GÜZELYALI BALIKÇI BARINAĞI,Bursa,Mudanya,Marmara,40.35612,28.934036,2024-07-15T13:42:00.000Z,25.3,,mgm,0
17491,GEVAŞ AKDAMAR FENERİ,Van,Gevaş,Van Gölü,38.309988,43.041398,2024-07-15T13:42:00.000Z,23.8,,mgm,0
17386,BODRUM KARAADA SIĞLIK IŞIKLI ŞAMANDIRA,Muğla,Bodrum,Ege,37.0081,27.4142,2024-07-15T13:43:00.000Z,25.7,,mgm,0
17421,AYVALIK KANAL SANCAK A FENERİ,Balıkesir,Ayvalık,Ege,39.323394,26.640546,2024-07-15T13:43:00.000Z,26.5,,mgm,0
17450,BODRUM YALIKAVAK GEMİTAŞI FENERİ,Muğla,Bodrum,Ege,37.150133,27.263333,2024-07-15T13:43:00.000Z,22.7,,mgm,0
17464,TRABZON LİMANI ANA MENDİREK FENERİ,Trabzon,Ortahisar,Karadeniz,41.006776,39.750108,2024-07-15T13:43:00.000Z,25.9,,mgm,0
17466,ÇAYELİ BALIKÇI BARINAĞI TALİ MENDİREK FENERİ,Rize,Çayeli,Karadeniz,41.090095,40.722557,2024-07-15T13:43:00.000Z,21.6,,mgm,0
17460,ÜNYE BALIKÇI BARINAĞI ANA MENDİREK FENERİ,Ordu,Ünye,Karadeniz,41.116448,37.348722,2024-07-15T13:44:00.000Z,25.1,,mgm,0
17381,KUŞADASI 3. NOLU ŞAMANDIRA,Aydın,Kuşadası,Ege,37.8458,27.2194,2024-07-15T15:04:00.000Z,27.2,,mgm,0
17425,LAPSEKİ/ZİNCİRBOZAN FENERİ,Çanakkale,Lapseki,Marmara,40.4206,26.7536,2024-07-15T15:41:00.000Z,26.3,,mgm,0
17387,GİRESUN PALAMUT KAYALIĞI MAHMUZ FENERİ,Giresun,Merkez,Karadeniz,40.9182,38.3783,2024-07-15T15:42:00.000Z,27.3,,mgm,0
17389,ADALAR ŞAMANDIRA,İstanbul,Adalar,Marmara,40.93278,28.94889,2024-07-15T15:42:00.000Z,25.0,,mgm,0
17421,AYVALIK KANAL SANCAK A FENERİ,Balıkesir,Ayvalık,Ege,39.323394,26.640546,2024-07-15T15:42:00.000Z,26.7,,mgm,0
17422,BANDIRMA KUZEY MENDİREK FENERİ,Balıkesir,Bandırma,Marmara,40.358554,27.958451,2024-07-15T15:42:00.000Z,27.2,,mgm,0
17423,MARMARA BARINAK ANA MENDİREK FENERİ,Balıkesir,Marmara,Marmara,40.583839,27.560849,2024-07-15T15:42:00.000Z,27.4,,mgm,0
17424,MARMARA/SARAYLAR KÖYÜ BARINAK (SANDAL BASENİ) FENERİ,Balıkesir,Marmara,Marmara,40.657488,27.662533,2024-07-15T15:42:00.000Z,28.3,,mgm,0
17426,BARTIN GÜNEY MENDİREK FENERİ,Bartın,Merkez,Karadeniz,41.6864,32.2261,2024-07-15T15:42:00.000Z,26.2,,mgm,0
17427,BOZCAADA LİMAN GİRİŞİ GÜNEY MENDİREK FENERİ,Çanakkale,Bozcaada,Ege,39.8341,26.0748,2024-07-15T15:42:00.000Z,24.2,,mgm,0
17428,AYVACIK/GÜLPINAR ANA MENDİREK FENERİ,Çanakkale,Ayvacık,Ege,39.5658,26.0967,2024-07-15T15:42:00.000Z,23.0,,mgm,0
17429,ECEABAT/KABATEPE GÜNEY MENDİREK FENERİ,Çanakkale,Eceabat,Ege,40.2019,26.2669,2024-07-15T15:42:00.000Z,25.6,,mgm,0
17430,GÖKÇEADA KALEKÖY ANA MENDİREK FENERİ,Çanakkale,Gökçeada,Ege,40.2317,25.8914,2024-07-15T15:42:00.000Z,27.2,,mgm,0
17431,BİGA/KARABİGA BAR. (B) NOKTASI GÜNEY MEN. FENERİ,Çanakkale,Biga,Marmara,40.399583,27.305591,2024-07-15T15:42:00.000Z,29.4,,mgm,0
17432,EZİNE/GEYİKLİ ODUNLUK İSKELE FENERİ,Çanakkale,Ezine,Ege,39.818998,26.160008,2024-07-15T15:42:00.000Z,21.9,,mgm,0
17433,GÖKÇEADA UĞURLU LİMAN FENERİ,Çanakkale,Gökçeada,Ege,40.1153,25.6989,2024-07-15T15:42:00.000Z,26.1,,mgm,0
17434,EZİNE YENİKÖY BAL.BAR. ANA MENDİREK FENERİ,Çanakkale,Ezine,Ege,39.9447,26.1611,2024-07-15T15:42:00.000Z,23.0,,mgm,0
17442,KONAK/İZMİR PASAPORT MENDİREK FENERİ,İzmir,Konak,Ege,38.429236,27.131698,2024-07-15T15:42:00.000Z,28.8,,mgm,0
17445,CİDE KUZEY MENDİREK FENERİ,Kastamonu,Cide,Karadeniz,41.9006,32.9778,2024-07-15T15:42:00.000Z,25.6,,mgm,0
17446,İNEBOLU KUZEY MENDİREK FENERİ,Kastamonu,İnebolu,Karadeniz,41.9817,33.7769,2024-07-15T15:42:00.000Z,26.4,,mgm,0
17447,VİZE/MİDYE KIYIKÖY BATI MENDİREK FENERİ (ANA),Kırklareli,Vize,Karadeniz,41.630847,28.101353,2024-07-15T15:42:00.000Z,25.8,,mgm,0
17451,MARMARA EREĞLİSİ BAL.BAR.ANA MENDİREK FENERİ,Tekirdağ,Marmaraereğlisi,Marmara,40.970825,27.959676,2024-07-15T15:42:00.000Z,28.0,,mgm,0
17453,ZONGULDAK GÜNEY MENDİREK FENERİ,Zonguldak,Merkez,Karadeniz,41.458611,31.779166,2024-07-15T15:42:00.000Z,27.6,,mgm,0
17465,ARAKLI BALIKÇI BARINAĞI TALİ MENDİREK FENERİ,Trabzon,Araklı,Karadeniz,40.945081,40.053776,2024-07-15T15:42:00.000Z,24.4,,mgm,0
17474,FİNİKE BALIKÇI BARINAĞI ANA MENDİREK FENER,Antalya,Finike,Akdeniz,36.2953,30.1533,2024-07-15T15:42:00.000Z,29.2,,mgm,0
17475,KEMER SIĞLIK FENERİ,Antalya,Kemer,Akdeniz,36.612395,30.574242,2024-07-15T15:42:00.000Z,29.5,,mgm,0
17477,ALANYA YENİ YAT LİMAN ANA MENDİREK FENERİ,Antalya,Alanya,Akdeniz,36.557404,31.951419,2024-07-15T15:42:00.000Z,30.7,,mgm,0
17482,VAN LİMAN,Van,Tuşba,Van Gölü,38.51486,43.307362,2024-07-15T15:42:00.000Z,23.9,,mgm,0
17484,ADİLCEVAZ LİMAN,Bitlis,Adilcevaz,Van Gölü,38.797236,42.729931,2024-07-15T15:42:00.000Z,21.9,,mgm,0
17489,MUDANYA/GÜZELYALI BALIKÇI BARINAĞI,Bursa,Mudanya,Marmara,40.35612,28.934036,2024-07-15T15:42:00.000Z,25.4,,mgm,0
17491,GEVAŞ AKDAMAR FENERİ,Van,Gevaş,Van Gölü,38.309988,43.041398,2024-07-15T15:42:00.000Z,23.9,,mgm,0
17492,DİDİM MARİNA FENERİ,Aydın,Didim,Ege,37.3369,27.264,2024-07-15T15:42:00.000Z,30.0,,mgm,0
17386,BODRUM KARAADA SIĞLIK IŞIKLI ŞAMANDIRA,Muğla,Bodrum,Ege,37.0081,27.4142,2024-07-15T15:43:00.000Z,25.6,,mgm,0
17450,BODRUM YALIKAVAK GEMİTAŞI FENERİ,Muğla,Bodrum,Ege,37.150133,27.263333,2024-07-15T15:43:00.000Z,23.0,,mgm,0
17464,TRABZON LİMANI ANA MENDİREK FENERİ,Trabzon,Ortahisar,Karadeniz,41.006776,39.750108,2024-07-15T15:43:00.000Z,25.8,,mgm,0
17466,ÇAYELİ BALIKÇI BARINAĞI TALİ MENDİREK FENERİ,Rize,Çayeli,Karadeniz,41.090095,40.722557,2024-07-15T15:43:00.000Z,21.6,,mgm,0
17460,ÜNYE BALIKÇI BARINAĞI ANA MENDİREK FENERİ,Ordu,Ünye,Karadeniz,41.116448,37.348722,2024-07-15T15:44:00.000Z,24.9,,mgm,0
17015,AKÇAKOCA,Düzce,Akçakoca,Karadeniz,41.089528,31.143039,2024-07-17T06:00:00.000Z,24.8,,mgm,0
17024,İNEBOLU,Kastamonu,İnebolu,Karadeniz,41.978937,33.762945,2024-07-17T06:00:00.000Z,26.1,,mgm,0
17026,SİNOP,Sinop,Merkez,Karadeniz,42.029821,35.154286,2024-07-17T06:00:00.000Z,25.4,,mgm,0
17030,SAMSUN BÖLGE,Samsun,Atakum,Karadeniz,41.344286,36.255794,2024-07-17T06:00:00.000Z,25.7,,mgm,0
17033,ORDU,Ordu,Altınordu,Karadeniz,40.983833,37.885833,2024-07-17T06:00:00.000Z,24.9,,mgm,0
17034,GİRESUN,Giresun,Merkez,Karadeniz,40.922667,38.387833,2024-07-17T06:00:00.000Z,25.8,,mgm,0
17038,TRABZON HAVALİMANI,Trabzon,Ortahisar,Karadeniz,40.999133,39.779248,2024-07-17T06:00:00.000Z,25.4,,mgm,0
17040,RİZE,Rize,Merkez,Karadeniz,41.04,40.501333,2024-07-17T06:00:00.000Z,24.5,,mgm,0
17042,HOPA,Artvin,Hopa,Karadeniz,41.4065,41.433,2024-07-17T06:00:00.000Z,25.0,,mgm,0
17044,RİZE ARTVİN HAVALİMANI,Rize,Pazar,Karadeniz,41.177687,40.835223,2024-07-17T06:00:00.000Z,25.4,,mgm,0
17056,TEKİRDAĞ,Tekirdağ,Süleymanpaşa,Marmara,40.957959,27.496181,2024-07-17T06:00:00.000Z,25.5,,mgm,0
17112,ÇANAKKALE,Çanakkale,Merkez,Marmara,40.141428,26.399616,2024-07-17T06:00:00.000Z,24.4,,mgm,0
17175,AYVALIK,Balıkesir,Ayvalık,Ege,39.311292,26.686445,2024-07-17T06:00:00.000Z,25.6,,mgm,0
17180,DİKİLİ,İzmir,Dikili,Ege,39.073861,26.888093,2024-07-17T06:00:00.000Z,26.7,,mgm,0
17220,İZMİR BÖLGE,İzmir,Konak,Ege,38.3945,27.0821,2024-07-17T06:00:00.000Z,28.4,,mgm,0
17221,ÇEŞME,İzmir,Çeşme,Ege,38.303858,26.372882,2024-07-17T06:00:00.000Z,27.2,,mgm,0
17232,KUŞADASI,Aydın,Kuşadası,Ege,37.859636,27.265115,2024-07-17T06:00:00.000Z,27.3,,mgm,0
17290,BODRUM,Muğla,Bodrum,Ege,37.032611,27.439801,2024-07-17T06:00:00.000Z,26.6,,mgm,0
17296,FETHİYE,Muğla,Fethiye,Akdeniz,36.626611,29.123804,2024-07-17T06:00:00.000Z,29.4,,mgm,0
17297,DATÇA,Muğla,Datça,Ege,36.707945,27.691918,2024-07-17T06:00:00.000Z,26.4,,mgm,0
17298,MARMARİS,Muğla,Marmaris,Akdeniz,36.83926,28.244995,2024-07-17T06:00:00.000Z,27.5,,mgm,0
17302,ANTALYA BÖLGE,Antalya,Muratpaşa,Akdeniz,36.885073,30.682793,2024-07-17T06:00:00.000Z,30.0,,mgm,0
17310,ALANYA,Antalya,Alanya,Akdeniz,36.54999,31.979822,2024-07-17T06:00:00.000Z,29.1,,mgm,0
17320,ANAMUR,Mersin,Anamur,Akdeniz,36.068614,32.864876,2024-07-17T06:00:00.000Z,29.0,,mgm,0
17340,MERSİN,Mersin,Yenişehir,Akdeniz,36.780904,34.603125,2024-07-17T06:00:00.000Z,30.0,,mgm,0
17370,İSKENDERUN,Hatay,İskenderun,Akdeniz,36.592358,36.158158,2024-07-17T06:00:00.000Z,29.9,,mgm,0
17375,FİNİKE,Antalya,Finike,Akdeniz,36.3024,30.1458,2024-07-17T06:00:00.000Z,29.3,,mgm,0
17380,KAŞ,Antalya,Kaş,Akdeniz,36.200579,29.649995,2024-07-17T06:00:00.000Z,29.3,,mgm,0
17425,LAPSEKİ/ZİNCİRBOZAN FENERİ,Çanakkale,Lapseki,Marmara,40.4206,26.7536,2024-07-17T14:05:00.000Z,27.5,,mgm,0
17426,BARTIN GÜNEY MENDİREK FENERİ,Bartın,Merkez,Karadeniz,41.6864,32.2261,2024-07-17T14:05:00.000Z,26.9,,mgm,0
17381,KUŞADASI 3. NOLU ŞAMANDIRA,Aydın,Kuşadası,Ege,37.8458,27.2194,2024-07-17T14:06:00.000Z,27.2,,mgm,0
17387,GİRESUN PALAMUT KAYALIĞI MAHMUZ FENERİ,Giresun,Merkez,Karadeniz,40.9182,38.3783,2024-07-17T14:06:00.000Z,27.8,,mgm,0
17389,ADALAR ŞAMANDIRA,İstanbul,Adalar,Marmara,40.93278,28.94889,2024-07-17T14:06:00.000Z,25.6,,mgm,0
17421,AYVALIK KANAL SANCAK A FENERİ,Balıkesir,Ayvalık,Ege,39.323394,26.640546,2024-07-17T14:06:00.000Z,26.4,,mgm,0
17422,BANDIRMA KUZEY MENDİREK FENERİ,Balıkesir,Bandırma,Marmara,40.358554,27.958451,2024-07-17T14:06:00.000Z,27.8,,mgm,0
17423,MARMARA BARINAK ANA MENDİREK FENERİ,Balıkesir,Marmara,Marmara,40.583839,27.560849,2024-07-17T14:06:00.000Z,27.4,,mgm,0
17424,MARMARA/SARAYLAR KÖYÜ BARINAK (SANDAL BASENİ) FENERİ,Balıkesir,Marmara,Marmara,40.657488,27.662533,2024-07-17T14:06:00.000Z,27.3,,mgm,0
17427,BOZCAADA LİMAN GİRİŞİ GÜNEY MENDİREK FENERİ,Çanakkale,Bozcaada,Ege,39.8341,26.0748,2024-07-17T14:06:00.000Z,23.9,,mgm,0
17428,AYVACIK/GÜLPINAR ANA MENDİREK FENERİ,Çanakkale,Ayvacık,Ege,39.5658,26.0967,2024-07-17T14:06:00.000Z,23.8,,mgm,0
17429,ECEABAT/KABATEPE GÜNEY MENDİREK FENERİ,Çanakkale,Eceabat,Ege,40.2019,26.2669,2024-07-17T14:06:00.000Z,25.7,,mgm,0
17430,GÖKÇEADA KALEKÖY ANA MENDİREK FENERİ,Çanakkale,Gökçeada,Ege,40.2317,25.8914,2024-07-17T14:06:00.000Z,27.5,,mgm,0
17431,BİGA/KARABİGA BAR. (B) NOKTASI GÜNEY MEN. FENERİ,Çanakkale,Biga,Marmara,40.399583,27.305591,2024-07-17T14:06:00.000Z,29.6,,mgm,0
17432,EZİNE/GEYİKLİ ODUNLUK İSKELE FENERİ,Çanakkale,Ezine,Ege,39.818998,26.160008,2024-07-17T14:06:00.000Z,21.8,,mgm,0
17433,GÖKÇEADA UĞURLU LİMAN FENERİ,Çanakkale,Gökçeada,Ege,40.1153,25.6989,2024-07-17T14:06:00.000Z,26.6,,mgm,0
17434,EZİNE YENİKÖY BAL.BAR. ANA MENDİREK FENERİ,Çanakkale,Ezine,Ege,39.9447,26.1611,2024-07-17T14:06:00.000Z,22.6,,mgm,0
17442,KONAK/İZMİR PASAPORT MENDİREK FENERİ,İzmir,Konak,Ege,38.429236,27.131698,2024-07-17T14:06:00.000Z,29.2,,mgm,0
17445,CİDE KUZEY MENDİREK FENERİ,Kastamonu,Cide,Karadeniz,41.9006,32.9778,2024-07-17T14:06:00.000Z,29.0,,mgm,0
17446,İNEBOLU KUZEY MENDİREK FENERİ,Kastamonu,İnebolu,Karadeniz,41.9817,33.7769,2024-07-17T14:06:00.000Z,27.0,,mgm,0
17447,VİZE/MİDYE KIYIKÖY BATI MENDİREK FENERİ (ANA),Kırklareli,Vize,Karadeniz,41.630847,28.101353,2024-07-17T14:06:00.000Z,26.6,,mgm,0
17451,MARMARA EREĞLİSİ BAL.BAR.ANA MENDİREK FENERİ,Tekirdağ,Marmaraereğlisi,Marmara,40.970825,27.959676,2024-07-17T14:06:00.000Z,27.4,,mgm,0
17453,ZONGULDAK GÜNEY MENDİREK FENERİ,Zonguldak,Merkez,Karadeniz,41.458611,31.779166,2024-07-17T14:06:00.000Z,28.4,,mgm,0
17465,ARAKLI BALIKÇI BARINAĞI TALİ MENDİREK FENERİ,Trabzon,Araklı,Karadeniz,40.945081,40.053776,2024-07-17T14:06:00.000Z,24.0,,mgm,0
17475,KEMER SIĞLIK FENERİ,Antalya,Kemer,Akdeniz,36.612395,30.574242,2024-07-17T14:06:00.000Z,29.5,,mgm,0
17477,ALANYA YENİ YAT LİMAN ANA MENDİREK FENERİ,Antalya,Alanya,Akdeniz,36.557404,31.951419,2024-07-17T14:06:00.000Z,30.7,,mgm,0
17480,KARATAŞ BALIKÇI BARINAĞI TALİ MENDİREK FENERİ,Adana,Karataş,Akdeniz,36.557986,35.383499,2024-07-17T14:06:00.000Z,31.9,,mgm,0
17482,VAN LİMAN,Van,Tuşba,Van Gölü,38.51486,43.307362,2024-07-17T14:06:00.000Z,24.0,,mgm,0
17484,ADİLCEVAZ LİMAN,Bitlis,Adilcevaz,Van Gölü,38.797236,42.729931,2024-07-17T14:06:00.000Z,22.2,,mgm,0
17489,MUDANYA/GÜZELYALI BALIKÇI BARINAĞI,Bursa,Mudanya,Marmara,40.35612,28.934036,2024-07-17T14:06:00.000Z,25.6,,mgm,0
17491,GEVAŞ AKDAMAR FENERİ,Van,Gevaş,Van Gölü,38.309988,43.041398,2024-07-17T14:06:00.000Z,24.8,,mgm,0
17492,DİDİM MARİNA FENERİ,Aydın,Didim,Ege,37.3369,27.264,2024-07-17T14:06:00.000Z,30.2,,mgm,0
17386,BODRUM KARAADA SIĞLIK IŞIKLI ŞAMANDIRA,Muğla,Bodrum,Ege,37.0081,27.4142,2024-07-17T14:07:00.000Z,26.7,,mgm,0
17450,BODRUM YALIKAVAK GEMİTAŞI FENERİ,Muğla,Bodrum,Ege,37.150133,27.263333,2024-07-17T14:07:00.000Z,23.6,,mgm,0
17464,TRABZON LİMANI ANA MENDİREK FENERİ,Trabzon,Ortahisar,Karadeniz,41.006776,39.750108,2024-07-17T14:07:00.000Z,25.3,,mgm,0
17466,ÇAYELİ BALIKÇI BARINAĞI TALİ MENDİREK FENERİ,Rize,Çayeli,Karadeniz,41.090095,40.722557,2024-07-17T14:07:00.000Z,22.7,,mgm,0
17460,ÜNYE BALIKÇI BARINAĞI ANA MENDİREK FENERİ,Ordu,Ünye,Karadeniz,41.116448,37.348722,2024-07-17T14:08:00.000Z,26.4,,mgm,0
17015,AKÇAKOCA,Düzce,Akçakoca,Karadeniz,41.089528,31.143039,2024-07-19T06:00:00.000Z,25.4,,mgm,0
17024,İNEBOLU,Kastamonu,İnebolu,Karadeniz,41.978937,33.762945,2024-07-19T06:00:00.000Z,26.9,,mgm,0
17026,SİNOP,Sinop,Merkez,Karadeniz,42.029821,35.154286,2024-07-19T06:00:00.000Z,25.8,,mgm,0
17030,SAMSUN BÖLGE,Samsun,Atakum,Karadeniz,41.344286,36.255794,2024-07-19T06:00:00.000Z,25.8,,mgm,0
17033,ORDU,Ordu,Altınordu,Karadeniz,40.983833,37.885833,2024-07-19T06:00:00.000Z,25.5,,mgm,0
17034,GİRESUN,Giresun,Merkez,Karadeniz,40.922667,38.387833,2024-07-19T06:00:00.000Z,26.3,,mgm,0
17038,TRABZON HAVALİMANI,Trabzon,Ortahisar,Karadeniz,40.999133,39.779248,2024-07-19T06:00:00.000Z,25.4,,mgm,0
17040,RİZE,Rize,Merkez,Karadeniz,41.04,40.501333,2024-07-19T06:00:00.000Z,25.2,,mgm,0
17042,HOPA,Artvin,Hopa,Karadeniz,41.4065,41.433,2024-07-19T06:00:00.000Z,24.7,,mgm,0
17044,RİZE ARTVİN HAVALİMANI,Rize,Pazar,Karadeniz,41.177687,40.835223,2024-07-19T06:00:00.000Z,26.1,,mgm,0
17056,TEKİRDAĞ,Tekirdağ,Süleymanpaşa,Marmara,40.957959,27.496181,2024-07-19T06:00:00.000Z,25.9,,mgm,0
17112,ÇANAKKALE,Çanakkale,Merkez,Marmara,40.141428,26.399616,2024-07-19T06:00:00.000Z,24.8,,mgm,0
17175,AYVALIK,Balıkesir,Ayvalık,Ege,39.311292,26.686445,2024-07-19T06:00:00.000Z,25.6,,mgm,0
17180,DİKİLİ,İzmir,Dikili,Ege,39.073861,26.888093,2024-07-19T06:00:00.000Z,26.8,,mgm,0
17220,İZMİR BÖLGE,İzmir,Konak,Ege,38.3945,27.0821,2024-07-19T06:00:00.000Z,29.0,,mgm,0
17221,ÇEŞME,İzmir,Çeşme,Ege,38.303858,26.372882,2024-07-19T06:00:00.000Z,27.4,,mgm,0
17232,KUŞADASI,Aydın,Kuşadası,Ege,37.859636,27.265115,2024-07-19T06:00:00.000Z,27.2,,mgm,0
17290,BODRUM,Muğla,Bodrum,Ege,37.032611,27.439801,2024-07-19T06:00:00.000Z,27.0,,mgm,0
17296,FETHİYE,Muğla,Fethiye,Akdeniz,36.626611,29.123804,2024-07-19T06:00:00.000Z,29.5,,mgm,0
17297,DATÇA,Muğla,Datça,Ege,36.707945,27.691918,2024-07-19T06:00:00.000Z,27.2,,mgm,0
17298,MARMARİS,Muğla,Marmaris,Akdeniz,36.83926,28.244995,2024-07-19T06:00:00.000Z,28.0,,mgm,0
17302,ANTALYA BÖLGE,Antalya,Muratpaşa,Akdeniz,36.885073,30.682793,2024-07-19T06:00:00.000Z,30.0,,mgm,0
17310,ALANYA,Antalya,Alanya,Akdeniz,36.54999,31.979822,2024-07-19T06:00:00.000Z,30.0,,mgm,0
17320,ANAMUR,Mersin,Anamur,Akdeniz,36.068614,32.864876,2024-07-19T06:00:00.000Z,29.0,,mgm,0
17340,MERSİN,Mersin,Yenişehir,Akdeniz,36.780904,34.603125,2024-07-19T06:00:00.000Z,30.0,,mgm,0
17370,İSKENDERUN,Hatay,İskenderun,Akdeniz,36.592358,36.158158,2024-07-19T06:00:00.000Z,31.0,,mgm,0
17375,FİNİKE,Antalya,Finike,Akdeniz,36.3024,30.1458,2024-07-19T06:00:00.000Z,29.3,,mgm,0
17380,KAŞ,Antalya,Kaş,Akdeniz,36.200579,29.649995,2024-07-19T06:00:00.000Z,29.4,,mgm,0
17428,AYVACIK/GÜLPINAR ANA MENDİREK FENERİ,Çanakkale,Ayvacık,Ege,39.5658,26.0967,2024-07-19T13:37:00.000Z,23.4,,mgm,0
17381,KUŞADASI 3. NOLU ŞAMANDIRA,Aydın,Kuşadası,Ege,37.8458,27.2194,2024-07-19T15:09:00.000Z,27.6,,mgm,0
17387,GİRESUN PALAMUT KAYALIĞI MAHMUZ FENERİ,Giresun,Merkez,Karadeniz,40.9182,38.3783,2024-07-19T15:09:00.000Z,28.1,,mgm,0
17389,ADALAR ŞAMANDIRA,İstanbul,Adalar,Marmara,40.93278,28.94889,2024-07-19T15:09:00.000Z,26.3,,mgm,0
17421,AYVALIK KANAL SANCAK A FENERİ,Balıkesir,Ayvalık,Ege,39.323394,26.640546,2024-07-19T15:09:00.000Z,26.3,,mgm,0
17422,BANDIRMA KUZEY MENDİREK FENERİ,Balıkesir,Bandırma,Marmara,40.358554,27.958451,2024-07-19T15:09:00.000Z,27.9,,mgm,0
17423,MARMARA BARINAK ANA MENDİREK FENERİ,Balıkesir,Marmara,Marmara,40.583839,27.560849,2024-07-19T15:09:00.000Z,27.9,,mgm,0
17424,MARMARA/SARAYLAR KÖYÜ BARINAK (SANDAL BASENİ) FENERİ,Balıkesir,Marmara,Marmara,40.657488,27.662533,2024-07-19T15:09:00.000Z,28.1,,mgm,0
17425,LAPSEKİ/ZİNCİRBOZAN FENERİ,Çanakkale,Lapseki,Marmara,40.4206,26.7536,2024-07-19T15:09:00.000Z,27.2,,mgm,0
17426,BARTIN GÜNEY MENDİREK FENERİ,Bartın,Merkez,Karadeniz,41.6864,32.2261,2024-07-19T15:09:00.000Z,27.9,,mgm,0
17427,BOZCAADA LİMAN GİRİŞİ GÜNEY MENDİREK FENERİ,Çanakkale,Bozcaada,Ege,39.8341,26.0748,2024-07-19T15:09:00.000Z,24.3,,mgm,0
17429,ECEABAT/KABATEPE GÜNEY MENDİREK FENERİ,Çanakkale,Eceabat,Ege,40.2019,26.2669,2024-07-19T15:09:00.000Z,24.6,,mgm,0
17430,GÖKÇEADA KALEKÖY ANA MENDİREK FENERİ,Çanakkale,Gökçeada,Ege,40.2317,25.8914,2024-07-19T15:09:00.000Z,28.1,,mgm,0
17431,BİGA/KARABİGA BAR. (B) NOKTASI GÜNEY MEN. FENERİ,Çanakkale,Biga,Marmara,40.399583,27.305591,2024-07-19T15:09:00.000Z,30.7,,mgm,0
17432,EZİNE/GEYİKLİ ODUNLUK İSKELE FENERİ,Çanakkale,Ezine,Ege,39.818998,26.160008,2024-07-19T15:09:00.000Z,23.7,,mgm,0
17433,GÖKÇEADA UĞURLU LİMAN FENERİ,Çanakkale,Gökçeada,Ege,40.1153,25.6989,2024-07-19T15:09:00.000Z,26.8,,mgm,0
17434,EZİNE YENİKÖY BAL.BAR. ANA MENDİREK FENERİ,Çanakkale,Ezine,Ege,39.9447,26.1611,2024-07-19T15:09:00.000Z,21.3,,mgm,0
17442,KONAK/İZMİR PASAPORT MENDİREK FENERİ,İzmir,Konak,Ege,38.429236,27.131698,2024-07-19T15:09:00.000Z,29.1,,mgm,0
17445,CİDE KUZEY MENDİREK FENERİ,Kastamonu,Cide,Karadeniz,41.9006,32.9778,2024-07-19T15:09:00.000Z,29.5,,mgm,0
17446,İNEBOLU KUZEY MENDİREK FENERİ,Kastamonu,İnebolu,Karadeniz,41.9817,33.7769,2024-07-19T15:09:00.000Z,27.4,,mgm,0
17447,VİZE/MİDYE KIYIKÖY BATI MENDİREK FENERİ (ANA),Kırklareli,Vize,Karadeniz,41.630847,28.101353,2024-07-19T15:09:00.000Z,26.7,,mgm,0
17451,MARMARA EREĞLİSİ BAL.BAR.ANA MENDİREK FENERİ,Tekirdağ,Marmaraereğlisi,Marmara,40.970825,27.959676,2024-07-19T15:09:00.000Z,29.0,,mgm,0
17453,ZONGULDAK GÜNEY MENDİREK FENERİ,Zonguldak,Merkez,Karadeniz,41.458611,31.779166,2024-07-19T15:09:00.000Z,28.3,,mgm,0
17475,KEMER SIĞLIK FENERİ,Antalya,Kemer,Akdeniz,36.612395,30.574242,2024-07-19T15:09:00.000Z,31.1,,mgm,0
17477,ALANYA YENİ YAT LİMAN ANA MENDİREK FENERİ,Antalya,Alanya,Akdeniz,36.557404,31.951419,2024-07-19T15:09:00.000Z,31.3,,mgm,0
17480,KARATAŞ BALIKÇI BARINAĞI TALİ MENDİREK FENERİ,Adana,Karataş,Akdeniz,36.557986,35.383499,2024-07-19T15:09:00.000Z,31.9,,mgm,0
17482,VAN LİMAN,Van,Tuşba,Van Gölü,38.51486,43.307362,2024-07-19T15:09:00.000Z,23.9,,mgm,0
17491,GEVAŞ AKDAMAR FENERİ,Van,Gevaş,Van Gölü,38.309988,43.041398,2024-07-19T15:09:00.000Z,25.8,,mgm,0
17492,DİDİM MARİNA FENERİ,Aydın,Didim,Ege,37.3369,27.264,2024-07-19T15:09:00.000Z,30.4,,mgm,0
17386,BODRUM KARAADA SIĞLIK IŞIKLI ŞAMANDIRA,Muğla,Bodrum,Ege,37.0081,27.4142,2024-07-19T15:10:00.000Z,27.0,,mgm,0
17450,BODRUM YALIKAVAK GEMİTAŞI FENERİ,Muğla,Bodrum,Ege,37.150133,27.263333,2024-07-19T15:10:00.000Z,23.6,,mgm,0
17464,TRABZON LİMANI ANA MENDİREK FENERİ,Trabzon,Ortahisar,Karadeniz,41.006776,39.750108,2024-07-19T15:10:00.000Z,25.8,,mgm,0
17465,ARAKLI BALIKÇI BARINAĞI TALİ MENDİREK FENERİ,Trabzon,Araklı,Karadeniz,40.945081,40.053776,2024-07-19T15:10:00.000Z,24.6,,mgm,0
17466,ÇAYELİ BALIKÇI BARINAĞI TALİ MENDİREK FENERİ,Rize,Çayeli,Karadeniz,41.090095,40.722557,2024-07-19T15:10:00.000Z,22.3,,mgm,0
17484,ADİLCEVAZ LİMAN,Bitlis,Adilcevaz,Van Gölü,38.797236,42.729931,2024-07-19T15:10:00.000Z,21.9,,mgm,0
17489,MUDANYA/GÜZELYALI BALIKÇI BARINAĞI,Bursa,Mudanya,Marmara,40.35612,28.934036,2024-07-19T15:10:00.000Z,26.0,,mgm,0
17460,ÜNYE BALIKÇI BARINAĞI ANA MENDİREK FENERİ,Ordu,Ünye,Karadeniz,41.116448,37.348722,2024-07-19T15:11:00.000Z,26.2,,mgm,0
17015,AKÇAKOCA,Düzce,Akçakoca,Karadeniz,41.089528,31.143039,2024-07-20T06:00:00.000Z,26.0,,mgm,0
17024,İNEBOLU,Kastamonu,İnebolu,Karadeniz,41.978937,33.762945,2024-07-20T06:00:00.000Z,27.0,,mgm,0
17026,SİNOP,Sinop,Merkez,Karadeniz,42.029821,35.154286,2024-07-20T06:00:00.000Z,26.0,,mgm,0
17030,SAMSUN BÖLGE,Samsun,Atakum,Karadeniz,41.344286,36.255794,2024-07-20T06:00:00.000Z,25.8,,mgm,0
17033,ORDU,Ordu,Altınordu,Karadeniz,40.983833,37.885833,2024-07-20T06:00:00.000Z,25.7,,mgm,0
17034,GİRESUN,Giresun,Merkez,Karadeniz,40.922667,38.387833,2024-07-20T06:00:00.000Z,26.6,,mgm,0
17038,TRABZON HAVALİMANI,Trabzon,Ortahisar,Karadeniz,40.999133,39.779248,2024-07-20T06:00:00.000Z,25.3,,mgm,0
17040,RİZE,Rize,Merkez,Karadeniz,41.04,40.501333,2024-07-20T06:00:00.000Z,24.8,,mgm,0
17042,HOPA,Artvin,Hopa,Karadeniz,41.4065,41.433,2024-07-20T06:00:00.000Z,24.7,,mgm,0
17044,RİZE ARTVİN HAVALİMANI,Rize,Pazar,Karadeniz,41.177687,40.835223,2024-07-20T06:00:00.000Z,26.0,,mgm,0
17056,TEKİRDAĞ,Tekirdağ,Süleymanpaşa,Marmara,40.957959,27.496181,2024-07-20T06:00:00.000Z,26.1,,mgm,0
17112,ÇANAKKALE,Çanakkale,Merkez,Marmara,40.141428,26.399616,2024-07-20T06:00:00.000Z,25.0,,mgm,0
17175,AYVALIK,Balıkesir,Ayvalık,Ege,39.311292,26.686445,2024-07-20T06:00:00.000Z,25.6,,mgm,0
17180,DİKİLİ,İzmir,Dikili,Ege,39.073861,26.888093,2024-07-20T06:00:00.000Z,27.0,,mgm,0
17220,İZMİR BÖLGE,İzmir,Konak,Ege,38.3945,27.0821,2024-07-20T06:00:00.000Z,28.5,,mgm,0
17221,ÇEŞME,İzmir,Çeşme,Ege,38.303858,26.372882,2024-07-20T06:00:00.000Z,27.5,,mgm,0
17232,KUŞADASI,Aydın,Kuşadası,Ege,37.859636,27.265115,2024-07-20T06:00:00.000Z,27.0,,mgm,0
17290,BODRUM,Muğla,Bodrum,Ege,37.032611,27.439801,2024-07-20T06:00:00.000Z,27.1,,mgm,0
17296,FETHİYE,Muğla,Fethiye,Akdeniz,36.626611,29.123804,2024-07-20T06:00:00.000Z,29.6,,mgm,0
17297,DATÇA,Muğla,Datça,Ege,36.707945,27.691918,2024-07-20T06:00:00.000Z,27.5,,mgm,0
17298,MARMARİS,Muğla,Marmaris,Akdeniz,36.83926,28.244995,2024-07-20T06:00:00.000Z,28.0,,mgm,0
17302,ANTALYA BÖLGE,Antalya,Muratpaşa,Akdeniz,36.885073,30.682793,2024-07-20T06:00:00.000Z,30.0,,mgm,0
17310,ALANYA,Antalya,Alanya,Akdeniz,36.54999,31.979822,2024-07-20T06:00:00.000Z,29.4,,mgm,0
17320,ANAMUR,Mersin,Anamur,Akdeniz,36.068614,32.864876,2024-07-20T06:00:00.000Z,29.0,,mgm,0
17340,MERSİN,Mersin,Yenişehir,Akdeniz,36.780904,34.603125,2024-07-20T06:00:00.000Z,30.7,,mgm,0
17370,İSKENDERUN,Hatay,İskenderun,Akdeniz,36.592358,36.158158,2024-07-20T06:00:00.000Z,30.9,,mgm,0
17375,FİNİKE,Antalya,Finike,Akdeniz,36.3024,30.1458,2024-07-20T06:00:00.000Z,29.3,,mgm,0
17380,KAŞ,Antalya,Kaş,Akdeniz,36.200579,29.649995,2024-07-20T06:00:00.000Z,29.4,,mgm,0
17391,SAMSUN ŞAMANDIRA,Samsun,Çarşamba,Karadeniz,41.436283,36.557767,2024-07-20T09:30:00.000Z,25.9,,mgm,0
17425,LAPSEKİ/ZİNCİRBOZAN FENERİ,Çanakkale,Lapseki,Marmara,40.4206,26.7536,2024-07-20T14:53:00.000Z,27.4,,mgm,0
17464,TRABZON LİMANI ANA MENDİREK FENERİ,Trabzon,Ortahisar,Karadeniz,41.006776,39.750108,2024-07-20T14:53:00.000Z,25.6,,mgm,0
17381,KUŞADASI 3. NOLU ŞAMANDIRA,Aydın,Kuşadası,Ege,37.8458,27.2194,2024-07-20T14:54:00.000Z,27.7,,mgm,0
17387,GİRESUN PALAMUT KAYALIĞI MAHMUZ FENERİ,Giresun,Merkez,Karadeniz,40.9182,38.3783,2024-07-20T14:54:00.000Z,28.7,,mgm,0
17389,ADALAR ŞAMANDIRA,İstanbul,Adalar,Marmara,40.93278,28.94889,2024-07-20T14:54:00.000Z,26.6,,mgm,0
17421,AYVALIK KANAL SANCAK A FENERİ,Balıkesir,Ayvalık,Ege,39.323394,26.640546,2024-07-20T14:54:00.000Z,26.0,,mgm,0
17422,BANDIRMA KUZEY MENDİREK FENERİ,Balıkesir,Bandırma,Marmara,40.358554,27.958451,2024-07-20T14:54:00.000Z,28.0,,mgm,0
17423,MARMARA BARINAK ANA MENDİREK FENERİ,Balıkesir,Marmara,Marmara,40.583839,27.560849,2024-07-20T14:54:00.000Z,27.7,,mgm,0
17424,MARMARA/SARAYLAR KÖYÜ BARINAK (SANDAL BASENİ) FENERİ,Balıkesir,Marmara,Marmara,40.657488,27.662533,2024-07-20T14:54:00.000Z,27.3,,mgm,0
17426,BARTIN GÜNEY MENDİREK FENERİ,Bartın,Merkez,Karadeniz,41.6864,32.2261,2024-07-20T14:54:00.000Z,28.7,,mgm,0
17427,BOZCAADA LİMAN GİRİŞİ GÜNEY MENDİREK FENERİ,Çanakkale,Bozcaada,Ege,39.8341,26.0748,2024-07-20T14:54:00.000Z,23.0,,mgm,0
17429,ECEABAT/KABATEPE GÜNEY MENDİREK FENERİ,Çanakkale,Eceabat,Ege,40.2019,26.2669,2024-07-20T14:54:00.000Z,26.4,,mgm,0
17430,GÖKÇEADA KALEKÖY ANA MENDİREK FENERİ,Çanakkale,Gökçeada,Ege,40.2317,25.8914,2024-07-20T14:54:00.000Z,27.9,,mgm,0
17431,BİGA/KARABİGA BAR. (B) NOKTASI GÜNEY MEN. FENERİ,Çanakkale,Biga,Marmara,40.399583,27.305591,2024-07-20T14:54:00.000Z,30.6,,mgm,0
17432,EZİNE/GEYİKLİ ODUNLUK İSKELE FENERİ,Çanakkale,Ezine,Ege,39.818998,26.160008,2024-07-20T14:54:00.000Z,21.1,,mgm,0
17433,GÖKÇEADA UĞURLU LİMAN FENERİ,Çanakkale,Gökçeada,Ege,40.1153,25.6989,2024-07-20T14:54:00.000Z,26.6,,mgm,0
17434,EZİNE YENİKÖY BAL.BAR. ANA MENDİREK FENERİ,Çanakkale,Ezine,Ege,39.9447,26.1611,2024-07-20T14:54:00.000Z,21.9,,mgm,0
17442,KONAK/İZMİR PASAPORT MENDİREK FENERİ,İzmir,Konak,Ege,38.429236,27.131698,2024-07-20T14:54:00.000Z,29.6,,mgm,0
17445,CİDE KUZEY MENDİREK FENERİ,Kastamonu,Cide,Karadeniz,41.9006,32.9778,2024-07-20T14:54:00.000Z,26.0,,mgm,0
17446,İNEBOLU KUZEY MENDİREK FENERİ,Kastamonu,İnebolu,Karadeniz,41.9817,33.7769,2024-07-20T14:54:00.000Z,27.6,,mgm,0
17447,VİZE/MİDYE KIYIKÖY BATI MENDİREK FENERİ (ANA),Kırklareli,Vize,Karadeniz,41.630847,28.101353,2024-07-20T14:54:00.000Z,27.0,,mgm,0
17451,MARMARA EREĞLİSİ BAL.BAR.ANA MENDİREK FENERİ,Tekirdağ,Marmaraereğlisi,Marmara,40.970825,27.959676,2024-07-20T14:54:00.000Z,29.3,,mgm,0
17453,ZONGULDAK GÜNEY MENDİREK FENERİ,Zonguldak,Merkez,Karadeniz,41.458611,31.779166,2024-07-20T14:54:00.000Z,28.9,,mgm,0
17465,ARAKLI BALIKÇI BARINAĞI TALİ MENDİREK FENERİ,Trabzon,Araklı,Karadeniz,40.945081,40.053776,2024-07-20T14:54:00.000Z,24.5,,mgm,0
17475,KEMER SIĞLIK FENERİ,Antalya,Kemer,Akdeniz,36.612395,30.574242,2024-07-20T14:54:00.000Z,31.0,,mgm,0
17477,ALANYA YENİ YAT LİMAN ANA MENDİREK FENERİ,Antalya,Alanya,Akdeniz,36.557404,31.951419,2024-07-20T14:54:00.000Z,31.1,,mgm,0
17480,KARATAŞ BALIKÇI BARINAĞI TALİ MENDİREK FENERİ,Adana,Karataş,Akdeniz,36.557986,35.383499,2024-07-20T14:54:00.000Z,31.9,,mgm,0
17482,VAN LİMAN,Van,Tuşba,Van Gölü,38.51486,43.307362,2024-07-20T14:54:00.000Z,24.0,,mgm,0
17484,ADİLCEVAZ LİMAN,Bitlis,Adilcevaz,Van Gölü,38.797236,42.729931,2024-07-20T14:54:00.000Z,22.5,,mgm,0
17489,MUDANYA/GÜZELYALI BALIKÇI BARINAĞI,Bursa,Mudanya,Marmara,40.35612,28.934036,2024-07-20T14:54:00.000Z,26.4,,mgm,0
17491,GEVAŞ AKDAMAR FENERİ,Van,Gevaş,Van Gölü,38.309988,43.041398,2024-07-20T14:54:00.000Z,24.8,,mgm,0
17492,DİDİM MARİNA FENERİ,Aydın,Didim,Ege,37.3369,27.264,2024-07-20T14:54:00.000Z,30.7,,mgm,0
17386,BODRUM KARAADA SIĞLIK IŞIKLI ŞAMANDIRA,Muğla,Bodrum,Ege,37.0081,27.4142,2024-07-20T14:55:00.000Z,27.1,,mgm,0
17450,BODRUM YALIKAVAK GEMİTAŞI FENERİ,Muğla,Bodrum,Ege,37.150133,27.263333,2024-07-20T14:55:00.000Z,24.1,,mgm,0
17466,ÇAYELİ BALIKÇI BARINAĞI TALİ MENDİREK FENERİ,Rize,Çayeli,Karadeniz,41.090095,40.722557,2024-07-20T14:55:00.000Z,21.9,,mgm,0
17460,ÜNYE BALIKÇI BARINAĞI ANA MENDİREK FENERİ,Ordu,Ünye,Karadeniz,41.116448,37.348722,2024-07-20T14:56:00.000Z,25.8,,mgm,0
17015,AKÇAKOCA,Düzce,Akçakoca,Karadeniz,41.089528,31.143039,2024-07-26T06:00:00.000Z,27.0,,mgm,0
17024,İNEBOLU,Kastamonu,İnebolu,Karadeniz,41.978937,33.762945,2024-07-26T06:00:00.000Z,26.0,,mgm,0
17026,SİNOP,Sinop,Merkez,Karadeniz,42.029821,35.154286,2024-07-26T06:00:00.000Z,26.1,,mgm,0
17030,SAMSUN BÖLGE,Samsun,Atakum,Karadeniz,41.344286,36.255794,2024-07-26T06:00:00.000Z,27.1,,mgm,0
17033,ORDU,Ordu,Altınordu,Karadeniz,40.983833,37.885833,2024-07-26T06:00:00.000Z,26.0,,mgm,0
17034,GİRESUN,Giresun,Merkez,Karadeniz,40.922667,38.387833,2024-07-26T06:00:00.000Z,26.5,,mgm,0
17038,TRABZON HAVALİMANI,Trabzon,Ortahisar,Karadeniz,40.999133,39.779248,2024-07-26T06:00:00.000Z,25.5,,mgm,0
17040,RİZE,Rize,Merkez,Karadeniz,41.04,40.501333,2024-07-26T06:00:00.000Z,25.0,,mgm,0
17042,HOPA,Artvin,Hopa,Karadeniz,41.4065,41.433,2024-07-26T06:00:00.000Z,26.1,,mgm,0
17044,RİZE ARTVİN HAVALİMANI,Rize,Pazar,Karadeniz,41.177687,40.835223,2024-07-26T06:00:00.000Z,25.9,,mgm,0
17056,TEKİRDAĞ,Tekirdağ,Süleymanpaşa,Marmara,40.957959,27.496181,2024-07-26T06:00:00.000Z,26.7,,mgm,0
17112,ÇANAKKALE,Çanakkale,Merkez,Marmara,40.141428,26.399616,2024-07-26T06:00:00.000Z,26.0,,mgm,0
17175,AYVALIK,Balıkesir,Ayvalık,Ege,39.311292,26.686445,2024-07-26T06:00:00.000Z,26.0,,mgm,0
17180,DİKİLİ,İzmir,Dikili,Ege,39.073861,26.888093,2024-07-26T06:00:00.000Z,27.5,,mgm,0
17220,İZMİR BÖLGE,İzmir,Konak,Ege,38.3945,27.0821,2024-07-26T06:00:00.000Z,29.6,,mgm,0
17221,ÇEŞME,İzmir,Çeşme,Ege,38.303858,26.372882,2024-07-26T06:00:00.000Z,27.0,,mgm,0
17232,KUŞADASI,Aydın,Kuşadası,Ege,37.859636,27.265115,2024-07-26T06:00:00.000Z,27.1,,mgm,0
17290,BODRUM,Muğla,Bodrum,Ege,37.032611,27.439801,2024-07-26T06:00:00.000Z,25.0,,mgm,0
17296,FETHİYE,Muğla,Fethiye,Akdeniz,36.626611,29.123804,2024-07-26T06:00:00.000Z,30.1,,mgm,0
17297,DATÇA,Muğla,Datça,Ege,36.707945,27.691918,2024-07-26T06:00:00.000Z,23.9,,mgm,0
17298,MARMARİS,Muğla,Marmaris,Akdeniz,36.83926,28.244995,2024-07-26T06:00:00.000Z,27.6,,mgm,0
17302,ANTALYA BÖLGE,Antalya,Muratpaşa,Akdeniz,36.885073,30.682793,2024-07-26T06:00:00.000Z,31.0,,mgm,0
17310,ALANYA,Antalya,Alanya,Akdeniz,36.54999,31.979822,2024-07-26T06:00:00.000Z,31.5,,mgm,0
17320,ANAMUR,Mersin,Anamur,Akdeniz,36.068614,32.864876,2024-07-26T06:00:00.000Z,29.0,,mgm,0
17340,MERSİN,Mersin,Yenişehir,Akdeniz,36.780904,34.603125,2024-07-26T06:00:00.000Z,31.2,,mgm,0
17370,İSKENDERUN,Hatay,İskenderun,Akdeniz,36.592358,36.158158,2024-07-26T06:00:00.000Z,31.5,,mgm,0
17375,FİNİKE,Antalya,Finike,Akdeniz,36.3024,30.1458,2024-07-26T06:00:00.000Z,29.3,,mgm,0
17380,KAŞ,Antalya,Kaş,Akdeniz,36.200579,29.649995,2024-07-26T06:00:00.000Z,29.8,,mgm,0
17429,ECEABAT/KABATEPE GÜNEY MENDİREK FENERİ,Çanakkale,Eceabat,Ege,40.2019,26.2669,2024-07-26T09:45:00.000Z,25.1,,mgm,0
17381,KUŞADASI 3. NOLU ŞAMANDIRA,Aydın,Kuşadası,Ege,37.8458,27.2194,2024-07-26T15:23:00.000Z,27.0,,mgm,0
17422,BANDIRMA KUZEY MENDİREK FENERİ,Balıkesir,Bandırma,Marmara,40.358554,27.958451,2024-07-26T15:23:00.000Z,28.1,,mgm,0
17464,TRABZON LİMANI ANA MENDİREK FENERİ,Trabzon,Ortahisar,Karadeniz,41.006776,39.750108,2024-07-26T15:23:00.000Z,25.9,,mgm,0
17491,GEVAŞ AKDAMAR FENERİ,Van,Gevaş,Van Gölü,38.309988,43.041398,2024-07-26T15:23:00.000Z,25.6,,mgm,0
17387,GİRESUN PALAMUT KAYALIĞI MAHMUZ FENERİ,Giresun,Merkez,Karadeniz,40.9182,38.3783,2024-07-26T15:24:00.000Z,28.1,,mgm,0
17389,ADALAR ŞAMANDIRA,İstanbul,Adalar,Marmara,40.93278,28.94889,2024-07-26T15:24:00.000Z,26.9,,mgm,0
17421,AYVALIK KANAL SANCAK A FENERİ,Balıkesir,Ayvalık,Ege,39.323394,26.640546,2024-07-26T15:24:00.000Z,25.7,,mgm,0
17423,MARMARA BARINAK ANA MENDİREK FENERİ,Balıkesir,Marmara,Marmara,40.583839,27.560849,2024-07-26T15:24:00.000Z,27.3,,mgm,0
17424,MARMARA/SARAYLAR KÖYÜ BARINAK (SANDAL BASENİ) FENERİ,Balıkesir,Marmara,Marmara,40.657488,27.662533,2024-07-26T15:24:00.000Z,27.0,,mgm,0
17425,LAPSEKİ/ZİNCİRBOZAN FENERİ,Çanakkale,Lapseki,Marmara,40.4206,26.7536,2024-07-26T15:24:00.000Z,27.9,,mgm,0
17426,BARTIN GÜNEY MENDİREK FENERİ,Bartın,Merkez,Karadeniz,41.6864,32.2261,2024-07-26T15:24:00.000Z,25.9,,mgm,0
17427,BOZCAADA LİMAN GİRİŞİ GÜNEY MENDİREK FENERİ,Çanakkale,Bozcaada,Ege,39.8341,26.0748,2024-07-26T15:24:00.000Z,23.6,,mgm,0
17428,AYVACIK/GÜLPINAR ANA MENDİREK FENERİ,Çanakkale,Ayvacık,Ege,39.5658,26.0967,2024-07-26T15:24:00.000Z,23.5,,mgm,0
17430,GÖKÇEADA KALEKÖY ANA MENDİREK FENERİ,Çanakkale,Gökçeada,Ege,40.2317,25.8914,2024-07-26T15:24:00.000Z,27.6,,mgm,0
17431,BİGA/KARABİGA BAR. (B) NOKTASI GÜNEY MEN. FENERİ,Çanakkale,Biga,Marmara,40.399583,27.305591,2024-07-26T15:24:00.000Z,28.4,,mgm,0
17432,EZİNE/GEYİKLİ ODUNLUK İSKELE FENERİ,Çanakkale,Ezine,Ege,39.818998,26.160008,2024-07-26T15:24:00.000Z,21.0,,mgm,0
17433,GÖKÇEADA UĞURLU LİMAN FENERİ,Çanakkale,Gökçeada,Ege,40.1153,25.6989,2024-07-26T15:24:00.000Z,27.0,,mgm,0
17434,EZİNE YENİKÖY BAL.BAR. ANA MENDİREK FENERİ,Çanakkale,Ezine,Ege,39.9447,26.1611,2024-07-26T15:24:00.000Z,22.4,,mgm,0
17436,ENEZ TALİ MENDİREK FENERİ,Edirne,Enez,Ege,40.698218,26.051263,2024-07-26T15:24:00.000Z,27.5,,mgm,0
17437,TUZLA AYDINLI LİMAN FENERİ,İstanbul,Tuzla,Marmara,40.850611,29.271174,2024-07-26T15:24:00.000Z,26.5,,mgm,0
17438,SİLİVRİ ANA MENDİREK FENERİ,İstanbul,Silivri,Marmara,41.072866,28.238398,2024-07-26T15:24:00.000Z,27.5,,mgm,0
17442,KONAK/İZMİR PASAPORT MENDİREK FENERİ,İzmir,Konak,Ege,38.429236,27.131698,2024-07-26T15:24:00.000Z,30.1,,mgm,0
17447,VİZE/MİDYE KIYIKÖY BATI MENDİREK FENERİ (ANA),Kırklareli,Vize,Karadeniz,41.630847,28.101353,2024-07-26T15:24:00.000Z,26.1,,mgm,0
17451,MARMARA EREĞLİSİ BAL.BAR.ANA MENDİREK FENERİ,Tekirdağ,Marmaraereğlisi,Marmara,40.970825,27.959676,2024-07-26T15:24:00.000Z,27.5,,mgm,0
17452,YALOVA SAMANLIDERE TALİ (DOĞU) MENDİREK FENERİ,Yalova,Merkez,Marmara,40.660597,29.246969,2024-07-26T15:24:00.000Z,29.6,,mgm,0
17453,ZONGULDAK GÜNEY MENDİREK FENERİ,Zonguldak,Merkez,Karadeniz,41.458611,31.779166,2024-07-26T15:24:00.000Z,27.3,,mgm,0
17454,FATİH/KUMKAPI FENERİ,İstanbul,Fatih,Marmara,41.000994,28.965432,2024-07-26T15:24:00.000Z,31.7,,mgm,0
17467,HOPA ANA MENDİREK FENERİ,Artvin,Hopa,Karadeniz,41.420291,41.429843,2024-07-26T15:24:00.000Z,27.1,,mgm,0
17470,İNCEBURUN (YILDIZADASI) MARMARİS FENERİ,Muğla,Marmaris,Akdeniz,36.813936,28.265907,2024-07-26T15:24:00.000Z,26.8,,mgm,0
17474,FİNİKE BALIKÇI BARINAĞI ANA MENDİREK FENER,Antalya,Finike,Akdeniz,36.2953,30.1533,2024-07-26T15:24:00.000Z,29.4,,mgm,0
17475,KEMER SIĞLIK FENERİ,Antalya,Kemer,Akdeniz,36.612395,30.574242,2024-07-26T15:24:00.000Z,30.6,,mgm,0
17477,ALANYA YENİ YAT LİMAN ANA MENDİREK FENERİ,Antalya,Alanya,Akdeniz,36.557404,31.951419,2024-07-26T15:24:00.000Z,31.2,,mgm,0
17482,VAN LİMAN,Van,Tuşba,Van Gölü,38.51486,43.307362,2024-07-26T15:24:00.000Z,24.0,,mgm,0
17492,DİDİM MARİNA FENERİ,Aydın,Didim,Ege,37.3369,27.264,2024-07-26T15:24:00.000Z,28.5,,mgm,0
17386,BODRUM KARAADA SIĞLIK IŞIKLI ŞAMANDIRA,Muğla,Bodrum,Ege,37.0081,27.4142,2024-07-26T15:25:00.000Z,24.4,,mgm,0
17450,BODRUM YALIKAVAK GEMİTAŞI FENERİ,Muğla,Bodrum,Ege,37.150133,27.263333,2024-07-26T15:25:00.000Z,23.3,,mgm,0
17465,ARAKLI BALIKÇI BARINAĞI TALİ MENDİREK FENERİ,Trabzon,Araklı,Karadeniz,40.945081,40.053776,2024-07-26T15:25:00.000Z,24.8,,mgm,0
17466,ÇAYELİ BALIKÇI BARINAĞI TALİ MENDİREK FENERİ,Rize,Çayeli,Karadeniz,41.090095,40.722557,2024-07-26T15:25:00.000Z,22.3,,mgm,0
17480,KARATAŞ BALIKÇI BARINAĞI TALİ MENDİREK FENERİ,Adana,Karataş,Akdeniz,36.557986,35.383499,2024-07-26T15:25:00.000Z,31.6,,mgm,0
17484,ADİLCEVAZ LİMAN,Bitlis,Adilcevaz,Van Gölü,38.797236,42.729931,2024-07-26T15:25:00.000Z,24.0,,mgm,0
17489,MUDANYA/GÜZELYALI BALIKÇI BARINAĞI,Bursa,Mudanya,Marmara,40.35612,28.934036,2024-07-26T15:25:00.000Z,25.2,,mgm,0
17460,ÜNYE BALIKÇI BARINAĞI ANA MENDİREK FENERİ,Ordu,Ünye,Karadeniz,41.116448,37.348722,2024-07-26T15:26:00.000Z,26.8,,mgm,0
17015,AKÇAKOCA,Düzce,Akçakoca,Karadeniz,41.089528,31.143039,2024-08-21T06:00:00.000Z,23.0,,turkiye.gov.tr,1
17024,İNEBOLU,Kastamonu,İnebolu,Karadeniz,41.978937,33.762945,2024-08-21T06:00:00.000Z,21.6,,turkiye.gov.tr,1
17026,SİNOP,Sinop,Merkez,Karadeniz,42.029821,35.154286,2024-08-21T06:00:00.000Z,28.0,,turkiye.gov.tr,1
17030,SAMSUN BÖLGE,Samsun,Atakum,Karadeniz,41.344286,36.255794,2024-08-21T06:00:00.000Z,28.0,,turkiye.gov.tr,1
17033,ORDU,Ordu,Altınordu,Karadeniz,40.983833,37.885833,2024-08-21T06:00:00.000Z,27.1,,turkiye.gov.tr,1
17034,GİRESUN,Giresun,Merkez,Karadeniz,40.922667,38.387833,2024-08-21T06:00:00.000Z,26.6,,turkiye.gov.tr,1
17038,TRABZON HAVALİMANI,Trabzon,Ortahisar,Karadeniz,40.999133,39.779248,2024-08-21T06:00:00.000Z,25.1,,turkiye.gov.tr,1
17040,RİZE,Rize,Merkez,Karadeniz,41.04,40.501333,2024-08-21T06:00:00.000Z,24.7,,turkiye.gov.tr,1
17042,HOPA,Artvin,Hopa,Karadeniz,41.4065,41.433,2024-08-21T06:00:00.000Z,27.2,,turkiye.gov.tr,1
17044,RİZE ARTVİN HAVALİMANI,Rize,Pazar,Karadeniz,41.177687,40.835223,2024-08-21T06:00:00.000Z,26.0,,turkiye.gov.tr,1
17056,TEKİRDAĞ,Tekirdağ,Süleymanpaşa,Marmara,40.957959,27.496181,2024-08-21T06:00:00.000Z,25.5,,turkiye.gov.tr,1
17112,ÇANAKKALE,Çanakkale,Merkez,Marmara,40.141428,26.399616,2024-08-21T06:00:00.000Z,26.0,,turkiye.gov.tr,1
17175,AYVALIK,Balıkesir,Ayvalık,Ege,39.311292,26.686445,2024-08-21T06:00:00.000Z,26.4,,turkiye.gov.tr,1
17180,DİKİLİ,İzmir,Dikili,Ege,39.073861,26.888093,2024-08-21T06:00:00.000Z,27.5,,turkiye.gov.tr,1
17220,İZMİR BÖLGE,İzmir,Konak,Ege,38.3945,27.0821,2024-08-21T06:00:00.000Z,28.8,,turkiye.gov.tr,1
17221,ÇEŞME,İzmir,Çeşme,Ege,38.303858,26.372882,2024-08-21T06:00:00.000Z,27.5,,turkiye.gov.tr,1
17232,KUŞADASI,Aydın,Kuşadası,Ege,37.859636,27.265115,2024-08-21T06:00:00.000Z,26.3,,turkiye.gov.tr,1
17290,BODRUM,Muğla,Bodrum,Ege,37.032611,27.439801,2024-08-21T06:00:00.000Z,26.6,,turkiye.gov.tr,1
17296,FETHİYE,Muğla,Fethiye,Akdeniz,36.626611,29.123804,2024-08-21T06:00:00.000Z,31.0,,turkiye.gov.tr,1
17297,DATÇA,Muğla,Datça,Ege,36.707945,27.691918,2024-08-21T06:00:00.000Z,26.4,,turkiye.gov.tr,1
17298,MARMARİS,Muğla,Marmaris,Akdeniz,36.83926,28.244995,2024-08-21T06:00:00.000Z,28.2,,turkiye.gov.tr,1
17302,ANTALYA BÖLGE,Antalya,Muratpaşa,Akdeniz,36.885073,30.682793,2024-08-21T06:00:00.000Z,30.5,,turkiye.gov.tr,1
17310,ALANYA,Antalya,Alanya,Akdeniz,36.54999,31.979822,2024-08-21T06:00:00.000Z,30.4,,turkiye.gov.tr,1
17320,ANAMUR,Mersin,Anamur,Akdeniz,36.068614,32.864876,2024-08-21T06:00:00.000Z,29.6,,turkiye.gov.tr,1
17340,MERSİN,Mersin,Yenişehir,Akdeniz,36.780904,34.603125,2024-08-21T06:00:00.000Z,31.6,,turkiye.gov.tr,1
17370,İSKENDERUN,Hatay,İskenderun,Akdeniz,36.592358,36.158158,2024-08-21T06:00:00.000Z,32.0,,turkiye.gov.tr,1
17375,FİNİKE,Antalya,Finike,Akdeniz,36.3024,30.1458,2024-08-21T06:00:00.000Z,29.6,,turkiye.gov.tr,1
17380,KAŞ,Antalya,Kaş,Akdeniz,36.200579,29.649995,2024-08-21T06:00:00.000Z,29.9,,turkiye.gov.tr,1
17381,KUŞADASI 3. NOLU ŞAMANDIRA,Aydın,Kuşadası,Ege,37.8458,27.2194,2024-08-21T06:00:00.000Z,26.8,,turkiye.gov.tr,1
17385,MERSİN GÜNEY MENDİREK İSTİKAMET FENERİ,Mersin,Akdeniz,Akdeniz,36.784036,34.635222,2024-08-21T06:00:00.000Z,32.0,,turkiye.gov.tr,1
17386,BODRUM KARAADA SIĞLIK IŞIKLI ŞAMANDIRA,Muğla,Bodrum,Ege,37.0081,27.4142,2024-08-21T06:00:00.000Z,26.9,,turkiye.gov.tr,1
17387,GİRESUN PALAMUT KAYALIĞI MAHMUZ FENERİ,Giresun,Merkez,Karadeniz,40.9182,38.3783,2024-08-21T06:00:00.000Z,28.3,,turkiye.gov.tr,1
17391,SAMSUN ŞAMANDIRA,Samsun,Çarşamba,Karadeniz,41.436283,36.557767,2024-08-21T06:00:00.000Z,28.0,,turkiye.gov.tr,1
17421,AYVALIK KANAL SANCAK A FENERİ,Balıkesir,Ayvalık,Ege,39.323394,26.640546,2024-08-21T06:00:00.000Z,26.2,,turkiye.gov.tr,1
17422,BANDIRMA KUZEY MENDİREK FENERİ,Balıkesir,Bandırma,Marmara,40.358554,27.958451,2024-08-21T06:00:00.000Z,26.4,,turkiye.gov.tr,1
17423,MARMARA BARINAK ANA MENDİREK FENERİ,Balıkesir,Marmara,Marmara,40.583839,27.560849,2024-08-21T06:00:00.000Z,26.5,,turkiye.gov.tr,1
17424,MARMARA/SARAYLAR KÖYÜ BARINAK (SANDAL BASENİ) FENERİ,Balıkesir,Marmara,Marmara,40.657488,27.662533,2024-08-21T06:00:00.000Z,26.2,,turkiye.gov.tr,1
17426,BARTIN GÜNEY MENDİREK FENERİ,Bartın,Merkez,Karadeniz,41.6864,32.2261,2024-08-21T06:00:00.000Z,26.2,,turkiye.gov.tr,1
17427,BOZCAADA LİMAN GİRİŞİ GÜNEY MENDİREK FENERİ,Çanakkale,Bozcaada,Ege,39.8341,26.0748,2024-08-21T06:00:00.000Z,25.1,,turkiye.gov.tr,1
17428,AYVACIK/GÜLPINAR ANA MENDİREK FENERİ,Çanakkale,Ayvacık,Ege,39.5658,26.0967,2024-08-21T06:00:00.000Z,24.8,,turkiye.gov.tr,1
17429,ECEABAT/KABATEPE GÜNEY MENDİREK FENERİ,Çanakkale,Eceabat,Ege,40.2019,26.2669,2024-08-21T06:00:00.000Z,25.8,,turkiye.gov.tr,1
17430,GÖKÇEADA KALEKÖY ANA MENDİREK FENERİ,Çanakkale,Gökçeada,Ege,40.2317,25.8914,2024-08-21T06:00:00.000Z,27.2,,turkiye.gov.tr,1
17431,BİGA/KARABİGA BAR. (B) NOKTASI GÜNEY MEN. FENERİ,Çanakkale,Biga,Marmara,40.399583,27.305591,2024-08-21T06:00:00.000Z,27.5,,turkiye.gov.tr,1
17432,EZİNE/GEYİKLİ ODUNLUK İSKELE FENERİ,Çanakkale,Ezine,Ege,39.818998,26.160008,2024-08-21T06:00:00.000Z,22.3,,turkiye.gov.tr,1
17433,GÖKÇEADA UĞURLU LİMAN FENERİ,Çanakkale,Gökçeada,Ege,40.1153,25.6989,2024-08-21T06:00:00.000Z,26.7,,turkiye.gov.tr,1
17434,EZİNE YENİKÖY BAL.BAR. ANA MENDİREK FENERİ,Çanakkale,Ezine,Ege,39.9447,26.1611,2024-08-21T06:00:00.000Z,22.6,,turkiye.gov.tr,1
17436,ENEZ TALİ MENDİREK FENERİ,Edirne,Enez,Ege,40.698218,26.051263,2024-08-21T06:00:00.000Z,26.4,,turkiye.gov.tr,1
17437,TUZLA AYDINLI LİMAN FENERİ,İstanbul,Tuzla,Marmara,40.850611,29.271174,2024-08-21T06:00:00.000Z,26.3,,turkiye.gov.tr,1
17438,SİLİVRİ ANA MENDİREK FENERİ,İstanbul,Silivri,Marmara,41.072866,28.238398,2024-08-21T06:00:00.000Z,26.3,,turkiye.gov.tr,1
17439,FOÇA/AZAPLAR (VENEDİK) KAYALIĞI FENERİ,İzmir,Foça,Ege,38.616562,26.744274,2024-08-21T06:00:00.000Z,26.6,,turkiye.gov.tr,1
17442,KONAK/İZMİR PASAPORT MENDİREK FENERİ,İzmir,Konak,Ege,38.429236,27.131698,2024-08-21T06:00:00.000Z,28.9,,turkiye.gov.tr,1
17445,CİDE KUZEY MENDİREK FENERİ,Kastamonu,Cide,Karadeniz,41.9006,32.9778,2024-08-21T06:00:00.000Z,24.3,,turkiye.gov.tr,1
17447,VİZE/MİDYE KIYIKÖY BATI MENDİREK FENERİ (ANA),Kırklareli,Vize,Karadeniz,41.630847,28.101353,2024-08-21T06:00:00.000Z,25.1,,turkiye.gov.tr,1
17450,BODRUM YALIKAVAK GEMİTAŞI FENERİ,Muğla,Bodrum,Ege,37.150133,27.263333,2024-08-21T06:00:00.000Z,23.9,,turkiye.gov.tr,1
17451,MARMARA EREĞLİSİ BAL.BAR.ANA MENDİREK FENERİ,Tekirdağ,Marmaraereğlisi,Marmara,40.970825,27.959676,2024-08-21T06:00:00.000Z,23.8,,turkiye.gov.tr,1
17452,YALOVA SAMANLIDERE TALİ (DOĞU) MENDİREK FENERİ,Yalova,Merkez,Marmara,40.660597,29.246969,2024-08-21T06:00:00.000Z,28.7,,turkiye.gov.tr,1
17453,ZONGULDAK GÜNEY MENDİREK FENERİ,Zonguldak,Merkez,Karadeniz,41.458611,31.779166,2024-08-21T06:00:00.000Z,25.6,,turkiye.gov.tr,1
17454,FATİH/KUMKAPI FENERİ,İstanbul,Fatih,Marmara,41.000994,28.965432,2024-08-21T06:00:00.000Z,21.8,,turkiye.gov.tr,1
17460,ÜNYE BALIKÇI BARINAĞI ANA MENDİREK FENERİ,Ordu,Ünye,Karadeniz,41.116448,37.348722,2024-08-21T06:00:00.000Z,26.9,,turkiye.gov.tr,1
17464,TRABZON LİMANI ANA MENDİREK FENERİ,Trabzon,Ortahisar,Karadeniz,41.006776,39.750108,2024-08-21T06:00:00.000Z,26.5,,turkiye.gov.tr,1
17465,ARAKLI BALIKÇI BARINAĞI TALİ MENDİREK FENERİ,Trabzon,Araklı,Karadeniz,40.945081,40.053776,2024-08-21T06:00:00.000Z,25.3,,turkiye.gov.tr,1
17466,ÇAYELİ BALIKÇI BARINAĞI TALİ MENDİREK FENERİ,Rize,Çayeli,Karadeniz,41.090095,40.722557,2024-08-21T06:00:00.000Z,22.6,,turkiye.gov.tr,1
17467,HOPA ANA MENDİREK FENERİ,Artvin,Hopa,Karadeniz,41.420291,41.429843,2024-08-21T06:00:00.000Z,28.2,,turkiye.gov.tr,1
17470,İNCEBURUN (YILDIZADASI) MARMARİS FENERİ,Muğla,Marmaris,Akdeniz,36.813936,28.265907,2024-08-21T06:00:00.000Z,27.4,,turkiye.gov.tr,1
17475,KEMER SIĞLIK FENERİ,Antalya,Kemer,Akdeniz,36.612395,30.574242,2024-08-21T06:00:00.000Z,30.3,,turkiye.gov.tr,1
17477,ALANYA YENİ YAT LİMAN ANA MENDİREK FENERİ,Antalya,Alanya,Akdeniz,36.557404,31.951419,2024-08-21T06:00:00.000Z,30.7,,turkiye.gov.tr,1
17479,SİLİFKE/TAŞUCU SEKA ANA MENDİREK FENERİ,Mersin,Silifke,Akdeniz,36.309162,33.889845,2024-08-21T06:00:00.000Z,29.6,,turkiye.gov.tr,1
17480,KARATAŞ BALIKÇI BARINAĞI TALİ MENDİREK FENERİ,Adana,Karataş,Akdeniz,36.557986,35.383499,2024-08-21T06:00:00.000Z,32.3,,turkiye.gov.tr,1
17482,VAN LİMAN,Van,Tuşba,Van Gölü,38.51486,43.307362,2024-08-21T06:00:00.000Z,25.3,,turkiye.gov.tr,1
17483,TATVAN LİMAN,Bitlis,Tatvan,Van Gölü,38.512592,42.302103,2024-08-21T06:00:00.000Z,27.4,,turkiye.gov.tr,1
17484,ADİLCEVAZ LİMAN,Bitlis,Adilcevaz,Van Gölü,38.797236,42.729931,2024-08-21T06:00:00.000Z,23.2,,turkiye.gov.tr,1
17489,MUDANYA/GÜZELYALI BALIKÇI BARINAĞI,Bursa,Mudanya,Marmara,40.35612,28.934036,2024-08-21T06:00:00.000Z,24.1,,turkiye.gov.tr,1
17490,ERDEMLİ DENİZ BİLİMLERİ ENSTİTÜSÜ,Mersin,Erdemli,Akdeniz,36.563333,34.255,2024-08-21T06:00:00.000Z,32.3,,turkiye.gov.tr,1
17491,GEVAŞ AKDAMAR FENERİ,Van,Gevaş,Van Gölü,38.309988,43.041398,2024-08-21T06:00:00.000Z,25.6,,turkiye.gov.tr,1
17492,DİDİM MARİNA FENERİ,Aydın,Didim,Ege,37.3369,27.264,2024-08-21T06:00:00.000Z,29.4,,turkiye.gov.tr,1
17494,İSTANBUL HAVALİMANI LİMAN FENERİ,İstanbul,Arnavutköy,Karadeniz,41.313998,28.788586,2024-08-21T06:00:00.000Z,27.5,,turkiye.gov.tr,1
17015,AKÇAKOCA,Düzce,Akçakoca,Karadeniz,41.089528,31.143039,2024-09-07T06:00:00.000Z,26.0,,turkiye.gov.tr,1
17026,SİNOP,Sinop,Merkez,Karadeniz,42.029821,35.154286,2024-09-07T06:00:00.000Z,26.2,,turkiye.gov.tr,1
17030,SAMSUN BÖLGE,Samsun,Atakum,Karadeniz,41.344286,36.255794,2024-09-07T06:00:00.000Z,26.8,,turkiye.gov.tr,1
17034,GİRESUN,Giresun,Merkez,Karadeniz,40.922667,38.387833,2024-09-07T06:00:00.000Z,25.4,,turkiye.gov.tr,1
17038,TRABZON HAVALİMANI,Trabzon,Ortahisar,Karadeniz,40.999133,39.779248,2024-09-07T06:00:00.000Z,25.1,,turkiye.gov.tr,1
17040,RİZE,Rize,Merkez,Karadeniz,41.04,40.501333,2024-09-07T06:00:00.000Z,24.6,,turkiye.gov.tr,1
17042,HOPA,Artvin,Hopa,Karadeniz,41.4065,41.433,2024-09-07T06:00:00.000Z,27.1,,turkiye.gov.tr,1
17044,RİZE ARTVİN HAVALİMANI,Rize,Pazar,Karadeniz,41.177687,40.835223,2024-09-07T06:00:00.000Z,26.0,,turkiye.gov.tr,1
17056,TEKİRDAĞ,Tekirdağ,Süleymanpaşa,Marmara,40.957959,27.496181,2024-09-07T06:00:00.000Z,25.7,,turkiye.gov.tr,1
17112,ÇANAKKALE,Çanakkale,Merkez,Marmara,40.141428,26.399616,2024-09-07T06:00:00.000Z,25.6,,turkiye.gov.tr,1
17175,AYVALIK,Balıkesir,Ayvalık,Ege,39.311292,26.686445,2024-09-07T06:00:00.000Z,25.5,,turkiye.gov.tr,1
17180,DİKİLİ,İzmir,Dikili,Ege,39.073861,26.888093,2024-09-07T06:00:00.000Z,26.0,,turkiye.gov.tr,1
17220,İZMİR BÖLGE,İzmir,Konak,Ege,38.3945,27.0821,2024-09-07T06:00:00.000Z,28.0,,turkiye.gov.tr,1
17221,ÇEŞME,İzmir,Çeşme,Ege,38.303858,26.372882,2024-09-07T06:00:00.000Z,26.3,,turkiye.gov.tr,1
17232,KUŞADASI,Aydın,Kuşadası,Ege,37.859636,27.265115,2024-09-07T06:00:00.000Z,26.1,,turkiye.gov.tr,1
17290,BODRUM,Muğla,Bodrum,Ege,37.032611,27.439801,2024-09-07T06:00:00.000Z,25.7,,turkiye.gov.tr,1
17296,FETHİYE,Muğla,Fethiye,Akdeniz,36.626611,29.123804,2024-09-07T06:00:00.000Z,29.8,,turkiye.gov.tr,1
17297,DATÇA,Muğla,Datça,Ege,36.707945,27.691918,2024-09-07T06:00:00.000Z,25.0,,turkiye.gov.tr,1
17298,MARMARİS,Muğla,Marmaris,Akdeniz,36.83926,28.244995,2024-09-07T06:00:00.000Z,27.5,,turkiye.gov.tr,1
17302,ANTALYA BÖLGE,Antalya,Muratpaşa,Akdeniz,36.885073,30.682793,2024-09-07T06:00:00.000Z,30.6,,turkiye.gov.tr,1
17310,ALANYA,Antalya,Alanya,Akdeniz,36.54999,31.979822,2024-09-07T06:00:00.000Z,29.5,,turkiye.gov.tr,1
17320,ANAMUR,Mersin,Anamur,Akdeniz,36.068614,32.864876,2024-09-07T06:00:00.000Z,29.6,,turkiye.gov.tr,1
17340,MERSİN,Mersin,Yenişehir,Akdeniz,36.780904,34.603125,2024-09-07T06:00:00.000Z,30.5,,turkiye.gov.tr,1
17370,İSKENDERUN,Hatay,İskenderun,Akdeniz,36.592358,36.158158,2024-09-07T06:00:00.000Z,30.5,,turkiye.gov.tr,1
17380,KAŞ,Antalya,Kaş,Akdeniz,36.200579,29.649995,2024-09-07T06:00:00.000Z,29.7,,turkiye.gov.tr,1
17381,KUŞADASI 3. NOLU ŞAMANDIRA,Aydın,Kuşadası,Ege,37.8458,27.2194,2024-09-07T06:00:00.000Z,26.5,,turkiye.gov.tr,1
17383,NARLIDERE/İZMİR KÖRFEZİ A NOKTASI IŞIKLI ŞAMANDIRA,İzmir,Narlıdere,Ege,38.421203,26.917843,2024-09-07T06:00:00.000Z,29.2,,turkiye.gov.tr,1
17384,URLA/KUBİLAY SIĞLIĞI IŞIKLI ŞAMANDIRA,İzmir,Urla,Ege,38.4467,26.7175,2024-09-07T06:00:00.000Z,25.7,,turkiye.gov.tr,1
17386,BODRUM KARAADA SIĞLIK IŞIKLI ŞAMANDIRA,Muğla,Bodrum,Ege,37.0081,27.4142,2024-09-07T06:00:00.000Z,26.3,,turkiye.gov.tr,1
17387,GİRESUN PALAMUT KAYALIĞI MAHMUZ FENERİ,Giresun,Merkez,Karadeniz,40.9182,38.3783,2024-09-07T06:00:00.000Z,27.2,,turkiye.gov.tr,1
17421,AYVALIK KANAL SANCAK A FENERİ,Balıkesir,Ayvalık,Ege,39.323394,26.640546,2024-09-07T06:00:00.000Z,25.8,,turkiye.gov.tr,1
17422,BANDIRMA KUZEY MENDİREK FENERİ,Balıkesir,Bandırma,Marmara,40.358554,27.958451,2024-09-07T06:00:00.000Z,26.7,,turkiye.gov.tr,1
17423,MARMARA BARINAK ANA MENDİREK FENERİ,Balıkesir,Marmara,Marmara,40.583839,27.560849,2024-09-07T06:00:00.000Z,27.0,,turkiye.gov.tr,1
17424,MARMARA/SARAYLAR KÖYÜ BARINAK (SANDAL BASENİ) FENERİ,Balıkesir,Marmara,Marmara,40.657488,27.662533,2024-09-07T06:00:00.000Z,27.0,,turkiye.gov.tr,1
17426,BARTIN GÜNEY MENDİREK FENERİ,Bartın,Merkez,Karadeniz,41.6864,32.2261,2024-09-07T06:00:00.000Z,27.1,,turkiye.gov.tr,1
17427,BOZCAADA LİMAN GİRİŞİ GÜNEY MENDİREK FENERİ,Çanakkale,Bozcaada,Ege,39.8341,26.0748,2024-09-07T06:00:00.000Z,24.9,,turkiye.gov.tr,1
17428,AYVACIK/GÜLPINAR ANA MENDİREK FENERİ,Çanakkale,Ayvacık,Ege,39.5658,26.0967,2024-09-07T06:00:00.000Z,24.6,,turkiye.gov.tr,1
17429,ECEABAT/KABATEPE GÜNEY MENDİREK FENERİ,Çanakkale,Eceabat,Ege,40.2019,26.2669,2024-09-07T06:00:00.000Z,26.5,,turkiye.gov.tr,1
17430,GÖKÇEADA KALEKÖY ANA MENDİREK FENERİ,Çanakkale,Gökçeada,Ege,40.2317,25.8914,2024-09-07T06:00:00.000Z,26.8,,turkiye.gov.tr,1
17431,BİGA/KARABİGA BAR. (B) NOKTASI GÜNEY MEN. FENERİ,Çanakkale,Biga,Marmara,40.399583,27.305591,2024-09-07T06:00:00.000Z,27.3,,turkiye.gov.tr,1
17432,EZİNE/GEYİKLİ ODUNLUK İSKELE FENERİ,Çanakkale,Ezine,Ege,39.818998,26.160008,2024-09-07T06:00:00.000Z,23.6,,turkiye.gov.tr,1
17433,GÖKÇEADA UĞURLU LİMAN FENERİ,Çanakkale,Gökçeada,Ege,40.1153,25.6989,2024-09-07T06:00:00.000Z,26.6,,turkiye.gov.tr,1
17434,EZİNE YENİKÖY BAL.BAR. ANA MENDİREK FENERİ,Çanakkale,Ezine,Ege,39.9447,26.1611,2024-09-07T06:00:00.000Z,23.8,,turkiye.gov.tr,1
17436,ENEZ TALİ MENDİREK FENERİ,Edirne,Enez,Ege,40.698218,26.051263,2024-09-07T06:00:00.000Z,26.7,,turkiye.gov.tr,1
17437,TUZLA AYDINLI LİMAN FENERİ,İstanbul,Tuzla,Marmara,40.850611,29.271174,2024-09-07T06:00:00.000Z,27.3,,turkiye.gov.tr,1
17438,SİLİVRİ ANA MENDİREK FENERİ,İstanbul,Silivri,Marmara,41.072866,28.238398,2024-09-07T06:00:00.000Z,26.3,,turkiye.gov.tr,1
17439,FOÇA/AZAPLAR (VENEDİK) KAYALIĞI FENERİ,İzmir,Foça,Ege,38.616562,26.744274,2024-09-07T06:00:00.000Z,26.2,,turkiye.gov.tr,1
17442,KONAK/İZMİR PASAPORT MENDİREK FENERİ,İzmir,Konak,Ege,38.429236,27.131698,2024-09-07T06:00:00.000Z,28.2,,turkiye.gov.tr,1
17443,ÇEŞME/KALE YERİ SIĞ.(DÖKÜNTÜTAŞI) FENERİ,İzmir,Çeşme,Ege,38.329226,26.267881,2024-09-07T06:00:00.000Z,26.3,,turkiye.gov.tr,1
17445,CİDE KUZEY MENDİREK FENERİ,Kastamonu,Cide,Karadeniz,41.9006,32.9778,2024-09-07T06:00:00.000Z,24.9,,turkiye.gov.tr,1
17447,VİZE/MİDYE KIYIKÖY BATI MENDİREK FENERİ (ANA),Kırklareli,Vize,Karadeniz,41.630847,28.101353,2024-09-07T06:00:00.000Z,24.4,,turkiye.gov.tr,1
17448,TUZLA İTÜ GÜNEY MENDİREK FENERİ,İstanbul,Tuzla,Marmara,40.811828,29.297373,2024-09-07T06:00:00.000Z,25.4,,turkiye.gov.tr,1
17449,KANDIRA/KEFKEN ADASI DOĞU MENDİREK FENERİ,Kocaeli,Kandıra,Karadeniz,41.211869,30.260694,2024-09-07T06:00:00.000Z,27.0,,turkiye.gov.tr,1
17450,BODRUM YALIKAVAK GEMİTAŞI FENERİ,Muğla,Bodrum,Ege,37.150133,27.263333,2024-09-07T06:00:00.000Z,23.0,,turkiye.gov.tr,1
17452,YALOVA SAMANLIDERE TALİ (DOĞU) MENDİREK FENERİ,Yalova,Merkez,Marmara,40.660597,29.246969,2024-09-07T06:00:00.000Z,28.3,,turkiye.gov.tr,1
17453,ZONGULDAK GÜNEY MENDİREK FENERİ,Zonguldak,Merkez,Karadeniz,41.458611,31.779166,2024-09-07T06:00:00.000Z,27.1,,turkiye.gov.tr,1
17454,FATİH/KUMKAPI FENERİ,İstanbul,Fatih,Marmara,41.000994,28.965432,2024-09-07T06:00:00.000Z,26.2,,turkiye.gov.tr,1
17464,TRABZON LİMANI ANA MENDİREK FENERİ,Trabzon,Ortahisar,Karadeniz,41.006776,39.750108,2024-09-07T06:00:00.000Z,25.4,,turkiye.gov.tr,1
17465,ARAKLI BALIKÇI BARINAĞI TALİ MENDİREK FENERİ,Trabzon,Araklı,Karadeniz,40.945081,40.053776,2024-09-07T06:00:00.000Z,24.2,,turkiye.gov.tr,1
17466,ÇAYELİ BALIKÇI BARINAĞI TALİ MENDİREK FENERİ,Rize,Çayeli,Karadeniz,41.090095,40.722557,2024-09-07T06:00:00.000Z,22.3,,turkiye.gov.tr,1
17467,HOPA ANA MENDİREK FENERİ,Artvin,Hopa,Karadeniz,41.420291,41.429843,2024-09-07T06:00:00.000Z,27.5,,turkiye.gov.tr,1
17470,İNCEBURUN (YILDIZADASI) MARMARİS FENERİ,Muğla,Marmaris,Akdeniz,36.813936,28.265907,2024-09-07T06:00:00.000Z,27.6,,turkiye.gov.tr,1
17475,KEMER SIĞLIK FENERİ,Antalya,Kemer,Akdeniz,36.612395,30.574242,2024-09-07T06:00:00.000Z,29.8,,turkiye.gov.tr,1
17477,ALANYA YENİ YAT LİMAN ANA MENDİREK FENERİ,Antalya,Alanya,Akdeniz,36.557404,31.951419,2024-09-07T06:00:00.000Z,30.8,,turkiye.gov.tr,1
17479,SİLİFKE/TAŞUCU SEKA ANA MENDİREK FENERİ,Mersin,Silifke,Akdeniz,36.309162,33.889845,2024-09-07T06:00:00.000Z,29.0,,turkiye.gov.tr,1
17480,KARATAŞ BALIKÇI BARINAĞI TALİ MENDİREK FENERİ,Adana,Karataş,Akdeniz,36.557986,35.383499,2024-09-07T06:00:00.000Z,31.3,,turkiye.gov.tr,1
17482,VAN LİMAN,Van,Tuşba,Van Gölü,38.51486,43.307362,2024-09-07T06:00:00.000Z,23.0,,turkiye.gov.tr,1
17483,TATVAN LİMAN,Bitlis,Tatvan,Van Gölü,38.512592,42.302103,2024-09-07T06:00:00.000Z,26.4,,turkiye.gov.tr,1
17484,ADİLCEVAZ LİMAN,Bitlis,Adilcevaz,Van Gölü,38.797236,42.729931,2024-09-07T06:00:00.000Z,23.4,,turkiye.gov.tr,1
17489,MUDANYA/GÜZELYALI BALIKÇI BARINAĞI,Bursa,Mudanya,Marmara,40.35612,28.934036,2024-09-07T06:00:00.000Z,24.3,,turkiye.gov.tr,1
17491,GEVAŞ AKDAMAR FENERİ,Van,Gevaş,Van Gölü,38.309988,43.041398,2024-09-07T06:00:00.000Z,24.8,,turkiye.gov.tr,1
17479,SİLİFKE/TAŞUCU SEKA ANA MENDİREK FENERİ,Mersin,Silifke,Akdeniz,36.309162,33.889845,2024-09-09T02:53:00.000Z,28.8,,mgm,0
17015,AKÇAKOCA,Düzce,Akçakoca,Karadeniz,41.089528,31.143039,2024-09-09T06:00:00.000Z,26.0,,mgm,0
17026,SİNOP,Sinop,Merkez,Karadeniz,42.029821,35.154286,2024-09-09T06:00:00.000Z,25.9,,mgm,0
17030,SAMSUN BÖLGE,Samsun,Atakum,Karadeniz,41.344286,36.255794,2024-09-09T06:00:00.000Z,26.9,,mgm,0
17033,ORDU,Ordu,Altınordu,Karadeniz,40.983833,37.885833,2024-09-09T06:00:00.000Z,24.8,,mgm,0
17034,GİRESUN,Giresun,Merkez,Karadeniz,40.922667,38.387833,2024-09-09T06:00:00.000Z,25.0,,mgm,0
17038,TRABZON HAVALİMANI,Trabzon,Ortahisar,Karadeniz,40.999133,39.779248,2024-09-09T06:00:00.000Z,24.4,,mgm,0
17040,RİZE,Rize,Merkez,Karadeniz,41.04,40.501333,2024-09-09T06:00:00.000Z,24.8,,mgm,0
17042,HOPA,Artvin,Hopa,Karadeniz,41.4065,41.433,2024-09-09T06:00:00.000Z,27.1,,mgm,0
17044,RİZE ARTVİN HAVALİMANI,Rize,Pazar,Karadeniz,41.177687,40.835223,2024-09-09T06:00:00.000Z,25.9,,mgm,0
17056,TEKİRDAĞ,Tekirdağ,Süleymanpaşa,Marmara,40.957959,27.496181,2024-09-09T06:00:00.000Z,25.3,,mgm,0
17112,ÇANAKKALE,Çanakkale,Merkez,Marmara,40.141428,26.399616,2024-09-09T06:00:00.000Z,25.3,,mgm,0
17175,AYVALIK,Balıkesir,Ayvalık,Ege,39.311292,26.686445,2024-09-09T06:00:00.000Z,25.2,,mgm,0
17180,DİKİLİ,İzmir,Dikili,Ege,39.073861,26.888093,2024-09-09T06:00:00.000Z,20.8,,mgm,0
17220,İZMİR BÖLGE,İzmir,Konak,Ege,38.3945,27.0821,2024-09-09T06:00:00.000Z,27.7,,mgm,0
17221,ÇEŞME,İzmir,Çeşme,Ege,38.303858,26.372882,2024-09-09T06:00:00.000Z,25.8,,mgm,0
17232,KUŞADASI,Aydın,Kuşadası,Ege,37.859636,27.265115,2024-09-09T06:00:00.000Z,25.5,,mgm,0
17290,BODRUM,Muğla,Bodrum,Ege,37.032611,27.439801,2024-09-09T06:00:00.000Z,25.8,,mgm,0
17296,FETHİYE,Muğla,Fethiye,Akdeniz,36.626611,29.123804,2024-09-09T06:00:00.000Z,29.7,,mgm,0
17297,DATÇA,Muğla,Datça,Ege,36.707945,27.691918,2024-09-09T06:00:00.000Z,24.5,,mgm,0
17298,MARMARİS,Muğla,Marmaris,Akdeniz,36.83926,28.244995,2024-09-09T06:00:00.000Z,27.5,,mgm,0
17302,ANTALYA BÖLGE,Antalya,Muratpaşa,Akdeniz,36.885073,30.682793,2024-09-09T06:00:00.000Z,29.6,,mgm,0
17310,ALANYA,Antalya,Alanya,Akdeniz,36.54999,31.979822,2024-09-09T06:00:00.000Z,29.8,,mgm,0
17320,ANAMUR,Mersin,Anamur,Akdeniz,36.068614,32.864876,2024-09-09T06:00:00.000Z,29.6,,mgm,0
17340,MERSİN,Mersin,Yenişehir,Akdeniz,36.780904,34.603125,2024-09-09T06:00:00.000Z,30.5,,mgm,0
17370,İSKENDERUN,Hatay,İskenderun,Akdeniz,36.592358,36.158158,2024-09-09T06:00:00.000Z,30.6,,mgm,0
17375,FİNİKE,Antalya,Finike,Akdeniz,36.3024,30.1458,2024-09-09T06:00:00.000Z,29.0,,mgm,0
17380,KAŞ,Antalya,Kaş,Akdeniz,36.200579,29.649995,2024-09-09T06:00:00.000Z,29.6,,mgm,0
17491,GEVAŞ AKDAMAR FENERİ,Van,Gevaş,Van Gölü,38.309988,43.041398,2024-09-09T06:12:00.000Z,23.8,,mgm,0
17391,SAMSUN ŞAMANDIRA,Samsun,Çarşamba,Karadeniz,41.436283,36.557767,2024-09-09T07:30:00.000Z,26.8,,mgm,0
17423,MARMARA BARINAK ANA MENDİREK FENERİ,Balıkesir,Marmara,Marmara,40.583839,27.560849,2024-09-09T08:17:00.000Z,26.3,,mgm,0
17443,ÇEŞME/KALE YERİ SIĞ.(DÖKÜNTÜTAŞI) FENERİ,İzmir,Çeşme,Ege,38.329226,26.267881,2024-09-09T08:17:00.000Z,26.0,,mgm,0
17381,KUŞADASI 3. NOLU ŞAMANDIRA,Aydın,Kuşadası,Ege,37.8458,27.2194,2024-09-09T08:18:00.000Z,25.7,,mgm,0
17383,NARLIDERE/İZMİR KÖRFEZİ A NOKTASI IŞIKLI ŞAMANDIRA,İzmir,Narlıdere,Ege,38.421203,26.917843,2024-09-09T08:18:00.000Z,27.2,,mgm,0
17384,URLA/KUBİLAY SIĞLIĞI IŞIKLI ŞAMANDIRA,İzmir,Urla,Ege,38.4467,26.7175,2024-09-09T08:18:00.000Z,25.4,,mgm,0
17387,GİRESUN PALAMUT KAYALIĞI MAHMUZ FENERİ,Giresun,Merkez,Karadeniz,40.9182,38.3783,2024-09-09T08:18:00.000Z,27.2,,mgm,0
17421,AYVALIK KANAL SANCAK A FENERİ,Balıkesir,Ayvalık,Ege,39.323394,26.640546,2024-09-09T08:18:00.000Z,26.0,,mgm,0
17422,BANDIRMA KUZEY MENDİREK FENERİ,Balıkesir,Bandırma,Marmara,40.358554,27.958451,2024-09-09T08:18:00.000Z,25.8,,mgm,0
17424,MARMARA/SARAYLAR KÖYÜ BARINAK (SANDAL BASENİ) FENERİ,Balıkesir,Marmara,Marmara,40.657488,27.662533,2024-09-09T08:18:00.000Z,25.9,,mgm,0
17426,BARTIN GÜNEY MENDİREK FENERİ,Bartın,Merkez,Karadeniz,41.6864,32.2261,2024-09-09T08:18:00.000Z,26.3,,mgm,0
17427,BOZCAADA LİMAN GİRİŞİ GÜNEY MENDİREK FENERİ,Çanakkale,Bozcaada,Ege,39.8341,26.0748,2024-09-09T08:18:00.000Z,23.0,,mgm,0
17428,AYVACIK/GÜLPINAR ANA MENDİREK FENERİ,Çanakkale,Ayvacık,Ege,39.5658,26.0967,2024-09-09T08:18:00.000Z,22.4,,mgm,0
17429,ECEABAT/KABATEPE GÜNEY MENDİREK FENERİ,Çanakkale,Eceabat,Ege,40.2019,26.2669,2024-09-09T08:18:00.000Z,25.0,,mgm,0
17430,GÖKÇEADA KALEKÖY ANA MENDİREK FENERİ,Çanakkale,Gökçeada,Ege,40.2317,25.8914,2024-09-09T08:18:00.000Z,26.2,,mgm,0
17431,BİGA/KARABİGA BAR. (B) NOKTASI GÜNEY MEN. FENERİ,Çanakkale,Biga,Marmara,40.399583,27.305591,2024-09-09T08:18:00.000Z,26.0,,mgm,0
17432,EZİNE/GEYİKLİ ODUNLUK İSKELE FENERİ,Çanakkale,Ezine,Ege,39.818998,26.160008,2024-09-09T08:18:00.000Z,22.0,,mgm,0
17433,GÖKÇEADA UĞURLU LİMAN FENERİ,Çanakkale,Gökçeada,Ege,40.1153,25.6989,2024-09-09T08:18:00.000Z,25.9,,mgm,0
17434,EZİNE YENİKÖY BAL.BAR. ANA MENDİREK FENERİ,Çanakkale,Ezine,Ege,39.9447,26.1611,2024-09-09T08:18:00.000Z,21.2,,mgm,0
17436,ENEZ TALİ MENDİREK FENERİ,Edirne,Enez,Ege,40.698218,26.051263,2024-09-09T08:18:00.000Z,24.4,,mgm,0
17437,TUZLA AYDINLI LİMAN FENERİ,İstanbul,Tuzla,Marmara,40.850611,29.271174,2024-09-09T08:18:00.000Z,27.0,,mgm,0
17438,SİLİVRİ ANA MENDİREK FENERİ,İstanbul,Silivri,Marmara,41.072866,28.238398,2024-09-09T08:18:00.000Z,25.8,,mgm,0
17439,FOÇA/AZAPLAR (VENEDİK) KAYALIĞI FENERİ,İzmir,Foça,Ege,38.616562,26.744274,2024-09-09T08:18:00.000Z,25.3,,mgm,0
17442,KONAK/İZMİR PASAPORT MENDİREK FENERİ,İzmir,Konak,Ege,38.429236,27.131698,2024-09-09T08:18:00.000Z,27.5,,mgm,0
17445,CİDE KUZEY MENDİREK FENERİ,Kastamonu,Cide,Karadeniz,41.9006,32.9778,2024-09-09T08:18:00.000Z,25.9,,mgm,0
17447,VİZE/MİDYE KIYIKÖY BATI MENDİREK FENERİ (ANA),Kırklareli,Vize,Karadeniz,41.630847,28.101353,2024-09-09T08:18:00.000Z,23.6,,mgm,0
17448,TUZLA İTÜ GÜNEY MENDİREK FENERİ,İstanbul,Tuzla,Marmara,40.811828,29.297373,2024-09-09T08:18:00.000Z,24.8,,mgm,0
17449,KANDIRA/KEFKEN ADASI DOĞU MENDİREK FENERİ,Kocaeli,Kandıra,Karadeniz,41.211869,30.260694,2024-09-09T08:18:00.000Z,26.2,,mgm,0
17452,YALOVA SAMANLIDERE TALİ (DOĞU) MENDİREK FENERİ,Yalova,Merkez,Marmara,40.660597,29.246969,2024-09-09T08:18:00.000Z,27.9,,mgm,0
17453,ZONGULDAK GÜNEY MENDİREK FENERİ,Zonguldak,Merkez,Karadeniz,41.458611,31.779166,2024-09-09T08:18:00.000Z,26.6,,mgm,0
17454,FATİH/KUMKAPI FENERİ,İstanbul,Fatih,Marmara,41.000994,28.965432,2024-09-09T08:18:00.000Z,26.4,,mgm,0
17465,ARAKLI BALIKÇI BARINAĞI TALİ MENDİREK FENERİ,Trabzon,Araklı,Karadeniz,40.945081,40.053776,2024-09-09T08:18:00.000Z,23.9,,mgm,0
17467,HOPA ANA MENDİREK FENERİ,Artvin,Hopa,Karadeniz,41.420291,41.429843,2024-09-09T08:18:00.000Z,27.3,,mgm,0
17470,İNCEBURUN (YILDIZADASI) MARMARİS FENERİ,Muğla,Marmaris,Akdeniz,36.813936,28.265907,2024-09-09T08:18:00.000Z,26.7,,mgm,0
17475,KEMER SIĞLIK FENERİ,Antalya,Kemer,Akdeniz,36.612395,30.574242,2024-09-09T08:18:00.000Z,30.1,,mgm,0
17477,ALANYA YENİ YAT LİMAN ANA MENDİREK FENERİ,Antalya,Alanya,Akdeniz,36.557404,31.951419,2024-09-09T08:18:00.000Z,31.8,,mgm,0
17482,VAN LİMAN,Van,Tuşba,Van Gölü,38.51486,43.307362,2024-09-09T08:18:00.000Z,22.7,,mgm,0
17483,TATVAN LİMAN,Bitlis,Tatvan,Van Gölü,38.512592,42.302103,2024-09-09T08:18:00.000Z,24.9,,mgm,0
17490,ERDEMLİ DENİZ BİLİMLERİ ENSTİTÜSÜ,Mersin,Erdemli,Akdeniz,36.563333,34.255,2024-09-09T08:18:00.000Z,30.0,,mgm,0
17386,BODRUM KARAADA SIĞLIK IŞIKLI ŞAMANDIRA,Muğla,Bodrum,Ege,37.0081,27.4142,2024-09-09T08:19:00.000Z,26.4,,mgm,0
17450,BODRUM YALIKAVAK GEMİTAŞI FENERİ,Muğla,Bodrum,Ege,37.150133,27.263333,2024-09-09T08:19:00.000Z,22.9,,mgm,0
17466,ÇAYELİ BALIKÇI BARINAĞI TALİ MENDİREK FENERİ,Rize,Çayeli,Karadeniz,41.090095,40.722557,2024-09-09T08:19:00.000Z,21.8,,mgm,0
17480,KARATAŞ BALIKÇI BARINAĞI TALİ MENDİREK FENERİ,Adana,Karataş,Akdeniz,36.557986,35.383499,2024-09-09T08:19:00.000Z,30.7,,mgm,0
17484,ADİLCEVAZ LİMAN,Bitlis,Adilcevaz,Van Gölü,38.797236,42.729931,2024-09-09T08:19:00.000Z,22.8,,mgm,0
17489,MUDANYA/GÜZELYALI BALIKÇI BARINAĞI,Bursa,Mudanya,Marmara,40.35612,28.934036,2024-09-09T08:19:00.000Z,23.8,,mgm,0
17464,TRABZON LİMANI ANA MENDİREK FENERİ,Trabzon,Ortahisar,Karadeniz,41.006776,39.750108,2024-09-09T08:20:00.000Z,25.0,,mgm,0
17015,AKÇAKOCA,Düzce,Akçakoca,Karadeniz,41.089528,31.143039,2024-10-05T06:00:00.000Z,22.0,,mgm,0
17026,SİNOP,Sinop,Merkez,Karadeniz,42.029821,35.154286,2024-10-05T06:00:00.000Z,23.3,,mgm,0
17030,SAMSUN BÖLGE,Samsun,Atakum,Karadeniz,41.344286,36.255794,2024-10-05T06:00:00.000Z,23.6,,mgm,0
17033,ORDU,Ordu,Altınordu,Karadeniz,40.983833,37.885833,2024-10-05T06:00:00.000Z,23.4,,mgm,0
17034,GİRESUN,Giresun,Merkez,Karadeniz,40.922667,38.387833,2024-10-05T06:00:00.000Z,22.8,,mgm,0
17038,TRABZON HAVALİMANI,Trabzon,Ortahisar,Karadeniz,40.999133,39.779248,2024-10-05T06:00:00.000Z,21.1,,mgm,0
17040,RİZE,Rize,Merkez,Karadeniz,41.04,40.501333,2024-10-05T06:00:00.000Z,22.2,,mgm,0
17042,HOPA,Artvin,Hopa,Karadeniz,41.4065,41.433,2024-10-05T06:00:00.000Z,24.6,,mgm,0
17044,RİZE ARTVİN HAVALİMANI,Rize,Pazar,Karadeniz,41.177687,40.835223,2024-10-05T06:00:00.000Z,23.6,,mgm,0
17056,TEKİRDAĞ,Tekirdağ,Süleymanpaşa,Marmara,40.957959,27.496181,2024-10-05T06:00:00.000Z,21.6,,mgm,0
17112,ÇANAKKALE,Çanakkale,Merkez,Marmara,40.141428,26.399616,2024-10-05T06:00:00.000Z,21.8,,mgm,0
17175,AYVALIK,Balıkesir,Ayvalık,Ege,39.311292,26.686445,2024-10-05T06:00:00.000Z,22.9,,mgm,0
17180,DİKİLİ,İzmir,Dikili,Ege,39.073861,26.888093,2024-10-05T06:00:00.000Z,24.9,,mgm,0
17220,İZMİR BÖLGE,İzmir,Konak,Ege,38.3945,27.0821,2024-10-05T06:00:00.000Z,24.7,,mgm,0
17221,ÇEŞME,İzmir,Çeşme,Ege,38.303858,26.372882,2024-10-05T06:00:00.000Z,24.0,,mgm,0
17232,KUŞADASI,Aydın,Kuşadası,Ege,37.859636,27.265115,2024-10-05T06:00:00.000Z,24.0,,mgm,0
17290,BODRUM,Muğla,Bodrum,Ege,37.032611,27.439801,2024-10-05T06:00:00.000Z,23.9,,mgm,0
17296,FETHİYE,Muğla,Fethiye,Akdeniz,36.626611,29.123804,2024-10-05T06:00:00.000Z,26.8,,mgm,0
17297,DATÇA,Muğla,Datça,Ege,36.707945,27.691918,2024-10-05T06:00:00.000Z,22.9,,mgm,0
17298,MARMARİS,Muğla,Marmaris,Akdeniz,36.83926,28.244995,2024-10-05T06:00:00.000Z,25.1,,mgm,0
17302,ANTALYA BÖLGE,Antalya,Muratpaşa,Akdeniz,36.885073,30.682793,2024-10-05T06:00:00.000Z,27.1,,mgm,0
17310,ALANYA,Antalya,Alanya,Akdeniz,36.54999,31.979822,2024-10-05T06:00:00.000Z,27.0,,mgm,0
17320,ANAMUR,Mersin,Anamur,Akdeniz,36.068614,32.864876,2024-10-05T06:00:00.000Z,26.3,,mgm,0
17340,MERSİN,Mersin,Yenişehir,Akdeniz,36.780904,34.603125,2024-10-05T06:00:00.000Z,27.2,,mgm,0
17370,İSKENDERUN,Hatay,İskenderun,Akdeniz,36.592358,36.158158,2024-10-05T06:00:00.000Z,26.6,,mgm,0
17375,FİNİKE,Antalya,Finike,Akdeniz,36.3024,30.1458,2024-10-05T06:00:00.000Z,27.0,,mgm,0
17380,KAŞ,Antalya,Kaş,Akdeniz,36.200579,29.649995,2024-10-05T06:00:00.000Z,25.6,,mgm,0
17474,FİNİKE BALIKÇI BARINAĞI ANA MENDİREK FENER,Antalya,Finike,Akdeniz,36.2953,30.1533,2024-10-05T13:24:00.000Z,27.2,,mgm,0
17381,KUŞADASI 3. NOLU ŞAMANDIRA,Aydın,Kuşadası,Ege,37.8458,27.2194,2024-10-05T19:29:00.000Z,24.1,,mgm,0
17383,NARLIDERE/İZMİR KÖRFEZİ A NOKTASI IŞIKLI ŞAMANDIRA,İzmir,Narlıdere,Ege,38.421203,26.917843,2024-10-05T19:29:00.000Z,24.5,,mgm,0
17384,URLA/KUBİLAY SIĞLIĞI IŞIKLI ŞAMANDIRA,İzmir,Urla,Ege,38.4467,26.7175,2024-10-05T19:29:00.000Z,23.9,,mgm,0
17387,GİRESUN PALAMUT KAYALIĞI MAHMUZ FENERİ,Giresun,Merkez,Karadeniz,40.9182,38.3783,2024-10-05T19:29:00.000Z,24.6,,mgm,0
17389,ADALAR ŞAMANDIRA,İstanbul,Adalar,Marmara,40.93278,28.94889,2024-10-05T19:29:00.000Z,22.2,,mgm,0
17421,AYVALIK KANAL SANCAK A FENERİ,Balıkesir,Ayvalık,Ege,39.323394,26.640546,2024-10-05T19:29:00.000Z,24.0,,mgm,0
17422,BANDIRMA KUZEY MENDİREK FENERİ,Balıkesir,Bandırma,Marmara,40.358554,27.958451,2024-10-05T19:29:00.000Z,22.8,,mgm,0
17423,MARMARA BARINAK ANA MENDİREK FENERİ,Balıkesir,Marmara,Marmara,40.583839,27.560849,2024-10-05T19:29:00.000Z,23.2,,mgm,0
17424,MARMARA/SARAYLAR KÖYÜ BARINAK (SANDAL BASENİ) FENERİ,Balıkesir,Marmara,Marmara,40.657488,27.662533,2024-10-05T19:29:00.000Z,23.2,,mgm,0
17426,BARTIN GÜNEY MENDİREK FENERİ,Bartın,Merkez,Karadeniz,41.6864,32.2261,2024-10-05T19:29:00.000Z,22.1,,mgm,0
17427,BOZCAADA LİMAN GİRİŞİ GÜNEY MENDİREK FENERİ,Çanakkale,Bozcaada,Ege,39.8341,26.0748,2024-10-05T19:29:00.000Z,23.4,,mgm,0
17428,AYVACIK/GÜLPINAR ANA MENDİREK FENERİ,Çanakkale,Ayvacık,Ege,39.5658,26.0967,2024-10-05T19:29:00.000Z,22.6,,mgm,0
17429,ECEABAT/KABATEPE GÜNEY MENDİREK FENERİ,Çanakkale,Eceabat,Ege,40.2019,26.2669,2024-10-05T19:29:00.000Z,23.2,,mgm,0
17430,GÖKÇEADA KALEKÖY ANA MENDİREK FENERİ,Çanakkale,Gökçeada,Ege,40.2317,25.8914,2024-10-05T19:29:00.000Z,23.7,,mgm,0
17431,BİGA/KARABİGA BAR. (B) NOKTASI GÜNEY MEN. FENERİ,Çanakkale,Biga,Marmara,40.399583,27.305591,2024-10-05T19:29:00.000Z,23.4,,mgm,0
17432,EZİNE/GEYİKLİ ODUNLUK İSKELE FENERİ,Çanakkale,Ezine,Ege,39.818998,26.160008,2024-10-05T19:29:00.000Z,22.6,,mgm,0
17434,EZİNE YENİKÖY BAL.BAR. ANA MENDİREK FENERİ,Çanakkale,Ezine,Ege,39.9447,26.1611,2024-10-05T19:29:00.000Z,22.9,,mgm,0
17436,ENEZ TALİ MENDİREK FENERİ,Edirne,Enez,Ege,40.698218,26.051263,2024-10-05T19:29:00.000Z,23.5,,mgm,0
17437,TUZLA AYDINLI LİMAN FENERİ,İstanbul,Tuzla,Marmara,40.850611,29.271174,2024-10-05T19:29:00.000Z,24.3,,mgm,0
17438,SİLİVRİ ANA MENDİREK FENERİ,İstanbul,Silivri,Marmara,41.072866,28.238398,2024-10-05T19:29:00.000Z,23.2,,mgm,0
17439,FOÇA/AZAPLAR (VENEDİK) KAYALIĞI FENERİ,İzmir,Foça,Ege,38.616562,26.744274,2024-10-05T19:29:00.000Z,23.8,,mgm,0
17442,KONAK/İZMİR PASAPORT MENDİREK FENERİ,İzmir,Konak,Ege,38.429236,27.131698,2024-10-05T19:29:00.000Z,25.0,,mgm,0
17443,ÇEŞME/KALE YERİ SIĞ.(DÖKÜNTÜTAŞI) FENERİ,İzmir,Çeşme,Ege,38.329226,26.267881,2024-10-05T19:29:00.000Z,25.0,,mgm,0
17445,CİDE KUZEY MENDİREK FENERİ,Kastamonu,Cide,Karadeniz,41.9006,32.9778,2024-10-05T19:29:00.000Z,23.0,,mgm,0
17447,VİZE/MİDYE KIYIKÖY BATI MENDİREK FENERİ (ANA),Kırklareli,Vize,Karadeniz,41.630847,28.101353,2024-10-05T19:29:00.000Z,22.8,,mgm,0
17448,TUZLA İTÜ GÜNEY MENDİREK FENERİ,İstanbul,Tuzla,Marmara,40.811828,29.297373,2024-10-05T19:29:00.000Z,22.5,,mgm,0
17449,KANDIRA/KEFKEN ADASI DOĞU MENDİREK FENERİ,Kocaeli,Kandıra,Karadeniz,41.211869,30.260694,2024-10-05T19:29:00.000Z,23.1,,mgm,0
17452,YALOVA SAMANLIDERE TALİ (DOĞU) MENDİREK FENERİ,Yalova,Merkez,Marmara,40.660597,29.246969,2024-10-05T19:29:00.000Z,25.4,,mgm,0
17453,ZONGULDAK GÜNEY MENDİREK FENERİ,Zonguldak,Merkez,Karadeniz,41.458611,31.779166,2024-10-05T19:29:00.000Z,22.1,,mgm,0
17454,FATİH/KUMKAPI FENERİ,İstanbul,Fatih,Marmara,41.000994,28.965432,2024-10-05T19:29:00.000Z,23.0,,mgm,0
17467,HOPA ANA MENDİREK FENERİ,Artvin,Hopa,Karadeniz,41.420291,41.429843,2024-10-05T19:29:00.000Z,24.3,,mgm,0
17470,İNCEBURUN (YILDIZADASI) MARMARİS FENERİ,Muğla,Marmaris,Akdeniz,36.813936,28.265907,2024-10-05T19:29:00.000Z,25.0,,mgm,0
17491,GEVAŞ AKDAMAR FENERİ,Van,Gevaş,Van Gölü,38.309988,43.041398,2024-10-05T19:29:00.000Z,19.2,,mgm,0
17495,ARHAVİ BALIKÇI BARINAĞI TALİ MENDİREK FENERİ,Artvin,Arhavi,Karadeniz,41.351192,41.293756,2024-10-05T19:29:00.000Z,24.6,,mgm,0
17386,BODRUM KARAADA SIĞLIK IŞIKLI ŞAMANDIRA,Muğla,Bodrum,Ege,37.0081,27.4142,2024-10-05T19:30:00.000Z,24.0,,mgm,0
17460,ÜNYE BALIKÇI BARINAĞI ANA MENDİREK FENERİ,Ordu,Ünye,Karadeniz,41.116448,37.348722,2024-10-05T19:30:00.000Z,23.3,,mgm,0
17465,ARAKLI BALIKÇI BARINAĞI TALİ MENDİREK FENERİ,Trabzon,Araklı,Karadeniz,40.945081,40.053776,2024-10-05T19:30:00.000Z,20.8,,mgm,0
17475,KEMER SIĞLIK FENERİ,Antalya,Kemer,Akdeniz,36.612395,30.574242,2024-10-05T19:30:00.000Z,27.4,,mgm,0
17479,SİLİFKE/TAŞUCU SEKA ANA MENDİREK FENERİ,Mersin,Silifke,Akdeniz,36.309162,33.889845,2024-10-05T19:30:00.000Z,26.3,,mgm,0
17482,VAN LİMAN,Van,Tuşba,Van Gölü,38.51486,43.307362,2024-10-05T19:30:00.000Z,18.5,,mgm,0
17483,TATVAN LİMAN,Bitlis,Tatvan,Van Gölü,38.512592,42.302103,2024-10-05T19:30:00.000Z,17.7,,mgm,0
17484,ADİLCEVAZ LİMAN,Bitlis,Adilcevaz,Van Gölü,38.797236,42.729931,2024-10-05T19:30:00.000Z,18.7,,mgm,0
17489,MUDANYA/GÜZELYALI BALIKÇI BARINAĞI,Bursa,Mudanya,Marmara,40.35612,28.934036,2024-10-05T19:30:00.000Z,21.3,,mgm,0
17450,BODRUM YALIKAVAK GEMİTAŞI FENERİ,Muğla,Bodrum,Ege,37.150133,27.263333,2024-10-05T19:31:00.000Z,20.8,,mgm,0
17464,TRABZON LİMANI ANA MENDİREK FENERİ,Trabzon,Ortahisar,Karadeniz,41.006776,39.750108,2024-10-05T19:31:00.000Z,21.6,,mgm,0
17466,ÇAYELİ BALIKÇI BARINAĞI TALİ MENDİREK FENERİ,Rize,Çayeli,Karadeniz,41.090095,40.722557,2024-10-05T19:31:00.000Z,19.5,,mgm,0
17480,KARATAŞ BALIKÇI BARINAĞI TALİ MENDİREK FENERİ,Adana,Karataş,Akdeniz,36.557986,35.383499,2024-10-05T19:31:00.000Z,27.0,,mgm,0
17015,AKÇAKOCA,Düzce,Akçakoca,Karadeniz,41.089528,31.143039,2024-12-02T06:00:00.000Z,11.4,,mgm,0
17024,İNEBOLU,Kastamonu,İnebolu,Karadeniz,41.978937,33.762945,2024-12-02T06:00:00.000Z,15.0,,mgm,0
17026,SİNOP,Sinop,Merkez,Karadeniz,42.029821,35.154286,2024-12-02T06:00:00.000Z,15.3,,mgm,0
17030,SAMSUN BÖLGE,Samsun,Atakum,Karadeniz,41.344286,36.255794,2024-12-02T06:00:00.000Z,15.0,,mgm,0
17033,ORDU,Ordu,Altınordu,Karadeniz,40.983833,37.885833,2024-12-02T06:00:00.000Z,12.9,,mgm,0
17034,GİRESUN,Giresun,Merkez,Karadeniz,40.922667,38.387833,2024-12-02T06:00:00.000Z,13.9,,mgm,0
17038,TRABZON HAVALİMANI,Trabzon,Ortahisar,Karadeniz,40.999133,39.779248,2024-12-02T06:00:00.000Z,12.5,,mgm,0
17040,RİZE,Rize,Merkez,Karadeniz,41.04,40.501333,2024-12-02T06:00:00.000Z,14.0,,mgm,0
17042,HOPA,Artvin,Hopa,Karadeniz,41.4065,41.433,2024-12-02T06:00:00.000Z,15.1,,mgm,0
17056,TEKİRDAĞ,Tekirdağ,Süleymanpaşa,Marmara,40.957959,27.496181,2024-12-02T06:00:00.000Z,13.6,,mgm,0
17112,ÇANAKKALE,Çanakkale,Merkez,Marmara,40.141428,26.399616,2024-12-02T06:00:00.000Z,13.8,,mgm,0
17175,AYVALIK,Balıkesir,Ayvalık,Ege,39.311292,26.686445,2024-12-02T06:00:00.000Z,17.9,,mgm,0
17180,DİKİLİ,İzmir,Dikili,Ege,39.073861,26.888093,2024-12-02T06:00:00.000Z,17.8,,mgm,0
17221,ÇEŞME,İzmir,Çeşme,Ege,38.303858,26.372882,2024-12-02T06:00:00.000Z,18.4,,mgm,0
17232,KUŞADASI,Aydın,Kuşadası,Ege,37.859636,27.265115,2024-12-02T06:00:00.000Z,19.4,,mgm,0
17290,BODRUM,Muğla,Bodrum,Ege,37.032611,27.439801,2024-12-02T06:00:00.000Z,20.8,,mgm,0
17296,FETHİYE,Muğla,Fethiye,Akdeniz,36.626611,29.123804,2024-12-02T06:00:00.000Z,21.1,,mgm,0
17298,MARMARİS,Muğla,Marmaris,Akdeniz,36.83926,28.244995,2024-12-02T06:00:00.000Z,21.3,,mgm,0
17302,ANTALYA BÖLGE,Antalya,Muratpaşa,Akdeniz,36.885073,30.682793,2024-12-02T06:00:00.000Z,21.9,,mgm,0
17310,ALANYA,Antalya,Alanya,Akdeniz,36.54999,31.979822,2024-12-02T06:00:00.000Z,21.4,,mgm,0
17320,ANAMUR,Mersin,Anamur,Akdeniz,36.068614,32.864876,2024-12-02T06:00:00.000Z,20.4,,mgm,0
17340,MERSİN,Mersin,Yenişehir,Akdeniz,36.780904,34.603125,2024-12-02T06:00:00.000Z,18.6,,mgm,0
17370,İSKENDERUN,Hatay,İskenderun,Akdeniz,36.592358,36.158158,2024-12-02T06:00:00.000Z,22.0,,mgm,0
17375,FİNİKE,Antalya,Finike,Akdeniz,36.3024,30.1458,2024-12-02T06:00:00.000Z,21.6,,mgm,0
17380,KAŞ,Antalya,Kaş,Akdeniz,36.200579,29.649995,2024-12-02T06:00:00.000Z,20.5,,mgm,0
17434,EZİNE YENİKÖY BAL.BAR. ANA MENDİREK FENERİ,Çanakkale,Ezine,Ege,39.9447,26.1611,2024-12-02T14:11:00.000Z,16.7,,mgm,0
17431,BİGA/KARABİGA BAR. (B) NOKTASI GÜNEY MEN. FENERİ,Çanakkale,Biga,Marmara,40.399583,27.305591,2024-12-02T14:41:00.000Z,12.9,,mgm,0
17447,VİZE/MİDYE KIYIKÖY BATI MENDİREK FENERİ (ANA),Kırklareli,Vize,Karadeniz,41.630847,28.101353,2024-12-02T15:30:00.000Z,15.4,,mgm,0
17429,ECEABAT/KABATEPE GÜNEY MENDİREK FENERİ,Çanakkale,Eceabat,Ege,40.2019,26.2669,2024-12-02T17:57:00.000Z,18.5,,mgm,0
17391,SAMSUN ŞAMANDIRA,Samsun,Çarşamba,Karadeniz,41.436283,36.557767,2024-12-03T00:30:00.000Z,13.3,,mgm,0
17381,KUŞADASI 3. NOLU ŞAMANDIRA,Aydın,Kuşadası,Ege,37.8458,27.2194,2024-12-03T00:50:00.000Z,19.4,,mgm,0
17383,NARLIDERE/İZMİR KÖRFEZİ A NOKTASI IŞIKLI ŞAMANDIRA,İzmir,Narlıdere,Ege,38.421203,26.917843,2024-12-03T00:50:00.000Z,17.0,,mgm,0
17384,URLA/KUBİLAY SIĞLIĞI IŞIKLI ŞAMANDIRA,İzmir,Urla,Ege,38.4467,26.7175,2024-12-03T00:50:00.000Z,17.5,,mgm,0
17387,GİRESUN PALAMUT KAYALIĞI MAHMUZ FENERİ,Giresun,Merkez,Karadeniz,40.9182,38.3783,2024-12-03T00:50:00.000Z,14.4,,mgm,0
17421,AYVALIK KANAL SANCAK A FENERİ,Balıkesir,Ayvalık,Ege,39.323394,26.640546,2024-12-03T00:50:00.000Z,17.2,,mgm,0
17423,MARMARA BARINAK ANA MENDİREK FENERİ,Balıkesir,Marmara,Marmara,40.583839,27.560849,2024-12-03T00:50:00.000Z,13.5,,mgm,0
17424,MARMARA/SARAYLAR KÖYÜ BARINAK (SANDAL BASENİ) FENERİ,Balıkesir,Marmara,Marmara,40.657488,27.662533,2024-12-03T00:50:00.000Z,13.8,,mgm,0
17426,BARTIN GÜNEY MENDİREK FENERİ,Bartın,Merkez,Karadeniz,41.6864,32.2261,2024-12-03T00:50:00.000Z,12.8,,mgm,0
17427,BOZCAADA LİMAN GİRİŞİ GÜNEY MENDİREK FENERİ,Çanakkale,Bozcaada,Ege,39.8341,26.0748,2024-12-03T00:50:00.000Z,16.8,,mgm,0
17428,AYVACIK/GÜLPINAR ANA MENDİREK FENERİ,Çanakkale,Ayvacık,Ege,39.5658,26.0967,2024-12-03T00:50:00.000Z,16.2,,mgm,0
17430,GÖKÇEADA KALEKÖY ANA MENDİREK FENERİ,Çanakkale,Gökçeada,Ege,40.2317,25.8914,2024-12-03T00:50:00.000Z,16.5,,mgm,0
17432,EZİNE/GEYİKLİ ODUNLUK İSKELE FENERİ,Çanakkale,Ezine,Ege,39.818998,26.160008,2024-12-03T00:50:00.000Z,16.3,,mgm,0
17436,ENEZ TALİ MENDİREK FENERİ,Edirne,Enez,Ege,40.698218,26.051263,2024-12-03T00:50:00.000Z,13.8,,mgm,0
17437,TUZLA AYDINLI LİMAN FENERİ,İstanbul,Tuzla,Marmara,40.850611,29.271174,2024-12-03T00:50:00.000Z,15.2,,mgm,0
17438,SİLİVRİ ANA MENDİREK FENERİ,İstanbul,Silivri,Marmara,41.072866,28.238398,2024-12-03T00:50:00.000Z,13.0,,mgm,0
17442,KONAK/İZMİR PASAPORT MENDİREK FENERİ,İzmir,Konak,Ege,38.429236,27.131698,2024-12-03T00:50:00.000Z,15.4,,mgm,0
17443,ÇEŞME/KALE YERİ SIĞ.(DÖKÜNTÜTAŞI) FENERİ,İzmir,Çeşme,Ege,38.329226,26.267881,2024-12-03T00:50:00.000Z,18.5,,mgm,0
17445,CİDE KUZEY MENDİREK FENERİ,Kastamonu,Cide,Karadeniz,41.9006,32.9778,2024-12-03T00:50:00.000Z,15.0,,mgm,0
17448,TUZLA İTÜ GÜNEY MENDİREK FENERİ,İstanbul,Tuzla,Marmara,40.811828,29.297373,2024-12-03T00:50:00.000Z,13.3,,mgm,0
17452,YALOVA SAMANLIDERE TALİ (DOĞU) MENDİREK FENERİ,Yalova,Merkez,Marmara,40.660597,29.246969,2024-12-03T00:50:00.000Z,13.5,,mgm,0
17453,ZONGULDAK GÜNEY MENDİREK FENERİ,Zonguldak,Merkez,Karadeniz,41.458611,31.779166,2024-12-03T00:50:00.000Z,13.3,,mgm,0
17454,FATİH/KUMKAPI FENERİ,İstanbul,Fatih,Marmara,41.000994,28.965432,2024-12-03T00:50:00.000Z,13.5,,mgm,0
17467,HOPA ANA MENDİREK FENERİ,Artvin,Hopa,Karadeniz,41.420291,41.429843,2024-12-03T00:50:00.000Z,13.6,,mgm,0
17470,İNCEBURUN (YILDIZADASI) MARMARİS FENERİ,Muğla,Marmaris,Akdeniz,36.813936,28.265907,2024-12-03T00:50:00.000Z,19.5,,mgm,0
17491,GEVAŞ AKDAMAR FENERİ,Van,Gevaş,Van Gölü,38.309988,43.041398,2024-12-03T00:50:00.000Z,9.8,,mgm,0
17492,DİDİM MARİNA FENERİ,Aydın,Didim,Ege,37.3369,27.264,2024-12-03T00:50:00.000Z,19.0,,mgm,0
17495,ARHAVİ BALIKÇI BARINAĞI TALİ MENDİREK FENERİ,Artvin,Arhavi,Karadeniz,41.351192,41.293756,2024-12-03T00:50:00.000Z,8.2,,mgm,0
17497,GELİBOLU SÜTLÜCE LİMANI KURU İSKELE,Çanakkale,Gelibolu,Marmara,40.320952,26.590161,2024-12-03T00:50:00.000Z,13.8,,mgm,0
17386,BODRUM KARAADA SIĞLIK IŞIKLI ŞAMANDIRA,Muğla,Bodrum,Ege,37.0081,27.4142,2024-12-03T00:51:00.000Z,20.7,,mgm,0
17450,BODRUM YALIKAVAK GEMİTAŞI FENERİ,Muğla,Bodrum,Ege,37.150133,27.263333,2024-12-03T00:51:00.000Z,17.3,,mgm,0
17460,ÜNYE BALIKÇI BARINAĞI ANA MENDİREK FENERİ,Ordu,Ünye,Karadeniz,41.116448,37.348722,2024-12-03T00:51:00.000Z,14.3,,mgm,0
17464,TRABZON LİMANI ANA MENDİREK FENERİ,Trabzon,Ortahisar,Karadeniz,41.006776,39.750108,2024-12-03T00:51:00.000Z,11.4,,mgm,0
17465,ARAKLI BALIKÇI BARINAĞI TALİ MENDİREK FENERİ,Trabzon,Araklı,Karadeniz,40.945081,40.053776,2024-12-03T00:51:00.000Z,11.2,,mgm,0
17475,KEMER SIĞLIK FENERİ,Antalya,Kemer,Akdeniz,36.612395,30.574242,2024-12-03T00:51:00.000Z,21.8,,mgm,0
17479,SİLİFKE/TAŞUCU SEKA ANA MENDİREK FENERİ,Mersin,Silifke,Akdeniz,36.309162,33.889845,2024-12-03T00:51:00.000Z,18.8,,mgm,0
17482,VAN LİMAN,Van,Tuşba,Van Gölü,38.51486,43.307362,2024-12-03T00:51:00.000Z,6.6,,mgm,0
17483,TATVAN LİMAN,Bitlis,Tatvan,Van Gölü,38.512592,42.302103,2024-12-03T00:51:00.000Z,6.6,,mgm,0
17484,ADİLCEVAZ LİMAN,Bitlis,Adilcevaz,Van Gölü,38.797236,42.729931,2024-12-03T00:51:00.000Z,9.8,,mgm,0
17480,KARATAŞ BALIKÇI BARINAĞI TALİ MENDİREK FENERİ,Adana,Karataş,Akdeniz,36.557986,35.383499,2024-12-03T00:52:00.000Z,17.8,,mgm,0
17489,MUDANYA/GÜZELYALI BALIKÇI BARINAĞI,Bursa,Mudanya,Marmara,40.35612,28.934036,2024-12-03T00:52:00.000Z,12.9,,mgm,0
17391,SAMSUN ŞAMANDIRA,Samsun,Çarşamba,Karadeniz,41.436283,36.557767,2024-12-07T17:00:00.000Z,13.8,,mgm,0
17015,AKÇAKOCA,Düzce,Akçakoca,Karadeniz,41.089528,31.143039,2024-12-08T06:00:00.000Z,11.4,,mgm,0
17024,İNEBOLU,Kastamonu,İnebolu,Karadeniz,41.978937,33.762945,2024-12-08T06:00:00.000Z,14.6,,mgm,0
17026,SİNOP,Sinop,Merkez,Karadeniz,42.029821,35.154286,2024-12-08T06:00:00.000Z,14.5,,mgm,0
17030,SAMSUN BÖLGE,Samsun,Atakum,Karadeniz,41.344286,36.255794,2024-12-08T06:00:00.000Z,13.0,,mgm,0
17033,ORDU,Ordu,Altınordu,Karadeniz,40.983833,37.885833,2024-12-08T06:00:00.000Z,12.9,,mgm,0
17034,GİRESUN,Giresun,Merkez,Karadeniz,40.922667,38.387833,2024-12-08T06:00:00.000Z,12.6,,mgm,0
17038,TRABZON HAVALİMANI,Trabzon,Ortahisar,Karadeniz,40.999133,39.779248,2024-12-08T06:00:00.000Z,11.7,,mgm,0
17040,RİZE,Rize,Merkez,Karadeniz,41.04,40.501333,2024-12-08T06:00:00.000Z,14.0,,mgm,0
17042,HOPA,Artvin,Hopa,Karadeniz,41.4065,41.433,2024-12-08T06:00:00.000Z,14.3,,mgm,0
17056,TEKİRDAĞ,Tekirdağ,Süleymanpaşa,Marmara,40.957959,27.496181,2024-12-08T06:00:00.000Z,13.0,,mgm,0
17112,ÇANAKKALE,Çanakkale,Merkez,Marmara,40.141428,26.399616,2024-12-08T06:00:00.000Z,13.0,,mgm,0
17175,AYVALIK,Balıkesir,Ayvalık,Ege,39.311292,26.686445,2024-12-08T06:00:00.000Z,17.2,,mgm,0
17180,DİKİLİ,İzmir,Dikili,Ege,39.073861,26.888093,2024-12-08T06:00:00.000Z,17.2,,mgm,0
17220,İZMİR BÖLGE,İzmir,Konak,Ege,38.3945,27.0821,2024-12-08T06:00:00.000Z,14.9,,mgm,0
17221,ÇEŞME,İzmir,Çeşme,Ege,38.303858,26.372882,2024-12-08T06:00:00.000Z,18.2,,mgm,0
17232,KUŞADASI,Aydın,Kuşadası,Ege,37.859636,27.265115,2024-12-08T06:00:00.000Z,19.1,,mgm,0
17290,BODRUM,Muğla,Bodrum,Ege,37.032611,27.439801,2024-12-08T06:00:00.000Z,20.3,,mgm,0
17296,FETHİYE,Muğla,Fethiye,Akdeniz,36.626611,29.123804,2024-12-08T06:00:00.000Z,20.5,,mgm,0
17297,DATÇA,Muğla,Datça,Ege,36.707945,27.691918,2024-12-08T06:00:00.000Z,20.2,,mgm,0
17298,MARMARİS,Muğla,Marmaris,Akdeniz,36.83926,28.244995,2024-12-08T06:00:00.000Z,20.2,,mgm,0
17302,ANTALYA BÖLGE,Antalya,Muratpaşa,Akdeniz,36.885073,30.682793,2024-12-08T06:00:00.000Z,21.4,,mgm,0
17310,ALANYA,Antalya,Alanya,Akdeniz,36.54999,31.979822,2024-12-08T06:00:00.000Z,20.7,,mgm,0
17320,ANAMUR,Mersin,Anamur,Akdeniz,36.068614,32.864876,2024-12-08T06:00:00.000Z,19.8,,mgm,0
17340,MERSİN,Mersin,Yenişehir,Akdeniz,36.780904,34.603125,2024-12-08T06:00:00.000Z,18.0,,mgm,0
17370,İSKENDERUN,Hatay,İskenderun,Akdeniz,36.592358,36.158158,2024-12-08T06:00:00.000Z,17.4,,mgm,0
17375,FİNİKE,Antalya,Finike,Akdeniz,36.3024,30.1458,2024-12-08T06:00:00.000Z,21.1,,mgm,0
17380,KAŞ,Antalya,Kaş,Akdeniz,36.200579,29.649995,2024-12-08T06:00:00.000Z,19.7,,mgm,0
17381,KUŞADASI 3. NOLU ŞAMANDIRA,Aydın,Kuşadası,Ege,37.8458,27.2194,2024-12-08T16:02:00.000Z,19.1,,mgm,0
17383,NARLIDERE/İZMİR KÖRFEZİ A NOKTASI IŞIKLI ŞAMANDIRA,İzmir,Narlıdere,Ege,38.421203,26.917843,2024-12-08T16:02:00.000Z,17.2,,mgm,0
17384,URLA/KUBİLAY SIĞLIĞI IŞIKLI ŞAMANDIRA,İzmir,Urla,Ege,38.4467,26.7175,2024-12-08T16:02:00.000Z,17.1,,mgm,0
17387,GİRESUN PALAMUT KAYALIĞI MAHMUZ FENERİ,Giresun,Merkez,Karadeniz,40.9182,38.3783,2024-12-08T16:02:00.000Z,12.8,,mgm,0
17421,AYVALIK KANAL SANCAK A FENERİ,Balıkesir,Ayvalık,Ege,39.323394,26.640546,2024-12-08T16:02:00.000Z,17.2,,mgm,0
17423,MARMARA BARINAK ANA MENDİREK FENERİ,Balıkesir,Marmara,Marmara,40.583839,27.560849,2024-12-08T16:02:00.000Z,13.8,,mgm,0
17424,MARMARA/SARAYLAR KÖYÜ BARINAK (SANDAL BASENİ) FENERİ,Balıkesir,Marmara,Marmara,40.657488,27.662533,2024-12-08T16:02:00.000Z,13.8,,mgm,0
17426,BARTIN GÜNEY MENDİREK FENERİ,Bartın,Merkez,Karadeniz,41.6864,32.2261,2024-12-08T16:02:00.000Z,13.1,,mgm,0
17427,BOZCAADA LİMAN GİRİŞİ GÜNEY MENDİREK FENERİ,Çanakkale,Bozcaada,Ege,39.8341,26.0748,2024-12-08T16:02:00.000Z,17.5,,mgm,0
17428,AYVACIK/GÜLPINAR ANA MENDİREK FENERİ,Çanakkale,Ayvacık,Ege,39.5658,26.0967,2024-12-08T16:02:00.000Z,16.7,,mgm,0
17429,ECEABAT/KABATEPE GÜNEY MENDİREK FENERİ,Çanakkale,Eceabat,Ege,40.2019,26.2669,2024-12-08T16:02:00.000Z,14.9,,mgm,0
17430,GÖKÇEADA KALEKÖY ANA MENDİREK FENERİ,Çanakkale,Gökçeada,Ege,40.2317,25.8914,2024-12-08T16:02:00.000Z,15.5,,mgm,0
17431,BİGA/KARABİGA BAR. (B) NOKTASI GÜNEY MEN. FENERİ,Çanakkale,Biga,Marmara,40.399583,27.305591,2024-12-08T16:02:00.000Z,13.9,,mgm,0
17432,EZİNE/GEYİKLİ ODUNLUK İSKELE FENERİ,Çanakkale,Ezine,Ege,39.818998,26.160008,2024-12-08T16:02:00.000Z,16.8,,mgm,0
17433,GÖKÇEADA UĞURLU LİMAN FENERİ,Çanakkale,Gökçeada,Ege,40.1153,25.6989,2024-12-08T16:02:00.000Z,14.4,,mgm,0
17434,EZİNE YENİKÖY BAL.BAR. ANA MENDİREK FENERİ,Çanakkale,Ezine,Ege,39.9447,26.1611,2024-12-08T16:02:00.000Z,15.5,,mgm,0
17436,ENEZ TALİ MENDİREK FENERİ,Edirne,Enez,Ege,40.698218,26.051263,2024-12-08T16:02:00.000Z,14.7,,mgm,0
17437,TUZLA AYDINLI LİMAN FENERİ,İstanbul,Tuzla,Marmara,40.850611,29.271174,2024-12-08T16:02:00.000Z,14.9,,mgm,0
17438,SİLİVRİ ANA MENDİREK FENERİ,İstanbul,Silivri,Marmara,41.072866,28.238398,2024-12-08T16:02:00.000Z,13.1,,mgm,0
17442,KONAK/İZMİR PASAPORT MENDİREK FENERİ,İzmir,Konak,Ege,38.429236,27.131698,2024-12-08T16:02:00.000Z,15.1,,mgm,0
17443,ÇEŞME/KALE YERİ SIĞ.(DÖKÜNTÜTAŞI) FENERİ,İzmir,Çeşme,Ege,38.329226,26.267881,2024-12-08T16:02:00.000Z,18.2,,mgm,0
17445,CİDE KUZEY MENDİREK FENERİ,Kastamonu,Cide,Karadeniz,41.9006,32.9778,2024-12-08T16:02:00.000Z,15.4,,mgm,0
17447,VİZE/MİDYE KIYIKÖY BATI MENDİREK FENERİ (ANA),Kırklareli,Vize,Karadeniz,41.630847,28.101353,2024-12-08T16:02:00.000Z,13.2,,mgm,0
17448,TUZLA İTÜ GÜNEY MENDİREK FENERİ,İstanbul,Tuzla,Marmara,40.811828,29.297373,2024-12-08T16:02:00.000Z,13.2,,mgm,0
17452,YALOVA SAMANLIDERE TALİ (DOĞU) MENDİREK FENERİ,Yalova,Merkez,Marmara,40.660597,29.246969,2024-12-08T16:02:00.000Z,13.9,,mgm,0
17453,ZONGULDAK GÜNEY MENDİREK FENERİ,Zonguldak,Merkez,Karadeniz,41.458611,31.779166,2024-12-08T16:02:00.000Z,13.2,,mgm,0
17454,FATİH/KUMKAPI FENERİ,İstanbul,Fatih,Marmara,41.000994,28.965432,2024-12-08T16:02:00.000Z,13.7,,mgm,0
17467,HOPA ANA MENDİREK FENERİ,Artvin,Hopa,Karadeniz,41.420291,41.429843,2024-12-08T16:02:00.000Z,13.5,,mgm,0
17470,İNCEBURUN (YILDIZADASI) MARMARİS FENERİ,Muğla,Marmaris,Akdeniz,36.813936,28.265907,2024-12-08T16:02:00.000Z,19.9,,mgm,0
17491,GEVAŞ AKDAMAR FENERİ,Van,Gevaş,Van Gölü,38.309988,43.041398,2024-12-08T16:02:00.000Z,9.4,,mgm,0
17492,DİDİM MARİNA FENERİ,Aydın,Didim,Ege,37.3369,27.264,2024-12-08T16:02:00.000Z,19.4,,mgm,0
17495,ARHAVİ BALIKÇI BARINAĞI TALİ MENDİREK FENERİ,Artvin,Arhavi,Karadeniz,41.351192,41.293756,2024-12-08T16:02:00.000Z,10.5,,mgm,0
17497,GELİBOLU SÜTLÜCE LİMANI KURU İSKELE,Çanakkale,Gelibolu,Marmara,40.320952,26.590161,2024-12-08T16:02:00.000Z,13.7,,mgm,0
17386,BODRUM KARAADA SIĞLIK IŞIKLI ŞAMANDIRA,Muğla,Bodrum,Ege,37.0081,27.4142,2024-12-08T16:03:00.000Z,20.3,,mgm,0
17450,BODRUM YALIKAVAK GEMİTAŞI FENERİ,Muğla,Bodrum,Ege,37.150133,27.263333,2024-12-08T16:03:00.000Z,17.1,,mgm,0
17460,ÜNYE BALIKÇI BARINAĞI ANA MENDİREK FENERİ,Ordu,Ünye,Karadeniz,41.116448,37.348722,2024-12-08T16:03:00.000Z,13.7,,mgm,0
17464,TRABZON LİMANI ANA MENDİREK FENERİ,Trabzon,Ortahisar,Karadeniz,41.006776,39.750108,2024-12-08T16:03:00.000Z,10.3,,mgm,0
17465,ARAKLI BALIKÇI BARINAĞI TALİ MENDİREK FENERİ,Trabzon,Araklı,Karadeniz,40.945081,40.053776,2024-12-08T16:03:00.000Z,11.6,,mgm,0
17479,SİLİFKE/TAŞUCU SEKA ANA MENDİREK FENERİ,Mersin,Silifke,Akdeniz,36.309162,33.889845,2024-12-08T16:03:00.000Z,17.9,,mgm,0
17482,VAN LİMAN,Van,Tuşba,Van Gölü,38.51486,43.307362,2024-12-08T16:03:00.000Z,7.5,,mgm,0
17483,TATVAN LİMAN,Bitlis,Tatvan,Van Gölü,38.512592,42.302103,2024-12-08T16:03:00.000Z,6.5,,mgm,0
17484,ADİLCEVAZ LİMAN,Bitlis,Adilcevaz,Van Gölü,38.797236,42.729931,2024-12-08T16:03:00.000Z,9.7,,mgm,0
17480,KARATAŞ BALIKÇI BARINAĞI TALİ MENDİREK FENERİ,Adana,Karataş,Akdeniz,36.557986,35.383499,2024-12-08T16:04:00.000Z,16.7,,mgm,0
17489,MUDANYA/GÜZELYALI BALIKÇI BARINAĞI,Bursa,Mudanya,Marmara,40.35612,28.934036,2024-12-08T16:04:00.000Z,12.6,,mgm,0
17015,AKÇAKOCA,Düzce,Akçakoca,Karadeniz,41.089528,31.143039,2024-12-13T06:00:00.000Z,14.4,,turkiye.gov.tr,1
17024,İNEBOLU,Kastamonu,İnebolu,Karadeniz,41.978937,33.762945,2024-12-13T06:00:00.000Z,14.8,,turkiye.gov.tr,1
17026,SİNOP,Sinop,Merkez,Karadeniz,42.029821,35.154286,2024-12-13T06:00:00.000Z,13.1,,turkiye.gov.tr,1
17030,SAMSUN BÖLGE,Samsun,Atakum,Karadeniz,41.344286,36.255794,2024-12-13T06:00:00.000Z,13.3,,turkiye.gov.tr,1
17033,ORDU,Ordu,Altınordu,Karadeniz,40.983833,37.885833,2024-12-13T06:00:00.000Z,12.9,,turkiye.gov.tr,1
17034,GİRESUN,Giresun,Merkez,Karadeniz,40.922667,38.387833,2024-12-13T06:00:00.000Z,11.7,,turkiye.gov.tr,1
17040,RİZE,Rize,Merkez,Karadeniz,41.04,40.501333,2024-12-13T06:00:00.000Z,13.7,,turkiye.gov.tr,1
17042,HOPA,Artvin,Hopa,Karadeniz,41.4065,41.433,2024-12-13T06:00:00.000Z,13.5,,turkiye.gov.tr,1
17056,TEKİRDAĞ,Tekirdağ,Süleymanpaşa,Marmara,40.957959,27.496181,2024-12-13T06:00:00.000Z,13.0,,turkiye.gov.tr,1
17112,ÇANAKKALE,Çanakkale,Merkez,Marmara,40.141428,26.399616,2024-12-13T06:00:00.000Z,12.7,,turkiye.gov.tr,1
17175,AYVALIK,Balıkesir,Ayvalık,Ege,39.311292,26.686445,2024-12-13T06:00:00.000Z,16.8,,turkiye.gov.tr,1
17180,DİKİLİ,İzmir,Dikili,Ege,39.073861,26.888093,2024-12-13T06:00:00.000Z,16.6,,turkiye.gov.tr,1
17220,İZMİR BÖLGE,İzmir,Konak,Ege,38.3945,27.0821,2024-12-13T06:00:00.000Z,15.2,,turkiye.gov.tr,1
17221,ÇEŞME,İzmir,Çeşme,Ege,38.303858,26.372882,2024-12-13T06:00:00.000Z,17.9,,turkiye.gov.tr,1
17232,KUŞADASI,Aydın,Kuşadası,Ege,37.859636,27.265115,2024-12-13T06:00:00.000Z,19.4,,turkiye.gov.tr,1
17290,BODRUM,Muğla,Bodrum,Ege,37.032611,27.439801,2024-12-13T06:00:00.000Z,20.0,,turkiye.gov.tr,1
17296,FETHİYE,Muğla,Fethiye,Akdeniz,36.626611,29.123804,2024-12-13T06:00:00.000Z,20.1,,turkiye.gov.tr,1
17297,DATÇA,Muğla,Datça,Ege,36.707945,27.691918,2024-12-13T06:00:00.000Z,19.5,,turkiye.gov.tr,1
17298,MARMARİS,Muğla,Marmaris,Akdeniz,36.83926,28.244995,2024-12-13T06:00:00.000Z,20.5,,turkiye.gov.tr,1
17302,ANTALYA BÖLGE,Antalya,Muratpaşa,Akdeniz,36.885073,30.682793,2024-12-13T06:00:00.000Z,21.3,,turkiye.gov.tr,1
17310,ALANYA,Antalya,Alanya,Akdeniz,36.54999,31.979822,2024-12-13T06:00:00.000Z,20.0,,turkiye.gov.tr,1
17320,ANAMUR,Mersin,Anamur,Akdeniz,36.068614,32.864876,2024-12-13T06:00:00.000Z,19.8,,turkiye.gov.tr,1
17340,MERSİN,Mersin,Yenişehir,Akdeniz,36.780904,34.603125,2024-12-13T06:00:00.000Z,18.2,,turkiye.gov.tr,1
17370,İSKENDERUN,Hatay,İskenderun,Akdeniz,36.592358,36.158158,2024-12-13T06:00:00.000Z,17.6,,turkiye.gov.tr,1
17375,FİNİKE,Antalya,Finike,Akdeniz,36.3024,30.1458,2024-12-13T06:00:00.000Z,21.0,,turkiye.gov.tr,1
17380,KAŞ,Antalya,Kaş,Akdeniz,36.200579,29.649995,2024-12-13T06:00:00.000Z,19.5,,turkiye.gov.tr,1
17381,KUŞADASI 3. NOLU ŞAMANDIRA,Aydın,Kuşadası,Ege,37.8458,27.2194,2024-12-13T06:00:00.000Z,19.4,,turkiye.gov.tr,1
17383,NARLIDERE/İZMİR KÖRFEZİ A NOKTASI IŞIKLI ŞAMANDIRA,İzmir,Narlıdere,Ege,38.421203,26.917843,2024-12-13T06:00:00.000Z,16.6,,turkiye.gov.tr,1
17384,URLA/KUBİLAY SIĞLIĞI IŞIKLI ŞAMANDIRA,İzmir,Urla,Ege,38.4467,26.7175,2024-12-13T06:00:00.000Z,16.8,,turkiye.gov.tr,1
17386,BODRUM KARAADA SIĞLIK IŞIKLI ŞAMANDIRA,Muğla,Bodrum,Ege,37.0081,27.4142,2024-12-13T06:00:00.000Z,20.6,,turkiye.gov.tr,1
17387,GİRESUN PALAMUT KAYALIĞI MAHMUZ FENERİ,Giresun,Merkez,Karadeniz,40.9182,38.3783,2024-12-13T06:00:00.000Z,12.8,,turkiye.gov.tr,1
17421,AYVALIK KANAL SANCAK A FENERİ,Balıkesir,Ayvalık,Ege,39.323394,26.640546,2024-12-13T06:00:00.000Z,17.4,,turkiye.gov.tr,1
17423,MARMARA BARINAK ANA MENDİREK FENERİ,Balıkesir,Marmara,Marmara,40.583839,27.560849,2024-12-13T06:00:00.000Z,13.3,,turkiye.gov.tr,1
17424,MARMARA/SARAYLAR KÖYÜ BARINAK (SANDAL BASENİ) FENERİ,Balıkesir,Marmara,Marmara,40.657488,27.662533,2024-12-13T06:00:00.000Z,13.3,,turkiye.gov.tr,1
17426,BARTIN GÜNEY MENDİREK FENERİ,Bartın,Merkez,Karadeniz,41.6864,32.2261,2024-12-13T06:00:00.000Z,12.4,,turkiye.gov.tr,1
17427,BOZCAADA LİMAN GİRİŞİ GÜNEY MENDİREK FENERİ,Çanakkale,Bozcaada,Ege,39.8341,26.0748,2024-12-13T06:00:00.000Z,17.3,,turkiye.gov.tr,1
17428,AYVACIK/GÜLPINAR ANA MENDİREK FENERİ,Çanakkale,Ayvacık,Ege,39.5658,26.0967,2024-12-13T06:00:00.000Z,16.2,,turkiye.gov.tr,1
17429,ECEABAT/KABATEPE GÜNEY MENDİREK FENERİ,Çanakkale,Eceabat,Ege,40.2019,26.2669,2024-12-13T06:00:00.000Z,16.6,,turkiye.gov.tr,1
17430,GÖKÇEADA KALEKÖY ANA MENDİREK FENERİ,Çanakkale,Gökçeada,Ege,40.2317,25.8914,2024-12-13T06:00:00.000Z,15.9,,turkiye.gov.tr,1
17431,BİGA/KARABİGA BAR. (B) NOKTASI GÜNEY MEN. FENERİ,Çanakkale,Biga,Marmara,40.399583,27.305591,2024-12-13T06:00:00.000Z,13.4,,turkiye.gov.tr,1
17432,EZİNE/GEYİKLİ ODUNLUK İSKELE FENERİ,Çanakkale,Ezine,Ege,39.818998,26.160008,2024-12-13T06:00:00.000Z,16.7,,turkiye.gov.tr,1
17434,EZİNE YENİKÖY BAL.BAR. ANA MENDİREK FENERİ,Çanakkale,Ezine,Ege,39.9447,26.1611,2024-12-13T06:00:00.000Z,16.4,,turkiye.gov.tr,1
17436,ENEZ TALİ MENDİREK FENERİ,Edirne,Enez,Ege,40.698218,26.051263,2024-12-13T06:00:00.000Z,13.3,,turkiye.gov.tr,1
17437,TUZLA AYDINLI LİMAN FENERİ,İstanbul,Tuzla,Marmara,40.850611,29.271174,2024-12-13T06:00:00.000Z,13.5,,turkiye.gov.tr,1
17438,SİLİVRİ ANA MENDİREK FENERİ,İstanbul,Silivri,Marmara,41.072866,28.238398,2024-12-13T06:00:00.000Z,12.6,,turkiye.gov.tr,1
17442,KONAK/İZMİR PASAPORT MENDİREK FENERİ,İzmir,Konak,Ege,38.429236,27.131698,2024-12-13T06:00:00.000Z,15.1,,turkiye.gov.tr,1
17443,ÇEŞME/KALE YERİ SIĞ.(DÖKÜNTÜTAŞI) FENERİ,İzmir,Çeşme,Ege,38.329226,26.267881,2024-12-13T06:00:00.000Z,17.9,,turkiye.gov.tr,1
17445,CİDE KUZEY MENDİREK FENERİ,Kastamonu,Cide,Karadeniz,41.9006,32.9778,2024-12-13T06:00:00.000Z,14.3,,turkiye.gov.tr,1
17448,TUZLA İTÜ GÜNEY MENDİREK FENERİ,İstanbul,Tuzla,Marmara,40.811828,29.297373,2024-12-13T06:00:00.000Z,12.8,,turkiye.gov.tr,1
17450,BODRUM YALIKAVAK GEMİTAŞI FENERİ,Muğla,Bodrum,Ege,37.150133,27.263333,2024-12-13T06:00:00.000Z,16.8,,turkiye.gov.tr,1
17452,YALOVA SAMANLIDERE TALİ (DOĞU) MENDİREK FENERİ,Yalova,Merkez,Marmara,40.660597,29.246969,2024-12-13T06:00:00.000Z,13.0,,turkiye.gov.tr,1
17453,ZONGULDAK GÜNEY MENDİREK FENERİ,Zonguldak,Merkez,Karadeniz,41.458611,31.779166,2024-12-13T06:00:00.000Z,12.6,,turkiye.gov.tr,1
17460,ÜNYE BALIKÇI BARINAĞI ANA MENDİREK FENERİ,Ordu,Ünye,Karadeniz,41.116448,37.348722,2024-12-13T06:00:00.000Z,13.6,,turkiye.gov.tr,1
17465,ARAKLI BALIKÇI BARINAĞI TALİ MENDİREK FENERİ,Trabzon,Araklı,Karadeniz,40.945081,40.053776,2024-12-13T06:00:00.000Z,11.2,,turkiye.gov.tr,1
17466,ÇAYELİ BALIKÇI BARINAĞI TALİ MENDİREK FENERİ,Rize,Çayeli,Karadeniz,41.090095,40.722557,2024-12-13T06:00:00.000Z,10.5,,turkiye.gov.tr,1
17467,HOPA ANA MENDİREK FENERİ,Artvin,Hopa,Karadeniz,41.420291,41.429843,2024-12-13T06:00:00.000Z,13.6,,turkiye.gov.tr,1
17470,İNCEBURUN (YILDIZADASI) MARMARİS FENERİ,Muğla,Marmaris,Akdeniz,36.813936,28.265907,2024-12-13T06:00:00.000Z,19.5,,turkiye.gov.tr,1
17475,KEMER SIĞLIK FENERİ,Antalya,Kemer,Akdeniz,36.612395,30.574242,2024-12-13T06:00:00.000Z,20.5,,turkiye.gov.tr,1
17479,SİLİFKE/TAŞUCU SEKA ANA MENDİREK FENERİ,Mersin,Silifke,Akdeniz,36.309162,33.889845,2024-12-13T06:00:00.000Z,17.6,,turkiye.gov.tr,1
17480,KARATAŞ BALIKÇI BARINAĞI TALİ MENDİREK FENERİ,Adana,Karataş,Akdeniz,36.557986,35.383499,2024-12-13T06:00:00.000Z,17.0,,turkiye.gov.tr,1
17482,VAN LİMAN,Van,Tuşba,Van Gölü,38.51486,43.307362,2024-12-13T06:00:00.000Z,7.3,,turkiye.gov.tr,1
17483,TATVAN LİMAN,Bitlis,Tatvan,Van Gölü,38.512592,42.302103,2024-12-13T06:00:00.000Z,5.1,,turkiye.gov.tr,1
17484,ADİLCEVAZ LİMAN,Bitlis,Adilcevaz,Van Gölü,38.797236,42.729931,2024-12-13T06:00:00.000Z,8.8,,turkiye.gov.tr,1
17489,MUDANYA/GÜZELYALI BALIKÇI BARINAĞI,Bursa,Mudanya,Marmara,40.35612,28.934036,2024-12-13T06:00:00.000Z,12.3,,turkiye.gov.tr,1
17491,GEVAŞ AKDAMAR FENERİ,Van,Gevaş,Van Gölü,38.309988,43.041398,2024-12-13T06:00:00.000Z,8.7,,turkiye.gov.tr,1
17492,DİDİM MARİNA FENERİ,Aydın,Didim,Ege,37.3369,27.264,2024-12-13T06:00:00.000Z,18.8,,turkiye.gov.tr,1
17495,ARHAVİ BALIKÇI BARINAĞI TALİ MENDİREK FENERİ,Artvin,Arhavi,Karadeniz,41.351192,41.293756,2024-12-13T06:00:00.000Z,8.6,,turkiye.gov.tr,1
17497,GELİBOLU SÜTLÜCE LİMANI KURU İSKELE,Çanakkale,Gelibolu,Marmara,40.320952,26.590161,2024-12-13T06:00:00.000Z,13.5,,turkiye.gov.tr,1
17015,AKÇAKOCA,Düzce,Akçakoca,Karadeniz,41.089528,31.143039,2025-01-12T06:00:00.000Z,9.8,,mgm,0
17024,İNEBOLU,Kastamonu,İnebolu,Karadeniz,41.978937,33.762945,2025-01-12T06:00:00.000Z,13.0,,mgm,0
17026,SİNOP,Sinop,Merkez,Karadeniz,42.029821,35.154286,2025-01-12T06:00:00.000Z,11.8,,mgm,0
17033,ORDU,Ordu,Altınordu,Karadeniz,40.983833,37.885833,2025-01-12T06:00:00.000Z,11.0,,mgm,0
17034,GİRESUN,Giresun,Merkez,Karadeniz,40.922667,38.387833,2025-01-12T06:00:00.000Z,9.6,,mgm,0
17040,RİZE,Rize,Merkez,Karadeniz,41.04,40.501333,2025-01-12T06:00:00.000Z,11.8,,mgm,0
17042,HOPA,Artvin,Hopa,Karadeniz,41.4065,41.433,2025-01-12T06:00:00.000Z,11.7,,mgm,0
17044,RİZE ARTVİN HAVALİMANI,Rize,Pazar,Karadeniz,41.177687,40.835223,2025-01-12T06:00:00.000Z,11.3,,mgm,0
17056,TEKİRDAĞ,Tekirdağ,Süleymanpaşa,Marmara,40.957959,27.496181,2025-01-12T06:00:00.000Z,11.3,,mgm,0
17112,ÇANAKKALE,Çanakkale,Merkez,Marmara,40.141428,26.399616,2025-01-12T06:00:00.000Z,11.5,,mgm,0
17175,AYVALIK,Balıkesir,Ayvalık,Ege,39.311292,26.686445,2025-01-12T06:00:00.000Z,13.3,,mgm,0
17180,DİKİLİ,İzmir,Dikili,Ege,39.073861,26.888093,2025-01-12T06:00:00.000Z,13.2,,mgm,0
17220,İZMİR BÖLGE,İzmir,Konak,Ege,38.3945,27.0821,2025-01-12T06:00:00.000Z,13.0,,mgm,0
17221,ÇEŞME,İzmir,Çeşme,Ege,38.303858,26.372882,2025-01-12T06:00:00.000Z,17.8,,mgm,0
17232,KUŞADASI,Aydın,Kuşadası,Ege,37.859636,27.265115,2025-01-12T06:00:00.000Z,18.2,,mgm,0
17290,BODRUM,Muğla,Bodrum,Ege,37.032611,27.439801,2025-01-12T06:00:00.000Z,19.4,,mgm,0
17296,FETHİYE,Muğla,Fethiye,Akdeniz,36.626611,29.123804,2025-01-12T06:00:00.000Z,19.1,,mgm,0
17297,DATÇA,Muğla,Datça,Ege,36.707945,27.691918,2025-01-12T06:00:00.000Z,18.7,,mgm,0
17298,MARMARİS,Muğla,Marmaris,Akdeniz,36.83926,28.244995,2025-01-12T06:00:00.000Z,18.6,,mgm,0
17302,ANTALYA BÖLGE,Antalya,Muratpaşa,Akdeniz,36.885073,30.682793,2025-01-12T06:00:00.000Z,19.5,,mgm,0
17310,ALANYA,Antalya,Alanya,Akdeniz,36.54999,31.979822,2025-01-12T06:00:00.000Z,17.3,,mgm,0
17320,ANAMUR,Mersin,Anamur,Akdeniz,36.068614,32.864876,2025-01-12T06:00:00.000Z,17.7,,mgm,0
17340,MERSİN,Mersin,Yenişehir,Akdeniz,36.780904,34.603125,2025-01-12T06:00:00.000Z,18.2,,mgm,0
17370,İSKENDERUN,Hatay,İskenderun,Akdeniz,36.592358,36.158158,2025-01-12T06:00:00.000Z,18.6,,mgm,0
17375,FİNİKE,Antalya,Finike,Akdeniz,36.3024,30.1458,2025-01-12T06:00:00.000Z,18.4,,mgm,0
17380,KAŞ,Antalya,Kaş,Akdeniz,36.200579,29.649995,2025-01-12T06:00:00.000Z,18.3,,mgm,0
17434,EZİNE YENİKÖY BAL.BAR. ANA MENDİREK FENERİ,Çanakkale,Ezine,Ege,39.9447,26.1611,2025-01-12T08:26:00.000Z,15.5,,mgm,0
17389,ADALAR ŞAMANDIRA,İstanbul,Adalar,Marmara,40.93278,28.94889,2025-01-12T16:58:00.000Z,10.9,,mgm,0
17391,SAMSUN ŞAMANDIRA,Samsun,Çarşamba,Karadeniz,41.436283,36.557767,2025-01-13T03:30:00.000Z,11.6,,mgm,0
17454,FATİH/KUMKAPI FENERİ,İstanbul,Fatih,Marmara,41.000994,28.965432,2025-01-13T04:07:00.000Z,10.7,,mgm,0
17431,BİGA/KARABİGA BAR. (B) NOKTASI GÜNEY MEN. FENERİ,Çanakkale,Biga,Marmara,40.399583,27.305591,2025-01-13T04:12:00.000Z,10.6,,mgm,0
17381,KUŞADASI 3. NOLU ŞAMANDIRA,Aydın,Kuşadası,Ege,37.8458,27.2194,2025-01-13T04:13:00.000Z,18.1,,mgm,0
17383,NARLIDERE/İZMİR KÖRFEZİ A NOKTASI IŞIKLI ŞAMANDIRA,İzmir,Narlıdere,Ege,38.421203,26.917843,2025-01-13T04:13:00.000Z,16.2,,mgm,0
17384,URLA/KUBİLAY SIĞLIĞI IŞIKLI ŞAMANDIRA,İzmir,Urla,Ege,38.4467,26.7175,2025-01-13T04:13:00.000Z,17.0,,mgm,0
17387,GİRESUN PALAMUT KAYALIĞI MAHMUZ FENERİ,Giresun,Merkez,Karadeniz,40.9182,38.3783,2025-01-13T04:13:00.000Z,11.3,,mgm,0
17421,AYVALIK KANAL SANCAK A FENERİ,Balıkesir,Ayvalık,Ege,39.323394,26.640546,2025-01-13T04:13:00.000Z,14.6,,mgm,0
17423,MARMARA BARINAK ANA MENDİREK FENERİ,Balıkesir,Marmara,Marmara,40.583839,27.560849,2025-01-13T04:13:00.000Z,11.1,,mgm,0
17424,MARMARA/SARAYLAR KÖYÜ BARINAK (SANDAL BASENİ) FENERİ,Balıkesir,Marmara,Marmara,40.657488,27.662533,2025-01-13T04:13:00.000Z,11.0,,mgm,0
17426,BARTIN GÜNEY MENDİREK FENERİ,Bartın,Merkez,Karadeniz,41.6864,32.2261,2025-01-13T04:13:00.000Z,11.0,,mgm,0
17427,BOZCAADA LİMAN GİRİŞİ GÜNEY MENDİREK FENERİ,Çanakkale,Bozcaada,Ege,39.8341,26.0748,2025-01-13T04:13:00.000Z,16.1,,mgm,0
17428,AYVACIK/GÜLPINAR ANA MENDİREK FENERİ,Çanakkale,Ayvacık,Ege,39.5658,26.0967,2025-01-13T04:13:00.000Z,14.3,,mgm,0
17430,GÖKÇEADA KALEKÖY ANA MENDİREK FENERİ,Çanakkale,Gökçeada,Ege,40.2317,25.8914,2025-01-13T04:13:00.000Z,15.4,,mgm,0
17432,EZİNE/GEYİKLİ ODUNLUK İSKELE FENERİ,Çanakkale,Ezine,Ege,39.818998,26.160008,2025-01-13T04:13:00.000Z,15.7,,mgm,0
17437,TUZLA AYDINLI LİMAN FENERİ,İstanbul,Tuzla,Marmara,40.850611,29.271174,2025-01-13T04:13:00.000Z,11.4,,mgm,0
17438,SİLİVRİ ANA MENDİREK FENERİ,İstanbul,Silivri,Marmara,41.072866,28.238398,2025-01-13T04:13:00.000Z,10.2,,mgm,0
17442,KONAK/İZMİR PASAPORT MENDİREK FENERİ,İzmir,Konak,Ege,38.429236,27.131698,2025-01-13T04:13:00.000Z,13.3,,mgm,0
17443,ÇEŞME/KALE YERİ SIĞ.(DÖKÜNTÜTAŞI) FENERİ,İzmir,Çeşme,Ege,38.329226,26.267881,2025-01-13T04:13:00.000Z,18.0,,mgm,0
17445,CİDE KUZEY MENDİREK FENERİ,Kastamonu,Cide,Karadeniz,41.9006,32.9778,2025-01-13T04:13:00.000Z,13.9,,mgm,0
17448,TUZLA İTÜ GÜNEY MENDİREK FENERİ,İstanbul,Tuzla,Marmara,40.811828,29.297373,2025-01-13T04:13:00.000Z,11.4,,mgm,0
17452,YALOVA SAMANLIDERE TALİ (DOĞU) MENDİREK FENERİ,Yalova,Merkez,Marmara,40.660597,29.246969,2025-01-13T04:13:00.000Z,10.7,,mgm,0
17453,ZONGULDAK GÜNEY MENDİREK FENERİ,Zonguldak,Merkez,Karadeniz,41.458611,31.779166,2025-01-13T04:13:00.000Z,11.4,,mgm,0
17467,HOPA ANA MENDİREK FENERİ,Artvin,Hopa,Karadeniz,41.420291,41.429843,2025-01-13T04:13:00.000Z,10.9,,mgm,0
17470,İNCEBURUN (YILDIZADASI) MARMARİS FENERİ,Muğla,Marmaris,Akdeniz,36.813936,28.265907,2025-01-13T04:13:00.000Z,18.5,,mgm,0
17486,İSKENDERUN KÖRFEZİ,Hatay,Payas,Akdeniz,36.59159,36.17992,2025-01-13T04:13:00.000Z,19.1,,mgm,0
17491,GEVAŞ AKDAMAR FENERİ,Van,Gevaş,Van Gölü,38.309988,43.041398,2025-01-13T04:13:00.000Z,6.0,,mgm,0
17492,DİDİM MARİNA FENERİ,Aydın,Didim,Ege,37.3369,27.264,2025-01-13T04:13:00.000Z,18.0,,mgm,0
17495,ARHAVİ BALIKÇI BARINAĞI TALİ MENDİREK FENERİ,Artvin,Arhavi,Karadeniz,41.351192,41.293756,2025-01-13T04:13:00.000Z,8.0,,mgm,0
17497,GELİBOLU SÜTLÜCE LİMANI KURU İSKELE,Çanakkale,Gelibolu,Marmara,40.320952,26.590161,2025-01-13T04:13:00.000Z,10.7,,mgm,0
17386,BODRUM KARAADA SIĞLIK IŞIKLI ŞAMANDIRA,Muğla,Bodrum,Ege,37.0081,27.4142,2025-01-13T04:14:00.000Z,19.1,,mgm,0
17450,BODRUM YALIKAVAK GEMİTAŞI FENERİ,Muğla,Bodrum,Ege,37.150133,27.263333,2025-01-13T04:14:00.000Z,16.2,,mgm,0
17460,ÜNYE BALIKÇI BARINAĞI ANA MENDİREK FENERİ,Ordu,Ünye,Karadeniz,41.116448,37.348722,2025-01-13T04:14:00.000Z,11.5,,mgm,0
17465,ARAKLI BALIKÇI BARINAĞI TALİ MENDİREK FENERİ,Trabzon,Araklı,Karadeniz,40.945081,40.053776,2025-01-13T04:14:00.000Z,8.8,,mgm,0
17466,ÇAYELİ BALIKÇI BARINAĞI TALİ MENDİREK FENERİ,Rize,Çayeli,Karadeniz,41.090095,40.722557,2025-01-13T04:14:00.000Z,8.8,,mgm,0
17475,KEMER SIĞLIK FENERİ,Antalya,Kemer,Akdeniz,36.612395,30.574242,2025-01-13T04:14:00.000Z,20.1,,mgm,0
17479,SİLİFKE/TAŞUCU SEKA ANA MENDİREK FENERİ,Mersin,Silifke,Akdeniz,36.309162,33.889845,2025-01-13T04:14:00.000Z,17.0,,mgm,0
17482,VAN LİMAN,Van,Tuşba,Van Gölü,38.51486,43.307362,2025-01-13T04:14:00.000Z,4.9,,mgm,0
17483,TATVAN LİMAN,Bitlis,Tatvan,Van Gölü,38.512592,42.302103,2025-01-13T04:14:00.000Z,2.1,,mgm,0
17484,ADİLCEVAZ LİMAN,Bitlis,Adilcevaz,Van Gölü,38.797236,42.729931,2025-01-13T04:14:00.000Z,6.6,,mgm,0
17489,MUDANYA/GÜZELYALI BALIKÇI BARINAĞI,Bursa,Mudanya,Marmara,40.35612,28.934036,2025-01-13T04:15:00.000Z,10.6,,mgm,0
17480,KARATAŞ BALIKÇI BARINAĞI TALİ MENDİREK FENERİ,Adana,Karataş,Akdeniz,36.557986,35.383499,2025-01-13T04:16:00.000Z,15.6,,mgm,0
17015,AKÇAKOCA,Düzce,Akçakoca,Karadeniz,41.089528,31.143039,2025-03-15T06:00:00.000Z,9.0,,mgm,0
17024,İNEBOLU,Kastamonu,İnebolu,Karadeniz,41.978937,33.762945,2025-03-15T06:00:00.000Z,11.4,,mgm,0
17026,SİNOP,Sinop,Merkez,Karadeniz,42.029821,35.154286,2025-03-15T06:00:00.000Z,10.9,,mgm,0
17030,SAMSUN BÖLGE,Samsun,Atakum,Karadeniz,41.344286,36.255794,2025-03-15T06:00:00.000Z,10.0,,mgm,0
17033,ORDU,Ordu,Altınordu,Karadeniz,40.983833,37.885833,2025-03-15T06:00:00.000Z,10.0,,mgm,0
17034,GİRESUN,Giresun,Merkez,Karadeniz,40.922667,38.387833,2025-03-15T06:00:00.000Z,11.2,,mgm,0
17038,TRABZON HAVALİMANI,Trabzon,Ortahisar,Karadeniz,40.999133,39.779248,2025-03-15T06:00:00.000Z,8.6,,mgm,0
17040,RİZE,Rize,Merkez,Karadeniz,41.04,40.501333,2025-03-15T06:00:00.000Z,11.2,,mgm,0
17042,HOPA,Artvin,Hopa,Karadeniz,41.4065,41.433,2025-03-15T06:00:00.000Z,9.1,,mgm,0
17044,RİZE ARTVİN HAVALİMANI,Rize,Pazar,Karadeniz,41.177687,40.835223,2025-03-15T06:00:00.000Z,10.6,,mgm,0
17056,TEKİRDAĞ,Tekirdağ,Süleymanpaşa,Marmara,40.957959,27.496181,2025-03-15T06:00:00.000Z,10.7,,mgm,0
17112,ÇANAKKALE,Çanakkale,Merkez,Marmara,40.141428,26.399616,2025-03-15T06:00:00.000Z,11.7,,mgm,0
17175,AYVALIK,Balıkesir,Ayvalık,Ege,39.311292,26.686445,2025-03-15T06:00:00.000Z,13.0,,mgm,0
17180,DİKİLİ,İzmir,Dikili,Ege,39.073861,26.888093,2025-03-15T06:00:00.000Z,13.3,,mgm,0
17220,İZMİR BÖLGE,İzmir,Konak,Ege,38.3945,27.0821,2025-03-15T06:00:00.000Z,14.5,,mgm,0
17221,ÇEŞME,İzmir,Çeşme,Ege,38.303858,26.372882,2025-03-15T06:00:00.000Z,16.6,,mgm,0
17232,KUŞADASI,Aydın,Kuşadası,Ege,37.859636,27.265115,2025-03-15T06:00:00.000Z,16.7,,mgm,0
17290,BODRUM,Muğla,Bodrum,Ege,37.032611,27.439801,2025-03-15T06:00:00.000Z,18.3,,mgm,0
17296,FETHİYE,Muğla,Fethiye,Akdeniz,36.626611,29.123804,2025-03-15T06:00:00.000Z,18.5,,mgm,0
17297,DATÇA,Muğla,Datça,Ege,36.707945,27.691918,2025-03-15T06:00:00.000Z,16.9,,mgm,0
17298,MARMARİS,Muğla,Marmaris,Akdeniz,36.83926,28.244995,2025-03-15T06:00:00.000Z,17.6,,mgm,0
17302,ANTALYA BÖLGE,Antalya,Muratpaşa,Akdeniz,36.885073,30.682793,2025-03-15T06:00:00.000Z,18.4,,mgm,0
17310,ALANYA,Antalya,Alanya,Akdeniz,36.54999,31.979822,2025-03-15T06:00:00.000Z,17.4,,mgm,0
17320,ANAMUR,Mersin,Anamur,Akdeniz,36.068614,32.864876,2025-03-15T06:00:00.000Z,16.5,,mgm,0
17340,MERSİN,Mersin,Yenişehir,Akdeniz,36.780904,34.603125,2025-03-15T06:00:00.000Z,17.8,,mgm,0
17370,İSKENDERUN,Hatay,İskenderun,Akdeniz,36.592358,36.158158,2025-03-15T06:00:00.000Z,19.2,,mgm,0
17375,FİNİKE,Antalya,Finike,Akdeniz,36.3024,30.1458,2025-03-15T06:00:00.000Z,18.4,,mgm,0
17380,KAŞ,Antalya,Kaş,Akdeniz,36.200579,29.649995,2025-03-15T06:00:00.000Z,18.2,,mgm,0
17381,KUŞADASI 3. NOLU ŞAMANDIRA,Aydın,Kuşadası,Ege,37.8458,27.2194,2025-03-15T14:46:00.000Z,18.0,,mgm,0
17383,NARLIDERE/İZMİR KÖRFEZİ A NOKTASI IŞIKLI ŞAMANDIRA,İzmir,Narlıdere,Ege,38.421203,26.917843,2025-03-15T14:46:00.000Z,17.7,,mgm,0
17384,URLA/KUBİLAY SIĞLIĞI IŞIKLI ŞAMANDIRA,İzmir,Urla,Ege,38.4467,26.7175,2025-03-15T14:46:00.000Z,16.2,,mgm,0
17385,MERSİN GÜNEY MENDİREK İSTİKAMET FENERİ,Mersin,Akdeniz,Akdeniz,36.784036,34.635222,2025-03-15T14:46:00.000Z,18.9,,mgm,0
17386,BODRUM KARAADA SIĞLIK IŞIKLI ŞAMANDIRA,Muğla,Bodrum,Ege,37.0081,27.4142,2025-03-15T14:46:00.000Z,19.5,,mgm,0
17387,GİRESUN PALAMUT KAYALIĞI MAHMUZ FENERİ,Giresun,Merkez,Karadeniz,40.9182,38.3783,2025-03-15T14:46:00.000Z,12.1,,mgm,0
17389,ADALAR ŞAMANDIRA,İstanbul,Adalar,Marmara,40.93278,28.94889,2025-03-15T14:46:00.000Z,11.4,,mgm,0
17421,AYVALIK KANAL SANCAK A FENERİ,Balıkesir,Ayvalık,Ege,39.323394,26.640546,2025-03-15T14:46:00.000Z,17.2,,mgm,0
17423,MARMARA BARINAK ANA MENDİREK FENERİ,Balıkesir,Marmara,Marmara,40.583839,27.560849,2025-03-15T14:46:00.000Z,11.0,,mgm,0
17424,MARMARA/SARAYLAR KÖYÜ BARINAK (SANDAL BASENİ) FENERİ,Balıkesir,Marmara,Marmara,40.657488,27.662533,2025-03-15T14:46:00.000Z,11.1,,mgm,0
17426,BARTIN GÜNEY MENDİREK FENERİ,Bartın,Merkez,Karadeniz,41.6864,32.2261,2025-03-15T14:46:00.000Z,10.1,,mgm,0
17427,BOZCAADA LİMAN GİRİŞİ GÜNEY MENDİREK FENERİ,Çanakkale,Bozcaada,Ege,39.8341,26.0748,2025-03-15T14:46:00.000Z,16.9,,mgm,0
17428,AYVACIK/GÜLPINAR ANA MENDİREK FENERİ,Çanakkale,Ayvacık,Ege,39.5658,26.0967,2025-03-15T14:46:00.000Z,17.0,,mgm,0
17429,ECEABAT/KABATEPE GÜNEY MENDİREK FENERİ,Çanakkale,Eceabat,Ege,40.2019,26.2669,2025-03-15T14:46:00.000Z,13.4,,mgm,0
17430,GÖKÇEADA KALEKÖY ANA MENDİREK FENERİ,Çanakkale,Gökçeada,Ege,40.2317,25.8914,2025-03-15T14:46:00.000Z,13.7,,mgm,0
17431,BİGA/KARABİGA BAR. (B) NOKTASI GÜNEY MEN. FENERİ,Çanakkale,Biga,Marmara,40.399583,27.305591,2025-03-15T14:46:00.000Z,12.0,,mgm,0
17432,EZİNE/GEYİKLİ ODUNLUK İSKELE FENERİ,Çanakkale,Ezine,Ege,39.818998,26.160008,2025-03-15T14:46:00.000Z,16.6,,mgm,0
17434,EZİNE YENİKÖY BAL.BAR. ANA MENDİREK FENERİ,Çanakkale,Ezine,Ege,39.9447,26.1611,2025-03-15T14:46:00.000Z,15.8,,mgm,0
17436,ENEZ TALİ MENDİREK FENERİ,Edirne,Enez,Ege,40.698218,26.051263,2025-03-15T14:46:00.000Z,15.1,,mgm,0
17437,TUZLA AYDINLI LİMAN FENERİ,İstanbul,Tuzla,Marmara,40.850611,29.271174,2025-03-15T14:46:00.000Z,14.0,,mgm,0
17438,SİLİVRİ ANA MENDİREK FENERİ,İstanbul,Silivri,Marmara,41.072866,28.238398,2025-03-15T14:46:00.000Z,11.7,,mgm,0
17442,KONAK/İZMİR PASAPORT MENDİREK FENERİ,İzmir,Konak,Ege,38.429236,27.131698,2025-03-15T14:46:00.000Z,14.7,,mgm,0
17443,ÇEŞME/KALE YERİ SIĞ.(DÖKÜNTÜTAŞI) FENERİ,İzmir,Çeşme,Ege,38.329226,26.267881,2025-03-15T14:46:00.000Z,18.0,,mgm,0
17445,CİDE KUZEY MENDİREK FENERİ,Kastamonu,Cide,Karadeniz,41.9006,32.9778,2025-03-15T14:46:00.000Z,14.1,,mgm,0
17448,TUZLA İTÜ GÜNEY MENDİREK FENERİ,İstanbul,Tuzla,Marmara,40.811828,29.297373,2025-03-15T14:46:00.000Z,11.4,,mgm,0
17449,KANDIRA/KEFKEN ADASI DOĞU MENDİREK FENERİ,Kocaeli,Kandıra,Karadeniz,41.211869,30.260694,2025-03-15T14:46:00.000Z,9.1,,mgm,0
17452,YALOVA SAMANLIDERE TALİ (DOĞU) MENDİREK FENERİ,Yalova,Merkez,Marmara,40.660597,29.246969,2025-03-15T14:46:00.000Z,15.3,,mgm,0
17453,ZONGULDAK GÜNEY MENDİREK FENERİ,Zonguldak,Merkez,Karadeniz,41.458611,31.779166,2025-03-15T14:46:00.000Z,13.1,,mgm,0
17454,FATİH/KUMKAPI FENERİ,İstanbul,Fatih,Marmara,41.000994,28.965432,2025-03-15T14:46:00.000Z,11.7,,mgm,0
17470,İNCEBURUN (YILDIZADASI) MARMARİS FENERİ,Muğla,Marmaris,Akdeniz,36.813936,28.265907,2025-03-15T14:46:00.000Z,18.7,,mgm,0
17486,İSKENDERUN KÖRFEZİ,Hatay,Payas,Akdeniz,36.59159,36.17992,2025-03-15T14:46:00.000Z,19.9,,mgm,0
17491,GEVAŞ AKDAMAR FENERİ,Van,Gevaş,Van Gölü,38.309988,43.041398,2025-03-15T14:46:00.000Z,10.2,,mgm,0
17492,DİDİM MARİNA FENERİ,Aydın,Didim,Ege,37.3369,27.264,2025-03-15T14:46:00.000Z,17.5,,mgm,0
17495,ARHAVİ BALIKÇI BARINAĞI TALİ MENDİREK FENERİ,Artvin,Arhavi,Karadeniz,41.351192,41.293756,2025-03-15T14:46:00.000Z,11.4,,mgm,0
17497,GELİBOLU SÜTLÜCE LİMANI KURU İSKELE,Çanakkale,Gelibolu,Marmara,40.320952,26.590161,2025-03-15T14:46:00.000Z,10.6,,mgm,0
17450,BODRUM YALIKAVAK GEMİTAŞI FENERİ,Muğla,Bodrum,Ege,37.150133,27.263333,2025-03-15T14:47:00.000Z,16.0,,mgm,0
17464,TRABZON LİMANI ANA MENDİREK FENERİ,Trabzon,Ortahisar,Karadeniz,41.006776,39.750108,2025-03-15T14:47:00.000Z,10.1,,mgm,0
17465,ARAKLI BALIKÇI BARINAĞI TALİ MENDİREK FENERİ,Trabzon,Araklı,Karadeniz,40.945081,40.053776,2025-03-15T14:47:00.000Z,8.5,,mgm,0
17466,ÇAYELİ BALIKÇI BARINAĞI TALİ MENDİREK FENERİ,Rize,Çayeli,Karadeniz,41.090095,40.722557,2025-03-15T14:47:00.000Z,9.4,,mgm,0
17475,KEMER SIĞLIK FENERİ,Antalya,Kemer,Akdeniz,36.612395,30.574242,2025-03-15T14:47:00.000Z,18.9,,mgm,0
17479,SİLİFKE/TAŞUCU SEKA ANA MENDİREK FENERİ,Mersin,Silifke,Akdeniz,36.309162,33.889845,2025-03-15T14:47:00.000Z,18.9,,mgm,0
17482,VAN LİMAN,Van,Tuşba,Van Gölü,38.51486,43.307362,2025-03-15T14:47:00.000Z,9.0,,mgm,0
17483,TATVAN LİMAN,Bitlis,Tatvan,Van Gölü,38.512592,42.302103,2025-03-15T14:47:00.000Z,8.2,,mgm,0
17484,ADİLCEVAZ LİMAN,Bitlis,Adilcevaz,Van Gölü,38.797236,42.729931,2025-03-15T14:47:00.000Z,6.3,,mgm,0
17480,KARATAŞ BALIKÇI BARINAĞI TALİ MENDİREK FENERİ,Adana,Karataş,Akdeniz,36.557986,35.383499,2025-03-15T14:48:00.000Z,20.0,,mgm,0
17489,MUDANYA/GÜZELYALI BALIKÇI BARINAĞI,Bursa,Mudanya,Marmara,40.35612,28.934036,2025-03-15T14:49:00.000Z,10.9,,mgm,0
17015,AKÇAKOCA,Düzce,Akçakoca,Karadeniz,41.089528,31.143039,2025-03-22T06:00:00.000Z,9.4,,turkiye.gov.tr,1
17024,İNEBOLU,Kastamonu,İnebolu,Karadeniz,41.978937,33.762945,2025-03-22T06:00:00.000Z,9.0,,turkiye.gov.tr,1
17026,SİNOP,Sinop,Merkez,Karadeniz,42.029821,35.154286,2025-03-22T06:00:00.000Z,11.0,,turkiye.gov.tr,1
17030,SAMSUN BÖLGE,Samsun,Atakum,Karadeniz,41.344286,36.255794,2025-03-22T06:00:00.000Z,10.4,,turkiye.gov.tr,1
17033,ORDU,Ordu,Altınordu,Karadeniz,40.983833,37.885833,2025-03-22T06:00:00.000Z,10.3,,turkiye.gov.tr,1
17034,GİRESUN,Giresun,Merkez,Karadeniz,40.922667,38.387833,2025-03-22T06:00:00.000Z,9.4,,turkiye.gov.tr,1
17038,TRABZON HAVALİMANI,Trabzon,Ortahisar,Karadeniz,40.999133,39.779248,2025-03-22T06:00:00.000Z,9.0,,turkiye.gov.tr,1
17040,RİZE,Rize,Merkez,Karadeniz,41.04,40.501333,2025-03-22T06:00:00.000Z,11.3,,turkiye.gov.tr,1
17042,HOPA,Artvin,Hopa,Karadeniz,41.4065,41.433,2025-03-22T06:00:00.000Z,9.0,,turkiye.gov.tr,1
17044,RİZE ARTVİN HAVALİMANI,Rize,Pazar,Karadeniz,41.177687,40.835223,2025-03-22T06:00:00.000Z,11.1,,turkiye.gov.tr,1
17056,TEKİRDAĞ,Tekirdağ,Süleymanpaşa,Marmara,40.957959,27.496181,2025-03-22T06:00:00.000Z,10.6,,turkiye.gov.tr,1
17112,ÇANAKKALE,Çanakkale,Merkez,Marmara,40.141428,26.399616,2025-03-22T06:00:00.000Z,11.2,,turkiye.gov.tr,1
17175,AYVALIK,Balıkesir,Ayvalık,Ege,39.311292,26.686445,2025-03-22T06:00:00.000Z,13.2,,turkiye.gov.tr,1
17180,DİKİLİ,İzmir,Dikili,Ege,39.073861,26.888093,2025-03-22T06:00:00.000Z,14.0,,turkiye.gov.tr,1
17220,İZMİR BÖLGE,İzmir,Konak,Ege,38.3945,27.0821,2025-03-22T06:00:00.000Z,14.3,,turkiye.gov.tr,1
17221,ÇEŞME,İzmir,Çeşme,Ege,38.303858,26.372882,2025-03-22T06:00:00.000Z,15.6,,turkiye.gov.tr,1
17232,KUŞADASI,Aydın,Kuşadası,Ege,37.859636,27.265115,2025-03-22T06:00:00.000Z,16.6,,turkiye.gov.tr,1
17290,BODRUM,Muğla,Bodrum,Ege,37.032611,27.439801,2025-03-22T06:00:00.000Z,18.0,,turkiye.gov.tr,1
17296,FETHİYE,Muğla,Fethiye,Akdeniz,36.626611,29.123804,2025-03-22T06:00:00.000Z,18.5,,turkiye.gov.tr,1
17297,DATÇA,Muğla,Datça,Ege,36.707945,27.691918,2025-03-22T06:00:00.000Z,16.6,,turkiye.gov.tr,1
17298,MARMARİS,Muğla,Marmaris,Akdeniz,36.83926,28.244995,2025-03-22T06:00:00.000Z,17.6,,turkiye.gov.tr,1
17302,ANTALYA BÖLGE,Antalya,Muratpaşa,Akdeniz,36.885073,30.682793,2025-03-22T06:00:00.000Z,19.0,,turkiye.gov.tr,1
17310,ALANYA,Antalya,Alanya,Akdeniz,36.54999,31.979822,2025-03-22T06:00:00.000Z,18.0,,turkiye.gov.tr,1
17320,ANAMUR,Mersin,Anamur,Akdeniz,36.068614,32.864876,2025-03-22T06:00:00.000Z,16.6,,turkiye.gov.tr,1
17340,MERSİN,Mersin,Yenişehir,Akdeniz,36.780904,34.603125,2025-03-22T06:00:00.000Z,17.7,,turkiye.gov.tr,1
17370,İSKENDERUN,Hatay,İskenderun,Akdeniz,36.592358,36.158158,2025-03-22T06:00:00.000Z,18.9,,turkiye.gov.tr,1
17375,FİNİKE,Antalya,Finike,Akdeniz,36.3024,30.1458,2025-03-22T06:00:00.000Z,18.4,,turkiye.gov.tr,1
17380,KAŞ,Antalya,Kaş,Akdeniz,36.200579,29.649995,2025-03-22T06:00:00.000Z,18.2,,turkiye.gov.tr,1
17381,KUŞADASI 3. NOLU ŞAMANDIRA,Aydın,Kuşadası,Ege,37.8458,27.2194,2025-03-22T06:00:00.000Z,16.5,,turkiye.gov.tr,1
17383,NARLIDERE/İZMİR KÖRFEZİ A NOKTASI IŞIKLI ŞAMANDIRA,İzmir,Narlıdere,Ege,38.421203,26.917843,2025-03-22T06:00:00.000Z,14.9,,turkiye.gov.tr,1
17384,URLA/KUBİLAY SIĞLIĞI IŞIKLI ŞAMANDIRA,İzmir,Urla,Ege,38.4467,26.7175,2025-03-22T06:00:00.000Z,15.0,,turkiye.gov.tr,1
17385,MERSİN GÜNEY MENDİREK İSTİKAMET FENERİ,Mersin,Akdeniz,Akdeniz,36.784036,34.635222,2025-03-22T06:00:00.000Z,17.4,,turkiye.gov.tr,1
17386,BODRUM KARAADA SIĞLIK IŞIKLI ŞAMANDIRA,Muğla,Bodrum,Ege,37.0081,27.4142,2025-03-22T06:00:00.000Z,17.9,,turkiye.gov.tr,1
17387,GİRESUN PALAMUT KAYALIĞI MAHMUZ FENERİ,Giresun,Merkez,Karadeniz,40.9182,38.3783,2025-03-22T06:00:00.000Z,9.2,,turkiye.gov.tr,1
17389,ADALAR ŞAMANDIRA,İstanbul,Adalar,Marmara,40.93278,28.94889,2025-03-22T06:00:00.000Z,10.6,,turkiye.gov.tr,1
17391,SAMSUN ŞAMANDIRA,Samsun,Çarşamba,Karadeniz,41.436283,36.557767,2025-03-22T06:00:00.000Z,9.4,,turkiye.gov.tr,1
17421,AYVALIK KANAL SANCAK A FENERİ,Balıkesir,Ayvalık,Ege,39.323394,26.640546,2025-03-22T06:00:00.000Z,15.0,,turkiye.gov.tr,1
17423,MARMARA BARINAK ANA MENDİREK FENERİ,Balıkesir,Marmara,Marmara,40.583839,27.560849,2025-03-22T06:00:00.000Z,10.3,,turkiye.gov.tr,1
17424,MARMARA/SARAYLAR KÖYÜ BARINAK (SANDAL BASENİ) FENERİ,Balıkesir,Marmara,Marmara,40.657488,27.662533,2025-03-22T06:00:00.000Z,9.7,,turkiye.gov.tr,1
17426,BARTIN GÜNEY MENDİREK FENERİ,Bartın,Merkez,Karadeniz,41.6864,32.2261,2025-03-22T06:00:00.000Z,8.7,,turkiye.gov.tr,1
17427,BOZCAADA LİMAN GİRİŞİ GÜNEY MENDİREK FENERİ,Çanakkale,Bozcaada,Ege,39.8341,26.0748,2025-03-22T06:00:00.000Z,15.0,,turkiye.gov.tr,1
17428,AYVACIK/GÜLPINAR ANA MENDİREK FENERİ,Çanakkale,Ayvacık,Ege,39.5658,26.0967,2025-03-22T06:00:00.000Z,14.2,,turkiye.gov.tr,1
17430,GÖKÇEADA KALEKÖY ANA MENDİREK FENERİ,Çanakkale,Gökçeada,Ege,40.2317,25.8914,2025-03-22T06:00:00.000Z,12.8,,turkiye.gov.tr,1
17431,BİGA/KARABİGA BAR. (B) NOKTASI GÜNEY MEN. FENERİ,Çanakkale,Biga,Marmara,40.399583,27.305591,2025-03-22T06:00:00.000Z,10.9,,turkiye.gov.tr,1
17432,EZİNE/GEYİKLİ ODUNLUK İSKELE FENERİ,Çanakkale,Ezine,Ege,39.818998,26.160008,2025-03-22T06:00:00.000Z,13.9,,turkiye.gov.tr,1
17434,EZİNE YENİKÖY BAL.BAR. ANA MENDİREK FENERİ,Çanakkale,Ezine,Ege,39.9447,26.1611,2025-03-22T06:00:00.000Z,13.7,,turkiye.gov.tr,1
17436,ENEZ TALİ MENDİREK FENERİ,Edirne,Enez,Ege,40.698218,26.051263,2025-03-22T06:00:00.000Z,12.3,,turkiye.gov.tr,1
17437,TUZLA AYDINLI LİMAN FENERİ,İstanbul,Tuzla,Marmara,40.850611,29.271174,2025-03-22T06:00:00.000Z,9.8,,turkiye.gov.tr,1
17438,SİLİVRİ ANA MENDİREK FENERİ,İstanbul,Silivri,Marmara,41.072866,28.238398,2025-03-22T06:00:00.000Z,9.8,,turkiye.gov.tr,1
17442,KONAK/İZMİR PASAPORT MENDİREK FENERİ,İzmir,Konak,Ege,38.429236,27.131698,2025-03-22T06:00:00.000Z,14.0,,turkiye.gov.tr,1
17443,ÇEŞME/KALE YERİ SIĞ.(DÖKÜNTÜTAŞI) FENERİ,İzmir,Çeşme,Ege,38.329226,26.267881,2025-03-22T06:00:00.000Z,15.6,,turkiye.gov.tr,1
17445,CİDE KUZEY MENDİREK FENERİ,Kastamonu,Cide,Karadeniz,41.9006,32.9778,2025-03-22T06:00:00.000Z,10.7,,turkiye.gov.tr,1
17448,TUZLA İTÜ GÜNEY MENDİREK FENERİ,İstanbul,Tuzla,Marmara,40.811828,29.297373,2025-03-22T06:00:00.000Z,9.6,,turkiye.gov.tr,1
17449,KANDIRA/KEFKEN ADASI DOĞU MENDİREK FENERİ,Kocaeli,Kandıra,Karadeniz,41.211869,30.260694,2025-03-22T06:00:00.000Z,9.0,,turkiye.gov.tr,1
17450,BODRUM YALIKAVAK GEMİTAŞI FENERİ,Muğla,Bodrum,Ege,37.150133,27.263333,2025-03-22T06:00:00.000Z,13.9,,turkiye.gov.tr,1
17452,YALOVA SAMANLIDERE TALİ (DOĞU) MENDİREK FENERİ,Yalova,Merkez,Marmara,40.660597,29.246969,2025-03-22T06:00:00.000Z,10.1,,turkiye.gov.tr,1
17453,ZONGULDAK GÜNEY MENDİREK FENERİ,Zonguldak,Merkez,Karadeniz,41.458611,31.779166,2025-03-22T06:00:00.000Z,6.9,,turkiye.gov.tr,1
17454,FATİH/KUMKAPI FENERİ,İstanbul,Fatih,Marmara,41.000994,28.965432,2025-03-22T06:00:00.000Z,9.1,,turkiye.gov.tr,1
17464,TRABZON LİMANI ANA MENDİREK FENERİ,Trabzon,Ortahisar,Karadeniz,41.006776,39.750108,2025-03-22T06:00:00.000Z,8.4,,turkiye.gov.tr,1
17465,ARAKLI BALIKÇI BARINAĞI TALİ MENDİREK FENERİ,Trabzon,Araklı,Karadeniz,40.945081,40.053776,2025-03-22T06:00:00.000Z,8.2,,turkiye.gov.tr,1
17466,ÇAYELİ BALIKÇI BARINAĞI TALİ MENDİREK FENERİ,Rize,Çayeli,Karadeniz,41.090095,40.722557,2025-03-22T06:00:00.000Z,8.5,,turkiye.gov.tr,1
17470,İNCEBURUN (YILDIZADASI) MARMARİS FENERİ,Muğla,Marmaris,Akdeniz,36.813936,28.265907,2025-03-22T06:00:00.000Z,17.0,,turkiye.gov.tr,1
17475,KEMER SIĞLIK FENERİ,Antalya,Kemer,Akdeniz,36.612395,30.574242,2025-03-22T06:00:00.000Z,18.1,,turkiye.gov.tr,1
17479,SİLİFKE/TAŞUCU SEKA ANA MENDİREK FENERİ,Mersin,Silifke,Akdeniz,36.309162,33.889845,2025-03-22T06:00:00.000Z,14.6,,turkiye.gov.tr,1
17480,KARATAŞ BALIKÇI BARINAĞI TALİ MENDİREK FENERİ,Adana,Karataş,Akdeniz,36.557986,35.383499,2025-03-22T06:00:00.000Z,16.2,,turkiye.gov.tr,1
17482,VAN LİMAN,Van,Tuşba,Van Gölü,38.51486,43.307362,2025-03-22T06:00:00.000Z,7.3,,turkiye.gov.tr,1
17484,ADİLCEVAZ LİMAN,Bitlis,Adilcevaz,Van Gölü,38.797236,42.729931,2025-03-22T06:00:00.000Z,5.4,,turkiye.gov.tr,1
17486,İSKENDERUN KÖRFEZİ,Hatay,Payas,Akdeniz,36.59159,36.17992,2025-03-22T06:00:00.000Z,18.6,,turkiye.gov.tr,1
17489,MUDANYA/GÜZELYALI BALIKÇI BARINAĞI,Bursa,Mudanya,Marmara,40.35612,28.934036,2025-03-22T06:00:00.000Z,9.2,,turkiye.gov.tr,1
17491,GEVAŞ AKDAMAR FENERİ,Van,Gevaş,Van Gölü,38.309988,43.041398,2025-03-22T06:00:00.000Z,5.4,,turkiye.gov.tr,1
17492,DİDİM MARİNA FENERİ,Aydın,Didim,Ege,37.3369,27.264,2025-03-22T06:00:00.000Z,16.2,,turkiye.gov.tr,1
17495,ARHAVİ BALIKÇI BARINAĞI TALİ MENDİREK FENERİ,Artvin,Arhavi,Karadeniz,41.351192,41.293756,2025-03-22T06:00:00.000Z,8.7,,turkiye.gov.tr,1
17497,GELİBOLU SÜTLÜCE LİMANI KURU İSKELE,Çanakkale,Gelibolu,Marmara,40.320952,26.590161,2025-03-22T06:00:00.000Z,10.3,,turkiye.gov.tr,1
17015,AKÇAKOCA,Düzce,Akçakoca,Karadeniz,41.089528,31.143039,2025-04-17T06:00:00.000Z,11.0,,turkiye.gov.tr,1
17024,İNEBOLU,Kastamonu,İnebolu,Karadeniz,41.978937,33.762945,2025-04-17T06:00:00.000Z,11.4,,turkiye.gov.tr,1
17026,SİNOP,Sinop,Merkez,Karadeniz,42.029821,35.154286,2025-04-17T06:00:00.000Z,11.7,,turkiye.gov.tr,1
17030,SAMSUN BÖLGE,Samsun,Atakum,Karadeniz,41.344286,36.255794,2025-04-17T06:00:00.000Z,10.1,,turkiye.gov.tr,1
17033,ORDU,Ordu,Altınordu,Karadeniz,40.983833,37.885833,2025-04-17T06:00:00.000Z,11.6,,turkiye.gov.tr,1
17034,GİRESUN,Giresun,Merkez,Karadeniz,40.922667,38.387833,2025-04-17T06:00:00.000Z,9.4,,turkiye.gov.tr,1
17038,TRABZON HAVALİMANI,Trabzon,Ortahisar,Karadeniz,40.999133,39.779248,2025-04-17T06:00:00.000Z,8.8,,turkiye.gov.tr,1
17040,RİZE,Rize,Merkez,Karadeniz,41.04,40.501333,2025-04-17T06:00:00.000Z,11.8,,turkiye.gov.tr,1
17042,HOPA,Artvin,Hopa,Karadeniz,41.4065,41.433,2025-04-17T06:00:00.000Z,9.4,,turkiye.gov.tr,1
17044,RİZE ARTVİN HAVALİMANI,Rize,Pazar,Karadeniz,41.177687,40.835223,2025-04-17T06:00:00.000Z,11.3,,turkiye.gov.tr,1
17056,TEKİRDAĞ,Tekirdağ,Süleymanpaşa,Marmara,40.957959,27.496181,2025-04-17T06:00:00.000Z,12.7,,turkiye.gov.tr,1
17112,ÇANAKKALE,Çanakkale,Merkez,Marmara,40.141428,26.399616,2025-04-17T06:00:00.000Z,12.1,,turkiye.gov.tr,1
17175,AYVALIK,Balıkesir,Ayvalık,Ege,39.311292,26.686445,2025-04-17T06:00:00.000Z,14.8,,turkiye.gov.tr,1
17180,DİKİLİ,İzmir,Dikili,Ege,39.073861,26.888093,2025-04-17T06:00:00.000Z,15.9,,turkiye.gov.tr,1
17220,İZMİR BÖLGE,İzmir,Konak,Ege,38.3945,27.0821,2025-04-17T06:00:00.000Z,16.4,,turkiye.gov.tr,1
17221,ÇEŞME,İzmir,Çeşme,Ege,38.303858,26.372882,2025-04-17T06:00:00.000Z,16.2,,turkiye.gov.tr,1
17232,KUŞADASI,Aydın,Kuşadası,Ege,37.859636,27.265115,2025-04-17T06:00:00.000Z,17.5,,turkiye.gov.tr,1
17290,BODRUM,Muğla,Bodrum,Ege,37.032611,27.439801,2025-04-17T06:00:00.000Z,18.1,,turkiye.gov.tr,1
17296,FETHİYE,Muğla,Fethiye,Akdeniz,36.626611,29.123804,2025-04-17T06:00:00.000Z,19.3,,turkiye.gov.tr,1
17297,DATÇA,Muğla,Datça,Ege,36.707945,27.691918,2025-04-17T06:00:00.000Z,17.2,,turkiye.gov.tr,1
17298,MARMARİS,Muğla,Marmaris,Akdeniz,36.83926,28.244995,2025-04-17T06:00:00.000Z,17.5,,turkiye.gov.tr,1
17302,ANTALYA BÖLGE,Antalya,Muratpaşa,Akdeniz,36.885073,30.682793,2025-04-17T06:00:00.000Z,18.5,,turkiye.gov.tr,1
17310,ALANYA,Antalya,Alanya,Akdeniz,36.54999,31.979822,2025-04-17T06:00:00.000Z,19.9,,turkiye.gov.tr,1
17320,ANAMUR,Mersin,Anamur,Akdeniz,36.068614,32.864876,2025-04-17T06:00:00.000Z,18.2,,turkiye.gov.tr,1
17340,MERSİN,Mersin,Yenişehir,Akdeniz,36.780904,34.603125,2025-04-17T06:00:00.000Z,18.3,,turkiye.gov.tr,1
17370,İSKENDERUN,Hatay,İskenderun,Akdeniz,36.592358,36.158158,2025-04-17T06:00:00.000Z,19.2,,turkiye.gov.tr,1
17375,FİNİKE,Antalya,Finike,Akdeniz,36.3024,30.1458,2025-04-17T06:00:00.000Z,19.2,,turkiye.gov.tr,1
17380,KAŞ,Antalya,Kaş,Akdeniz,36.200579,29.649995,2025-04-17T06:00:00.000Z,18.5,,turkiye.gov.tr,1
17381,KUŞADASI 3. NOLU ŞAMANDIRA,Aydın,Kuşadası,Ege,37.8458,27.2194,2025-04-17T06:00:00.000Z,17.5,,turkiye.gov.tr,1
17383,NARLIDERE/İZMİR KÖRFEZİ A NOKTASI IŞIKLI ŞAMANDIRA,İzmir,Narlıdere,Ege,38.421203,26.917843,2025-04-17T06:00:00.000Z,17.0,,turkiye.gov.tr,1
17384,URLA/KUBİLAY SIĞLIĞI IŞIKLI ŞAMANDIRA,İzmir,Urla,Ege,38.4467,26.7175,2025-04-17T06:00:00.000Z,17.0,,turkiye.gov.tr,1
17385,MERSİN GÜNEY MENDİREK İSTİKAMET FENERİ,Mersin,Akdeniz,Akdeniz,36.784036,34.635222,2025-04-17T06:00:00.000Z,18.7,,turkiye.gov.tr,1
17386,BODRUM KARAADA SIĞLIK IŞIKLI ŞAMANDIRA,Muğla,Bodrum,Ege,37.0081,27.4142,2025-04-17T06:00:00.000Z,19.1,,turkiye.gov.tr,1
17387,GİRESUN PALAMUT KAYALIĞI MAHMUZ FENERİ,Giresun,Merkez,Karadeniz,40.9182,38.3783,2025-04-17T06:00:00.000Z,11.3,,turkiye.gov.tr,1
17389,ADALAR ŞAMANDIRA,İstanbul,Adalar,Marmara,40.93278,28.94889,2025-04-17T06:00:00.000Z,10.5,,turkiye.gov.tr,1
17421,AYVALIK KANAL SANCAK A FENERİ,Balıkesir,Ayvalık,Ege,39.323394,26.640546,2025-04-17T06:00:00.000Z,17.3,,turkiye.gov.tr,1
17423,MARMARA BARINAK ANA MENDİREK FENERİ,Balıkesir,Marmara,Marmara,40.583839,27.560849,2025-04-17T06:00:00.000Z,13.0,,turkiye.gov.tr,1
17424,MARMARA/SARAYLAR KÖYÜ BARINAK (SANDAL BASENİ) FENERİ,Balıkesir,Marmara,Marmara,40.657488,27.662533,2025-04-17T06:00:00.000Z,11.7,,turkiye.gov.tr,1
17426,BARTIN GÜNEY MENDİREK FENERİ,Bartın,Merkez,Karadeniz,41.6864,32.2261,2025-04-17T06:00:00.000Z,10.5,,turkiye.gov.tr,1
17427,BOZCAADA LİMAN GİRİŞİ GÜNEY MENDİREK FENERİ,Çanakkale,Bozcaada,Ege,39.8341,26.0748,2025-04-17T06:00:00.000Z,15.8,,turkiye.gov.tr,1
17428,AYVACIK/GÜLPINAR ANA MENDİREK FENERİ,Çanakkale,Ayvacık,Ege,39.5658,26.0967,2025-04-17T06:00:00.000Z,17.5,,turkiye.gov.tr,1
17429,ECEABAT/KABATEPE GÜNEY MENDİREK FENERİ,Çanakkale,Eceabat,Ege,40.2019,26.2669,2025-04-17T06:00:00.000Z,14.0,,turkiye.gov.tr,1
17430,GÖKÇEADA KALEKÖY ANA MENDİREK FENERİ,Çanakkale,Gökçeada,Ege,40.2317,25.8914,2025-04-17T06:00:00.000Z,13.6,,turkiye.gov.tr,1
17431,BİGA/KARABİGA BAR. (B) NOKTASI GÜNEY MEN. FENERİ,Çanakkale,Biga,Marmara,40.399583,27.305591,2025-04-17T06:00:00.000Z,14.3,,turkiye.gov.tr,1
17432,EZİNE/GEYİKLİ ODUNLUK İSKELE FENERİ,Çanakkale,Ezine,Ege,39.818998,26.160008,2025-04-17T06:00:00.000Z,15.9,,turkiye.gov.tr,1
17433,GÖKÇEADA UĞURLU LİMAN FENERİ,Çanakkale,Gökçeada,Ege,40.1153,25.6989,2025-04-17T06:00:00.000Z,17.5,,turkiye.gov.tr,1
17434,EZİNE YENİKÖY BAL.BAR. ANA MENDİREK FENERİ,Çanakkale,Ezine,Ege,39.9447,26.1611,2025-04-17T06:00:00.000Z,15.2,,turkiye.gov.tr,1
17436,ENEZ TALİ MENDİREK FENERİ,Edirne,Enez,Ege,40.698218,26.051263,2025-04-17T06:00:00.000Z,15.0,,turkiye.gov.tr,1
17437,TUZLA AYDINLI LİMAN FENERİ,İstanbul,Tuzla,Marmara,40.850611,29.271174,2025-04-17T06:00:00.000Z,13.8,,turkiye.gov.tr,1
17438,SİLİVRİ ANA MENDİREK FENERİ,İstanbul,Silivri,Marmara,41.072866,28.238398,2025-04-17T06:00:00.000Z,12.3,,turkiye.gov.tr,1
17441,GÜZELBAHÇE FENERİ,İzmir,Güzelbahçe,Ege,38.378579,26.885605,2025-04-17T06:00:00.000Z,16.8,,turkiye.gov.tr,1
17442,KONAK/İZMİR PASAPORT MENDİREK FENERİ,İzmir,Konak,Ege,38.429236,27.131698,2025-04-17T06:00:00.000Z,17.1,,turkiye.gov.tr,1
17443,ÇEŞME/KALE YERİ SIĞ.(DÖKÜNTÜTAŞI) FENERİ,İzmir,Çeşme,Ege,38.329226,26.267881,2025-04-17T06:00:00.000Z,16.7,,turkiye.gov.tr,1
17445,CİDE KUZEY MENDİREK FENERİ,Kastamonu,Cide,Karadeniz,41.9006,32.9778,2025-04-17T06:00:00.000Z,12.4,,turkiye.gov.tr,1
17448,TUZLA İTÜ GÜNEY MENDİREK FENERİ,İstanbul,Tuzla,Marmara,40.811828,29.297373,2025-04-17T06:00:00.000Z,11.9,,turkiye.gov.tr,1
17449,KANDIRA/KEFKEN ADASI DOĞU MENDİREK FENERİ,Kocaeli,Kandıra,Karadeniz,41.211869,30.260694,2025-04-17T06:00:00.000Z,10.8,,turkiye.gov.tr,1
17452,YALOVA SAMANLIDERE TALİ (DOĞU) MENDİREK FENERİ,Yalova,Merkez,Marmara,40.660597,29.246969,2025-04-17T06:00:00.000Z,13.7,,turkiye.gov.tr,1
17453,ZONGULDAK GÜNEY MENDİREK FENERİ,Zonguldak,Merkez,Karadeniz,41.458611,31.779166,2025-04-17T06:00:00.000Z,10.7,,turkiye.gov.tr,1
17454,FATİH/KUMKAPI FENERİ,İstanbul,Fatih,Marmara,41.000994,28.965432,2025-04-17T06:00:00.000Z,12.4,,turkiye.gov.tr,1
17464,TRABZON LİMANI ANA MENDİREK FENERİ,Trabzon,Ortahisar,Karadeniz,41.006776,39.750108,2025-04-17T06:00:00.000Z,8.8,,turkiye.gov.tr,1
17465,ARAKLI BALIKÇI BARINAĞI TALİ MENDİREK FENERİ,Trabzon,Araklı,Karadeniz,40.945081,40.053776,2025-04-17T06:00:00.000Z,8.6,,turkiye.gov.tr,1
17466,ÇAYELİ BALIKÇI BARINAĞI TALİ MENDİREK FENERİ,Rize,Çayeli,Karadeniz,41.090095,40.722557,2025-04-17T06:00:00.000Z,9.2,,turkiye.gov.tr,1
17470,İNCEBURUN (YILDIZADASI) MARMARİS FENERİ,Muğla,Marmaris,Akdeniz,36.813936,28.265907,2025-04-17T06:00:00.000Z,18.3,,turkiye.gov.tr,1
17475,KEMER SIĞLIK FENERİ,Antalya,Kemer,Akdeniz,36.612395,30.574242,2025-04-17T06:00:00.000Z,19.5,,turkiye.gov.tr,1
17479,SİLİFKE/TAŞUCU SEKA ANA MENDİREK FENERİ,Mersin,Silifke,Akdeniz,36.309162,33.889845,2025-04-17T06:00:00.000Z,17.6,,turkiye.gov.tr,1
17480,KARATAŞ BALIKÇI BARINAĞI TALİ MENDİREK FENERİ,Adana,Karataş,Akdeniz,36.557986,35.383499,2025-04-17T06:00:00.000Z,18.8,,turkiye.gov.tr,1
17482,VAN LİMAN,Van,Tuşba,Van Gölü,38.51486,43.307362,2025-04-17T06:00:00.000Z,10.2,,turkiye.gov.tr,1
17484,ADİLCEVAZ LİMAN,Bitlis,Adilcevaz,Van Gölü,38.797236,42.729931,2025-04-17T06:00:00.000Z,7.5,,turkiye.gov.tr,1
17489,MUDANYA/GÜZELYALI BALIKÇI BARINAĞI,Bursa,Mudanya,Marmara,40.35612,28.934036,2025-04-17T06:00:00.000Z,12.4,,turkiye.gov.tr,1
17491,GEVAŞ AKDAMAR FENERİ,Van,Gevaş,Van Gölü,38.309988,43.041398,2025-04-17T06:00:00.000Z,9.1,,turkiye.gov.tr,1
17492,DİDİM MARİNA FENERİ,Aydın,Didim,Ege,37.3369,27.264,2025-04-17T06:00:00.000Z,17.6,,turkiye.gov.tr,1
17495,ARHAVİ BALIKÇI BARINAĞI TALİ MENDİREK FENERİ,Artvin,Arhavi,Karadeniz,41.351192,41.293756,2025-04-17T06:00:00.000Z,13.0,,turkiye.gov.tr,1
17497,GELİBOLU SÜTLÜCE LİMANI KURU İSKELE,Çanakkale,Gelibolu,Marmara,40.320952,26.590161,2025-04-17T06:00:00.000Z,12.6,,turkiye.gov.tr,1
17015,AKÇAKOCA,Düzce,Akçakoca,Karadeniz,41.089528,31.143039,2025-04-26T06:00:00.000Z,11.6,,turkiye.gov.tr,1
17024,İNEBOLU,Kastamonu,İnebolu,Karadeniz,41.978937,33.762945,2025-04-26T06:00:00.000Z,12.4,,turkiye.gov.tr,1
17026,SİNOP,Sinop,Merkez,Karadeniz,42.029821,35.154286,2025-04-26T06:00:00.000Z,12.2,,turkiye.gov.tr,1
17030,SAMSUN BÖLGE,Samsun,Atakum,Karadeniz,41.344286,36.255794,2025-04-26T06:00:00.000Z,11.2,,turkiye.gov.tr,1
17033,ORDU,Ordu,Altınordu,Karadeniz,40.983833,37.885833,2025-04-26T06:00:00.000Z,11.8,,turkiye.gov.tr,1
17034,GİRESUN,Giresun,Merkez,Karadeniz,40.922667,38.387833,2025-04-26T06:00:00.000Z,10.5,,turkiye.gov.tr,1
17038,TRABZON HAVALİMANI,Trabzon,Ortahisar,Karadeniz,40.999133,39.779248,2025-04-26T06:00:00.000Z,11.0,,turkiye.gov.tr,1
17040,RİZE,Rize,Merkez,Karadeniz,41.04,40.501333,2025-04-26T06:00:00.000Z,12.9,,turkiye.gov.tr,1
17042,HOPA,Artvin,Hopa,Karadeniz,41.4065,41.433,2025-04-26T06:00:00.000Z,9.6,,turkiye.gov.tr,1
17044,RİZE ARTVİN HAVALİMANI,Rize,Pazar,Karadeniz,41.177687,40.835223,2025-04-26T06:00:00.000Z,12.5,,turkiye.gov.tr,1
17056,TEKİRDAĞ,Tekirdağ,Süleymanpaşa,Marmara,40.957959,27.496181,2025-04-26T06:00:00.000Z,13.9,,turkiye.gov.tr,1
17112,ÇANAKKALE,Çanakkale,Merkez,Marmara,40.141428,26.399616,2025-04-26T06:00:00.000Z,13.3,,turkiye.gov.tr,1
17175,AYVALIK,Balıkesir,Ayvalık,Ege,39.311292,26.686445,2025-04-26T06:00:00.000Z,15.5,,turkiye.gov.tr,1
17180,DİKİLİ,İzmir,Dikili,Ege,39.073861,26.888093,2025-04-26T06:00:00.000Z,17.5,,turkiye.gov.tr,1
17220,İZMİR BÖLGE,İzmir,Konak,Ege,38.3945,27.0821,2025-04-26T06:00:00.000Z,19.7,,turkiye.gov.tr,1
17221,ÇEŞME,İzmir,Çeşme,Ege,38.303858,26.372882,2025-04-26T06:00:00.000Z,17.8,,turkiye.gov.tr,1
17232,KUŞADASI,Aydın,Kuşadası,Ege,37.859636,27.265115,2025-04-26T06:00:00.000Z,18.9,,turkiye.gov.tr,1
17290,BODRUM,Muğla,Bodrum,Ege,37.032611,27.439801,2025-04-26T06:00:00.000Z,19.1,,turkiye.gov.tr,1
17296,FETHİYE,Muğla,Fethiye,Akdeniz,36.626611,29.123804,2025-04-26T06:00:00.000Z,19.8,,turkiye.gov.tr,1
17297,DATÇA,Muğla,Datça,Ege,36.707945,27.691918,2025-04-26T06:00:00.000Z,18.1,,turkiye.gov.tr,1
17298,MARMARİS,Muğla,Marmaris,Akdeniz,36.83926,28.244995,2025-04-26T06:00:00.000Z,19.3,,turkiye.gov.tr,1
17302,ANTALYA BÖLGE,Antalya,Muratpaşa,Akdeniz,36.885073,30.682793,2025-04-26T06:00:00.000Z,19.6,,turkiye.gov.tr,1
17310,ALANYA,Antalya,Alanya,Akdeniz,36.54999,31.979822,2025-04-26T06:00:00.000Z,20.0,,turkiye.gov.tr,1
17320,ANAMUR,Mersin,Anamur,Akdeniz,36.068614,32.864876,2025-04-26T06:00:00.000Z,18.8,,turkiye.gov.tr,1
17340,MERSİN,Mersin,Yenişehir,Akdeniz,36.780904,34.603125,2025-04-26T06:00:00.000Z,20.1,,turkiye.gov.tr,1
17370,İSKENDERUN,Hatay,İskenderun,Akdeniz,36.592358,36.158158,2025-04-26T06:00:00.000Z,22.6,,turkiye.gov.tr,1
17375,FİNİKE,Antalya,Finike,Akdeniz,36.3024,30.1458,2025-04-26T06:00:00.000Z,19.6,,turkiye.gov.tr,1
17380,KAŞ,Antalya,Kaş,Akdeniz,36.200579,29.649995,2025-04-26T06:00:00.000Z,18.9,,turkiye.gov.tr,1
17381,KUŞADASI 3. NOLU ŞAMANDIRA,Aydın,Kuşadası,Ege,37.8458,27.2194,2025-04-26T06:00:00.000Z,19.0,,turkiye.gov.tr,1
17383,NARLIDERE/İZMİR KÖRFEZİ A NOKTASI IŞIKLI ŞAMANDIRA,İzmir,Narlıdere,Ege,38.421203,26.917843,2025-04-26T06:00:00.000Z,19.7,,turkiye.gov.tr,1
17384,URLA/KUBİLAY SIĞLIĞI IŞIKLI ŞAMANDIRA,İzmir,Urla,Ege,38.4467,26.7175,2025-04-26T06:00:00.000Z,19.2,,turkiye.gov.tr,1
17385,MERSİN GÜNEY MENDİREK İSTİKAMET FENERİ,Mersin,Akdeniz,Akdeniz,36.784036,34.635222,2025-04-26T06:00:00.000Z,20.7,,turkiye.gov.tr,1
17386,BODRUM KARAADA SIĞLIK IŞIKLI ŞAMANDIRA,Muğla,Bodrum,Ege,37.0081,27.4142,2025-04-26T06:00:00.000Z,19.9,,turkiye.gov.tr,1
17387,GİRESUN PALAMUT KAYALIĞI MAHMUZ FENERİ,Giresun,Merkez,Karadeniz,40.9182,38.3783,2025-04-26T06:00:00.000Z,11.7,,turkiye.gov.tr,1
17389,ADALAR ŞAMANDIRA,İstanbul,Adalar,Marmara,40.93278,28.94889,2025-04-26T06:00:00.000Z,10.9,,turkiye.gov.tr,1
17391,SAMSUN ŞAMANDIRA,Samsun,Çarşamba,Karadeniz,41.436283,36.557767,2025-04-26T06:00:00.000Z,12.7,,turkiye.gov.tr,1
17421,AYVALIK KANAL SANCAK A FENERİ,Balıkesir,Ayvalık,Ege,39.323394,26.640546,2025-04-26T06:00:00.000Z,19.4,,turkiye.gov.tr,1
17423,MARMARA BARINAK ANA MENDİREK FENERİ,Balıkesir,Marmara,Marmara,40.583839,27.560849,2025-04-26T06:00:00.000Z,14.3,,turkiye.gov.tr,1
17424,MARMARA/SARAYLAR KÖYÜ BARINAK (SANDAL BASENİ) FENERİ,Balıkesir,Marmara,Marmara,40.657488,27.662533,2025-04-26T06:00:00.000Z,14.2,,turkiye.gov.tr,1
17426,BARTIN GÜNEY MENDİREK FENERİ,Bartın,Merkez,Karadeniz,41.6864,32.2261,2025-04-26T06:00:00.000Z,11.9,,turkiye.gov.tr,1
17427,BOZCAADA LİMAN GİRİŞİ GÜNEY MENDİREK FENERİ,Çanakkale,Bozcaada,Ege,39.8341,26.0748,2025-04-26T06:00:00.000Z,16.7,,turkiye.gov.tr,1
17428,AYVACIK/GÜLPINAR ANA MENDİREK FENERİ,Çanakkale,Ayvacık,Ege,39.5658,26.0967,2025-04-26T06:00:00.000Z,18.7,,turkiye.gov.tr,1
17429,ECEABAT/KABATEPE GÜNEY MENDİREK FENERİ,Çanakkale,Eceabat,Ege,40.2019,26.2669,2025-04-26T06:00:00.000Z,18.0,,turkiye.gov.tr,1
17430,GÖKÇEADA KALEKÖY ANA MENDİREK FENERİ,Çanakkale,Gökçeada,Ege,40.2317,25.8914,2025-04-26T06:00:00.000Z,18.0,,turkiye.gov.tr,1
17431,BİGA/KARABİGA BAR. (B) NOKTASI GÜNEY MEN. FENERİ,Çanakkale,Biga,Marmara,40.399583,27.305591,2025-04-26T06:00:00.000Z,17.4,,turkiye.gov.tr,1
17432,EZİNE/GEYİKLİ ODUNLUK İSKELE FENERİ,Çanakkale,Ezine,Ege,39.818998,26.160008,2025-04-26T06:00:00.000Z,17.5,,turkiye.gov.tr,1
17433,GÖKÇEADA UĞURLU LİMAN FENERİ,Çanakkale,Gökçeada,Ege,40.1153,25.6989,2025-04-26T06:00:00.000Z,18.4,,turkiye.gov.tr,1
17436,ENEZ TALİ MENDİREK FENERİ,Edirne,Enez,Ege,40.698218,26.051263,2025-04-26T06:00:00.000Z,17.4,,turkiye.gov.tr,1
17437,TUZLA AYDINLI LİMAN FENERİ,İstanbul,Tuzla,Marmara,40.850611,29.271174,2025-04-26T06:00:00.000Z,16.0,,turkiye.gov.tr,1
17438,SİLİVRİ ANA MENDİREK FENERİ,İstanbul,Silivri,Marmara,41.072866,28.238398,2025-04-26T06:00:00.000Z,15.5,,turkiye.gov.tr,1
17441,GÜZELBAHÇE FENERİ,İzmir,Güzelbahçe,Ege,38.378579,26.885605,2025-04-26T06:00:00.000Z,18.7,,turkiye.gov.tr,1
17442,KONAK/İZMİR PASAPORT MENDİREK FENERİ,İzmir,Konak,Ege,38.429236,27.131698,2025-04-26T06:00:00.000Z,20.2,,turkiye.gov.tr,1
17443,ÇEŞME/KALE YERİ SIĞ.(DÖKÜNTÜTAŞI) FENERİ,İzmir,Çeşme,Ege,38.329226,26.267881,2025-04-26T06:00:00.000Z,18.1,,turkiye.gov.tr,1
17445,CİDE KUZEY MENDİREK FENERİ,Kastamonu,Cide,Karadeniz,41.9006,32.9778,2025-04-26T06:00:00.000Z,14.0,,turkiye.gov.tr,1
17448,TUZLA İTÜ GÜNEY MENDİREK FENERİ,İstanbul,Tuzla,Marmara,40.811828,29.297373,2025-04-26T06:00:00.000Z,13.1,,turkiye.gov.tr,1
17449,KANDIRA/KEFKEN ADASI DOĞU MENDİREK FENERİ,Kocaeli,Kandıra,Karadeniz,41.211869,30.260694,2025-04-26T06:00:00.000Z,12.3,,turkiye.gov.tr,1
17452,YALOVA SAMANLIDERE TALİ (DOĞU) MENDİREK FENERİ,Yalova,Merkez,Marmara,40.660597,29.246969,2025-04-26T06:00:00.000Z,16.2,,turkiye.gov.tr,1
17453,ZONGULDAK GÜNEY MENDİREK FENERİ,Zonguldak,Merkez,Karadeniz,41.458611,31.779166,2025-04-26T06:00:00.000Z,13.5,,turkiye.gov.tr,1
17454,FATİH/KUMKAPI FENERİ,İstanbul,Fatih,Marmara,41.000994,28.965432,2025-04-26T06:00:00.000Z,13.3,,turkiye.gov.tr,1
17464,TRABZON LİMANI ANA MENDİREK FENERİ,Trabzon,Ortahisar,Karadeniz,41.006776,39.750108,2025-04-26T06:00:00.000Z,11.3,,turkiye.gov.tr,1
17465,ARAKLI BALIKÇI BARINAĞI TALİ MENDİREK FENERİ,Trabzon,Araklı,Karadeniz,40.945081,40.053776,2025-04-26T06:00:00.000Z,11.6,,turkiye.gov.tr,1
17466,ÇAYELİ BALIKÇI BARINAĞI TALİ MENDİREK FENERİ,Rize,Çayeli,Karadeniz,41.090095,40.722557,2025-04-26T06:00:00.000Z,9.6,,turkiye.gov.tr,1
17470,İNCEBURUN (YILDIZADASI) MARMARİS FENERİ,Muğla,Marmaris,Akdeniz,36.813936,28.265907,2025-04-26T06:00:00.000Z,19.8,,turkiye.gov.tr,1
17475,KEMER SIĞLIK FENERİ,Antalya,Kemer,Akdeniz,36.612395,30.574242,2025-04-26T06:00:00.000Z,20.9,,turkiye.gov.tr,1
17479,SİLİFKE/TAŞUCU SEKA ANA MENDİREK FENERİ,Mersin,Silifke,Akdeniz,36.309162,33.889845,2025-04-26T06:00:00.000Z,19.1,,turkiye.gov.tr,1
17480,KARATAŞ BALIKÇI BARINAĞI TALİ MENDİREK FENERİ,Adana,Karataş,Akdeniz,36.557986,35.383499,2025-04-26T06:00:00.000Z,20.6,,turkiye.gov.tr,1
17482,VAN LİMAN,Van,Tuşba,Van Gölü,38.51486,43.307362,2025-04-26T06:00:00.000Z,13.5,,turkiye.gov.tr,1
17483,TATVAN LİMAN,Bitlis,Tatvan,Van Gölü,38.512592,42.302103,2025-04-26T06:00:00.000Z,5.1,,turkiye.gov.tr,1
17484,ADİLCEVAZ LİMAN,Bitlis,Adilcevaz,Van Gölü,38.797236,42.729931,2025-04-26T06:00:00.000Z,10.4,,turkiye.gov.tr,1
17489,MUDANYA/GÜZELYALI BALIKÇI BARINAĞI,Bursa,Mudanya,Marmara,40.35612,28.934036,2025-04-26T06:00:00.000Z,14.8,,turkiye.gov.tr,1
17491,GEVAŞ AKDAMAR FENERİ,Van,Gevaş,Van Gölü,38.309988,43.041398,2025-04-26T06:00:00.000Z,12.0,,turkiye.gov.tr,1
17492,DİDİM MARİNA FENERİ,Aydın,Didim,Ege,37.3369,27.264,2025-04-26T06:00:00.000Z,19.1,,turkiye.gov.tr,1
17495,ARHAVİ BALIKÇI BARINAĞI TALİ MENDİREK FENERİ,Artvin,Arhavi,Karadeniz,41.351192,41.293756,2025-04-26T06:00:00.000Z,12.2,,turkiye.gov.tr,1
17497,GELİBOLU SÜTLÜCE LİMANI KURU İSKELE,Çanakkale,Gelibolu,Marmara,40.320952,26.590161,2025-04-26T06:00:00.000Z,14.9,,turkiye.gov.tr,1
17015,AKÇAKOCA,Düzce,Akçakoca,Karadeniz,41.089528,31.143039,2025-05-14T06:00:00.000Z,12.8,,mgm,0
17024,İNEBOLU,Kastamonu,İnebolu,Karadeniz,41.978937,33.762945,2025-05-14T06:00:00.000Z,13.0,,mgm,0
17026,SİNOP,Sinop,Merkez,Karadeniz,42.029821,35.154286,2025-05-14T06:00:00.000Z,14.0,,mgm,0
17030,SAMSUN BÖLGE,Samsun,Atakum,Karadeniz,41.344286,36.255794,2025-05-14T06:00:00.000Z,14.1,,mgm,0
17033,ORDU,Ordu,Altınordu,Karadeniz,40.983833,37.885833,2025-05-14T06:00:00.000Z,13.4,,mgm,0
17034,GİRESUN,Giresun,Merkez,Karadeniz,40.922667,38.387833,2025-05-14T06:00:00.000Z,12.8,,mgm,0
17038,TRABZON HAVALİMANI,Trabzon,Ortahisar,Karadeniz,40.999133,39.779248,2025-05-14T06:00:00.000Z,12.1,,mgm,0
17040,RİZE,Rize,Merkez,Karadeniz,41.04,40.501333,2025-05-14T06:00:00.000Z,15.6,,mgm,0
17042,HOPA,Artvin,Hopa,Karadeniz,41.4065,41.433,2025-05-14T06:00:00.000Z,10.5,,mgm,0
17044,RİZE ARTVİN HAVALİMANI,Rize,Pazar,Karadeniz,41.177687,40.835223,2025-05-14T06:00:00.000Z,15.0,,mgm,0
17056,TEKİRDAĞ,Tekirdağ,Süleymanpaşa,Marmara,40.957959,27.496181,2025-05-14T06:00:00.000Z,16.2,,mgm,0
17112,ÇANAKKALE,Çanakkale,Merkez,Marmara,40.141428,26.399616,2025-05-14T06:00:00.000Z,15.9,,mgm,0
17175,AYVALIK,Balıkesir,Ayvalık,Ege,39.311292,26.686445,2025-05-14T06:00:00.000Z,16.6,,mgm,0
17180,DİKİLİ,İzmir,Dikili,Ege,39.073861,26.888093,2025-05-14T06:00:00.000Z,19.4,,mgm,0
17220,İZMİR BÖLGE,İzmir,Konak,Ege,38.3945,27.0821,2025-05-14T06:00:00.000Z,20.8,,mgm,0
17221,ÇEŞME,İzmir,Çeşme,Ege,38.303858,26.372882,2025-05-14T06:00:00.000Z,18.3,,mgm,0
17232,KUŞADASI,Aydın,Kuşadası,Ege,37.859636,27.265115,2025-05-14T06:00:00.000Z,19.3,,mgm,0
17290,BODRUM,Muğla,Bodrum,Ege,37.032611,27.439801,2025-05-14T06:00:00.000Z,19.1,,mgm,0
17296,FETHİYE,Muğla,Fethiye,Akdeniz,36.626611,29.123804,2025-05-14T06:00:00.000Z,21.1,,mgm,0
17297,DATÇA,Muğla,Datça,Ege,36.707945,27.691918,2025-05-14T06:00:00.000Z,19.0,,mgm,0
17298,MARMARİS,Muğla,Marmaris,Akdeniz,36.83926,28.244995,2025-05-14T06:00:00.000Z,20.6,,mgm,0
17302,ANTALYA BÖLGE,Antalya,Muratpaşa,Akdeniz,36.885073,30.682793,2025-05-14T06:00:00.000Z,22.4,,mgm,0
17310,ALANYA,Antalya,Alanya,Akdeniz,36.54999,31.979822,2025-05-14T06:00:00.000Z,20.6,,mgm,0
17320,ANAMUR,Mersin,Anamur,Akdeniz,36.068614,32.864876,2025-05-14T06:00:00.000Z,19.6,,mgm,0
17340,MERSİN,Mersin,Yenişehir,Akdeniz,36.780904,34.603125,2025-05-14T06:00:00.000Z,22.3,,mgm,0
17370,İSKENDERUN,Hatay,İskenderun,Akdeniz,36.592358,36.158158,2025-05-14T06:00:00.000Z,24.0,,mgm,0
17375,FİNİKE,Antalya,Finike,Akdeniz,36.3024,30.1458,2025-05-14T06:00:00.000Z,20.6,,mgm,0
17380,KAŞ,Antalya,Kaş,Akdeniz,36.200579,29.649995,2025-05-14T06:00:00.000Z,20.2,,mgm,0
17391,SAMSUN ŞAMANDIRA,Samsun,Çarşamba,Karadeniz,41.436283,36.557767,2025-05-14T18:00:00.000Z,14.9,,mgm,0
17381,KUŞADASI 3. NOLU ŞAMANDIRA,Aydın,Kuşadası,Ege,37.8458,27.2194,2025-05-14T18:24:00.000Z,19.4,,mgm,0
17383,NARLIDERE/İZMİR KÖRFEZİ A NOKTASI IŞIKLI ŞAMANDIRA,İzmir,Narlıdere,Ege,38.421203,26.917843,2025-05-14T18:25:00.000Z,20.0,,mgm,0
17384,URLA/KUBİLAY SIĞLIĞI IŞIKLI ŞAMANDIRA,İzmir,Urla,Ege,38.4467,26.7175,2025-05-14T18:25:00.000Z,18.6,,mgm,0
17385,MERSİN GÜNEY MENDİREK İSTİKAMET FENERİ,Mersin,Akdeniz,Akdeniz,36.784036,34.635222,2025-05-14T18:25:00.000Z,22.7,,mgm,0
17386,BODRUM KARAADA SIĞLIK IŞIKLI ŞAMANDIRA,Muğla,Bodrum,Ege,37.0081,27.4142,2025-05-14T18:25:00.000Z,18.9,,mgm,0
17387,GİRESUN PALAMUT KAYALIĞI MAHMUZ FENERİ,Giresun,Merkez,Karadeniz,40.9182,38.3783,2025-05-14T18:25:00.000Z,15.4,,mgm,0
17389,ADALAR ŞAMANDIRA,İstanbul,Adalar,Marmara,40.93278,28.94889,2025-05-14T18:25:00.000Z,14.2,,mgm,0
17421,AYVALIK KANAL SANCAK A FENERİ,Balıkesir,Ayvalık,Ege,39.323394,26.640546,2025-05-14T18:25:00.000Z,19.2,,mgm,0
17423,MARMARA BARINAK ANA MENDİREK FENERİ,Balıkesir,Marmara,Marmara,40.583839,27.560849,2025-05-14T18:25:00.000Z,16.3,,mgm,0
17424,MARMARA/SARAYLAR KÖYÜ BARINAK (SANDAL BASENİ) FENERİ,Balıkesir,Marmara,Marmara,40.657488,27.662533,2025-05-14T18:25:00.000Z,15.8,,mgm,0
17426,BARTIN GÜNEY MENDİREK FENERİ,Bartın,Merkez,Karadeniz,41.6864,32.2261,2025-05-14T18:25:00.000Z,11.1,,mgm,0
17427,BOZCAADA LİMAN GİRİŞİ GÜNEY MENDİREK FENERİ,Çanakkale,Bozcaada,Ege,39.8341,26.0748,2025-05-14T18:25:00.000Z,16.1,,mgm,0
17428,AYVACIK/GÜLPINAR ANA MENDİREK FENERİ,Çanakkale,Ayvacık,Ege,39.5658,26.0967,2025-05-14T18:25:00.000Z,17.6,,mgm,0
17429,ECEABAT/KABATEPE GÜNEY MENDİREK FENERİ,Çanakkale,Eceabat,Ege,40.2019,26.2669,2025-05-14T18:25:00.000Z,17.7,,mgm,0
17430,GÖKÇEADA KALEKÖY ANA MENDİREK FENERİ,Çanakkale,Gökçeada,Ege,40.2317,25.8914,2025-05-14T18:25:00.000Z,17.2,,mgm,0
17431,BİGA/KARABİGA BAR. (B) NOKTASI GÜNEY MEN. FENERİ,Çanakkale,Biga,Marmara,40.399583,27.305591,2025-05-14T18:25:00.000Z,17.7,,mgm,0
17432,EZİNE/GEYİKLİ ODUNLUK İSKELE FENERİ,Çanakkale,Ezine,Ege,39.818998,26.160008,2025-05-14T18:25:00.000Z,17.0,,mgm,0
17433,GÖKÇEADA UĞURLU LİMAN FENERİ,Çanakkale,Gökçeada,Ege,40.1153,25.6989,2025-05-14T18:25:00.000Z,16.5,,mgm,0
17434,EZİNE YENİKÖY BAL.BAR. ANA MENDİREK FENERİ,Çanakkale,Ezine,Ege,39.9447,26.1611,2025-05-14T18:25:00.000Z,16.4,,mgm,0
17436,ENEZ TALİ MENDİREK FENERİ,Edirne,Enez,Ege,40.698218,26.051263,2025-05-14T18:25:00.000Z,16.4,,mgm,0
17437,TUZLA AYDINLI LİMAN FENERİ,İstanbul,Tuzla,Marmara,40.850611,29.271174,2025-05-14T18:25:00.000Z,17.3,,mgm,0
17438,SİLİVRİ ANA MENDİREK FENERİ,İstanbul,Silivri,Marmara,41.072866,28.238398,2025-05-14T18:25:00.000Z,17.1,,mgm,0
17441,GÜZELBAHÇE FENERİ,İzmir,Güzelbahçe,Ege,38.378579,26.885605,2025-05-14T18:25:00.000Z,19.9,,mgm,0
17442,KONAK/İZMİR PASAPORT MENDİREK FENERİ,İzmir,Konak,Ege,38.429236,27.131698,2025-05-14T18:25:00.000Z,20.8,,mgm,0
17443,ÇEŞME/KALE YERİ SIĞ.(DÖKÜNTÜTAŞI) FENERİ,İzmir,Çeşme,Ege,38.329226,26.267881,2025-05-14T18:25:00.000Z,18.2,,mgm,0
17448,TUZLA İTÜ GÜNEY MENDİREK FENERİ,İstanbul,Tuzla,Marmara,40.811828,29.297373,2025-05-14T18:25:00.000Z,15.2,,mgm,0
17449,KANDIRA/KEFKEN ADASI DOĞU MENDİREK FENERİ,Kocaeli,Kandıra,Karadeniz,41.211869,30.260694,2025-05-14T18:25:00.000Z,12.4,,mgm,0
17452,YALOVA SAMANLIDERE TALİ (DOĞU) MENDİREK FENERİ,Yalova,Merkez,Marmara,40.660597,29.246969,2025-05-14T18:25:00.000Z,16.9,,mgm,0
17453,ZONGULDAK GÜNEY MENDİREK FENERİ,Zonguldak,Merkez,Karadeniz,41.458611,31.779166,2025-05-14T18:25:00.000Z,11.0,,mgm,0
17454,FATİH/KUMKAPI FENERİ,İstanbul,Fatih,Marmara,41.000994,28.965432,2025-05-14T18:25:00.000Z,15.2,,mgm,0
17470,İNCEBURUN (YILDIZADASI) MARMARİS FENERİ,Muğla,Marmaris,Akdeniz,36.813936,28.265907,2025-05-14T18:25:00.000Z,19.3,,mgm,0
17491,GEVAŞ AKDAMAR FENERİ,Van,Gevaş,Van Gölü,38.309988,43.041398,2025-05-14T18:25:00.000Z,12.6,,mgm,0
17492,DİDİM MARİNA FENERİ,Aydın,Didim,Ege,37.3369,27.264,2025-05-14T18:25:00.000Z,19.3,,mgm,0
17495,ARHAVİ BALIKÇI BARINAĞI TALİ MENDİREK FENERİ,Artvin,Arhavi,Karadeniz,41.351192,41.293756,2025-05-14T18:25:00.000Z,11.3,,mgm,0
17497,GELİBOLU SÜTLÜCE LİMANI KURU İSKELE,Çanakkale,Gelibolu,Marmara,40.320952,26.590161,2025-05-14T18:25:00.000Z,16.7,,mgm,0
17475,KEMER SIĞLIK FENERİ,Antalya,Kemer,Akdeniz,36.612395,30.574242,2025-05-14T18:26:00.000Z,22.9,,mgm,0
17479,SİLİFKE/TAŞUCU SEKA ANA MENDİREK FENERİ,Mersin,Silifke,Akdeniz,36.309162,33.889845,2025-05-14T18:26:00.000Z,21.6,,mgm,0
17482,VAN LİMAN,Van,Tuşba,Van Gölü,38.51486,43.307362,2025-05-14T18:26:00.000Z,14.5,,mgm,0
17483,TATVAN LİMAN,Bitlis,Tatvan,Van Gölü,38.512592,42.302103,2025-05-14T18:26:00.000Z,7.9,,mgm,0
17464,TRABZON LİMANI ANA MENDİREK FENERİ,Trabzon,Ortahisar,Karadeniz,41.006776,39.750108,2025-05-14T18:27:00.000Z,11.9,,mgm,0
17465,ARAKLI BALIKÇI BARINAĞI TALİ MENDİREK FENERİ,Trabzon,Araklı,Karadeniz,40.945081,40.053776,2025-05-14T18:27:00.000Z,12.5,,mgm,0
17480,KARATAŞ BALIKÇI BARINAĞI TALİ MENDİREK FENERİ,Adana,Karataş,Akdeniz,36.557986,35.383499,2025-05-14T18:27:00.000Z,23.4,,mgm,0
17489,MUDANYA/GÜZELYALI BALIKÇI BARINAĞI,Bursa,Mudanya,Marmara,40.35612,28.934036,2025-05-14T18:28:00.000Z,15.5,,mgm,0
17015,AKÇAKOCA,Düzce,Akçakoca,Karadeniz,41.089528,31.143039,2025-06-15T06:00:00.000Z,20.8,,mgm,0
17024,İNEBOLU,Kastamonu,İnebolu,Karadeniz,41.978937,33.762945,2025-06-15T06:00:00.000Z,21.4,,mgm,0
17026,SİNOP,Sinop,Merkez,Karadeniz,42.029821,35.154286,2025-06-15T06:00:00.000Z,20.3,,mgm,0
17030,SAMSUN BÖLGE,Samsun,Atakum,Karadeniz,41.344286,36.255794,2025-06-15T06:00:00.000Z,22.0,,mgm,0
17033,ORDU,Ordu,Altınordu,Karadeniz,40.983833,37.885833,2025-06-15T06:00:00.000Z,20.4,,mgm,0
17034,GİRESUN,Giresun,Merkez,Karadeniz,40.922667,38.387833,2025-06-15T06:00:00.000Z,22.3,,mgm,0
17038,TRABZON HAVALİMANI,Trabzon,Ortahisar,Karadeniz,40.999133,39.779248,2025-06-15T06:00:00.000Z,21.0,,mgm,0
17040,RİZE,Rize,Merkez,Karadeniz,41.04,40.501333,2025-06-15T06:00:00.000Z,22.0,,mgm,0
17042,HOPA,Artvin,Hopa,Karadeniz,41.4065,41.433,2025-06-15T06:00:00.000Z,20.2,,mgm,0
17056,TEKİRDAĞ,Tekirdağ,Süleymanpaşa,Marmara,40.957959,27.496181,2025-06-15T06:00:00.000Z,22.1,,mgm,0
17112,ÇANAKKALE,Çanakkale,Merkez,Marmara,40.141428,26.399616,2025-06-15T06:00:00.000Z,23.1,,mgm,0
17175,AYVALIK,Balıkesir,Ayvalık,Ege,39.311292,26.686445,2025-06-15T06:00:00.000Z,24.6,,mgm,0
17180,DİKİLİ,İzmir,Dikili,Ege,39.073861,26.888093,2025-06-15T06:00:00.000Z,24.4,,mgm,0
17220,İZMİR BÖLGE,İzmir,Konak,Ege,38.3945,27.0821,2025-06-15T06:00:00.000Z,25.2,,mgm,0
17221,ÇEŞME,İzmir,Çeşme,Ege,38.303858,26.372882,2025-06-15T06:00:00.000Z,21.1,,mgm,0
17232,KUŞADASI,Aydın,Kuşadası,Ege,37.859636,27.265115,2025-06-15T06:00:00.000Z,22.6,,mgm,0
17290,BODRUM,Muğla,Bodrum,Ege,37.032611,27.439801,2025-06-15T06:00:00.000Z,22.8,,mgm,0
17296,FETHİYE,Muğla,Fethiye,Akdeniz,36.626611,29.123804,2025-06-15T06:00:00.000Z,25.8,,mgm,0
17297,DATÇA,Muğla,Datça,Ege,36.707945,27.691918,2025-06-15T06:00:00.000Z,21.6,,mgm,0
17298,MARMARİS,Muğla,Marmaris,Akdeniz,36.83926,28.244995,2025-06-15T06:00:00.000Z,22.9,,mgm,0
17310,ALANYA,Antalya,Alanya,Akdeniz,36.54999,31.979822,2025-06-15T06:00:00.000Z,23.1,,mgm,0
17340,MERSİN,Mersin,Yenişehir,Akdeniz,36.780904,34.603125,2025-06-15T06:00:00.000Z,28.0,,mgm,0
17370,İSKENDERUN,Hatay,İskenderun,Akdeniz,36.592358,36.158158,2025-06-15T06:00:00.000Z,27.3,,mgm,0
17375,FİNİKE,Antalya,Finike,Akdeniz,36.3024,30.1458,2025-06-15T06:00:00.000Z,25.0,,mgm,0
17380,KAŞ,Antalya,Kaş,Akdeniz,36.200579,29.649995,2025-06-15T06:00:00.000Z,26.0,,mgm,0
17381,KUŞADASI 3. NOLU ŞAMANDIRA,Aydın,Kuşadası,Ege,37.8458,27.2194,2025-06-15T14:07:00.000Z,22.5,,mgm,0
17383,NARLIDERE/İZMİR KÖRFEZİ A NOKTASI IŞIKLI ŞAMANDIRA,İzmir,Narlıdere,Ege,38.421203,26.917843,2025-06-15T14:07:00.000Z,25.3,,mgm,0
17384,URLA/KUBİLAY SIĞLIĞI IŞIKLI ŞAMANDIRA,İzmir,Urla,Ege,38.4467,26.7175,2025-06-15T14:07:00.000Z,22.6,,mgm,0
17385,MERSİN GÜNEY MENDİREK İSTİKAMET FENERİ,Mersin,Akdeniz,Akdeniz,36.784036,34.635222,2025-06-15T14:07:00.000Z,28.6,,mgm,0
17386,BODRUM KARAADA SIĞLIK IŞIKLI ŞAMANDIRA,Muğla,Bodrum,Ege,37.0081,27.4142,2025-06-15T14:07:00.000Z,23.0,,mgm,0
17387,GİRESUN PALAMUT KAYALIĞI MAHMUZ FENERİ,Giresun,Merkez,Karadeniz,40.9182,38.3783,2025-06-15T14:07:00.000Z,23.1,,mgm,0
17389,ADALAR ŞAMANDIRA,İstanbul,Adalar,Marmara,40.93278,28.94889,2025-06-15T14:07:00.000Z,22.0,,mgm,0
17421,AYVALIK KANAL SANCAK A FENERİ,Balıkesir,Ayvalık,Ege,39.323394,26.640546,2025-06-15T14:07:00.000Z,20.7,,mgm,0
17423,MARMARA BARINAK ANA MENDİREK FENERİ,Balıkesir,Marmara,Marmara,40.583839,27.560849,2025-06-15T14:07:00.000Z,22.6,,mgm,0
17424,MARMARA/SARAYLAR KÖYÜ BARINAK (SANDAL BASENİ) FENERİ,Balıkesir,Marmara,Marmara,40.657488,27.662533,2025-06-15T14:07:00.000Z,22.1,,mgm,0
17426,BARTIN GÜNEY MENDİREK FENERİ,Bartın,Merkez,Karadeniz,41.6864,32.2261,2025-06-15T14:07:00.000Z,16.2,,mgm,0
17427,BOZCAADA LİMAN GİRİŞİ GÜNEY MENDİREK FENERİ,Çanakkale,Bozcaada,Ege,39.8341,26.0748,2025-06-15T14:07:00.000Z,20.5,,mgm,0
17429,ECEABAT/KABATEPE GÜNEY MENDİREK FENERİ,Çanakkale,Eceabat,Ege,40.2019,26.2669,2025-06-15T14:07:00.000Z,21.9,,mgm,0
17430,GÖKÇEADA KALEKÖY ANA MENDİREK FENERİ,Çanakkale,Gökçeada,Ege,40.2317,25.8914,2025-06-15T14:07:00.000Z,24.0,,mgm,0
17431,BİGA/KARABİGA BAR. (B) NOKTASI GÜNEY MEN. FENERİ,Çanakkale,Biga,Marmara,40.399583,27.305591,2025-06-15T14:07:00.000Z,24.9,,mgm,0
17432,EZİNE/GEYİKLİ ODUNLUK İSKELE FENERİ,Çanakkale,Ezine,Ege,39.818998,26.160008,2025-06-15T14:07:00.000Z,19.5,,mgm,0
17433,GÖKÇEADA UĞURLU LİMAN FENERİ,Çanakkale,Gökçeada,Ege,40.1153,25.6989,2025-06-15T14:07:00.000Z,22.3,,mgm,0
17434,EZİNE YENİKÖY BAL.BAR. ANA MENDİREK FENERİ,Çanakkale,Ezine,Ege,39.9447,26.1611,2025-06-15T14:07:00.000Z,19.0,,mgm,0
17436,ENEZ TALİ MENDİREK FENERİ,Edirne,Enez,Ege,40.698218,26.051263,2025-06-15T14:07:00.000Z,21.9,,mgm,0
17437,TUZLA AYDINLI LİMAN FENERİ,İstanbul,Tuzla,Marmara,40.850611,29.271174,2025-06-15T14:07:00.000Z,19.6,,mgm,0
17438,SİLİVRİ ANA MENDİREK FENERİ,İstanbul,Silivri,Marmara,41.072866,28.238398,2025-06-15T14:07:00.000Z,24.1,,mgm,0
17441,GÜZELBAHÇE FENERİ,İzmir,Güzelbahçe,Ege,38.378579,26.885605,2025-06-15T14:07:00.000Z,24.4,,mgm,0
17442,KONAK/İZMİR PASAPORT MENDİREK FENERİ,İzmir,Konak,Ege,38.429236,27.131698,2025-06-15T14:07:00.000Z,25.0,,mgm,0
17443,ÇEŞME/KALE YERİ SIĞ.(DÖKÜNTÜTAŞI) FENERİ,İzmir,Çeşme,Ege,38.329226,26.267881,2025-06-15T14:07:00.000Z,21.4,,mgm,0
17445,CİDE KUZEY MENDİREK FENERİ,Kastamonu,Cide,Karadeniz,41.9006,32.9778,2025-06-15T14:07:00.000Z,18.8,,mgm,0
17448,TUZLA İTÜ GÜNEY MENDİREK FENERİ,İstanbul,Tuzla,Marmara,40.811828,29.297373,2025-06-15T14:07:00.000Z,20.4,,mgm,0
17449,KANDIRA/KEFKEN ADASI DOĞU MENDİREK FENERİ,Kocaeli,Kandıra,Karadeniz,41.211869,30.260694,2025-06-15T14:07:00.000Z,21.3,,mgm,0
17452,YALOVA SAMANLIDERE TALİ (DOĞU) MENDİREK FENERİ,Yalova,Merkez,Marmara,40.660597,29.246969,2025-06-15T14:07:00.000Z,20.5,,mgm,0
17453,ZONGULDAK GÜNEY MENDİREK FENERİ,Zonguldak,Merkez,Karadeniz,41.458611,31.779166,2025-06-15T14:07:00.000Z,18.1,,mgm,0
17454,FATİH/KUMKAPI FENERİ,İstanbul,Fatih,Marmara,41.000994,28.965432,2025-06-15T14:07:00.000Z,21.5,,mgm,0
17455,SARIYER/RUMELİ FENERİ BAL. BAR. ANA MENDİREK FENERİ,İstanbul,Sarıyer,Karadeniz,41.229151,29.114919,2025-06-15T14:07:00.000Z,23.6,,mgm,0
17470,İNCEBURUN (YILDIZADASI) MARMARİS FENERİ,Muğla,Marmaris,Akdeniz,36.813936,28.265907,2025-06-15T14:07:00.000Z,23.3,,mgm,0
17486,İSKENDERUN KÖRFEZİ,Hatay,Payas,Akdeniz,36.59159,36.17992,2025-06-15T14:07:00.000Z,27.8,,mgm,0
17491,GEVAŞ AKDAMAR FENERİ,Van,Gevaş,Van Gölü,38.309988,43.041398,2025-06-15T14:07:00.000Z,19.9,,mgm,0
17492,DİDİM MARİNA FENERİ,Aydın,Didim,Ege,37.3369,27.264,2025-06-15T14:07:00.000Z,22.7,,mgm,0
17493,SEFERİHİSAR/SIĞACIK MARİNA FENERİ,İzmir,Seferihisar,Ege,38.195707,26.782742,2025-06-15T14:07:00.000Z,21.8,,mgm,0
17495,ARHAVİ BALIKÇI BARINAĞI TALİ MENDİREK FENERİ,Artvin,Arhavi,Karadeniz,41.351192,41.293756,2025-06-15T14:07:00.000Z,22.3,,mgm,0
17496,AYANCIK ÇAYLIOĞLU BALIKÇI BARINAĞI FENERİ,Sinop,Merkez,Karadeniz,41.966,34.508711,2025-06-15T14:07:00.000Z,21.8,,mgm,0
17497,GELİBOLU SÜTLÜCE LİMANI KURU İSKELE,Çanakkale,Gelibolu,Marmara,40.320952,26.590161,2025-06-15T14:07:00.000Z,23.6,,mgm,0
17450,BODRUM YALIKAVAK GEMİTAŞI FENERİ,Muğla,Bodrum,Ege,37.150133,27.263333,2025-06-15T14:08:00.000Z,20.3,,mgm,0
17466,ÇAYELİ BALIKÇI BARINAĞI TALİ MENDİREK FENERİ,Rize,Çayeli,Karadeniz,41.090095,40.722557,2025-06-15T14:08:00.000Z,18.5,,mgm,0
17475,KEMER SIĞLIK FENERİ,Antalya,Kemer,Akdeniz,36.612395,30.574242,2025-06-15T14:08:00.000Z,26.9,,mgm,0
17479,SİLİFKE/TAŞUCU SEKA ANA MENDİREK FENERİ,Mersin,Silifke,Akdeniz,36.309162,33.889845,2025-06-15T14:08:00.000Z,26.6,,mgm,0
17482,VAN LİMAN,Van,Tuşba,Van Gölü,38.51486,43.307362,2025-06-15T14:08:00.000Z,21.2,,mgm,0
17483,TATVAN LİMAN,Bitlis,Tatvan,Van Gölü,38.512592,42.302103,2025-06-15T14:08:00.000Z,18.2,,mgm,0
17484,ADİLCEVAZ LİMAN,Bitlis,Adilcevaz,Van Gölü,38.797236,42.729931,2025-06-15T14:08:00.000Z,21.6,,mgm,0
17464,TRABZON LİMANI ANA MENDİREK FENERİ,Trabzon,Ortahisar,Karadeniz,41.006776,39.750108,2025-06-15T14:09:00.000Z,21.5,,mgm,0
17465,ARAKLI BALIKÇI BARINAĞI TALİ MENDİREK FENERİ,Trabzon,Araklı,Karadeniz,40.945081,40.053776,2025-06-15T14:10:00.000Z,20.0,,mgm,0
17480,KARATAŞ BALIKÇI BARINAĞI TALİ MENDİREK FENERİ,Adana,Karataş,Akdeniz,36.557986,35.383499,2025-06-15T14:10:00.000Z,27.5,,mgm,0
17489,MUDANYA/GÜZELYALI BALIKÇI BARINAĞI,Bursa,Mudanya,Marmara,40.35612,28.934036,2025-06-15T14:10:00.000Z,21.5,,mgm,0
17015,AKÇAKOCA,Düzce,Akçakoca,Karadeniz,41.089528,31.143039,2025-06-22T06:00:00.000Z,20.8,,mgm,0
17024,İNEBOLU,Kastamonu,İnebolu,Karadeniz,41.978937,33.762945,2025-06-22T06:00:00.000Z,21.5,,mgm,0
17026,SİNOP,Sinop,Merkez,Karadeniz,42.029821,35.154286,2025-06-22T06:00:00.000Z,21.7,,mgm,0
17030,SAMSUN BÖLGE,Samsun,Atakum,Karadeniz,41.344286,36.255794,2025-06-22T06:00:00.000Z,22.4,,mgm,0
17033,ORDU,Ordu,Altınordu,Karadeniz,40.983833,37.885833,2025-06-22T06:00:00.000Z,22.1,,mgm,0
17034,GİRESUN,Giresun,Merkez,Karadeniz,40.922667,38.387833,2025-06-22T06:00:00.000Z,22.5,,mgm,0
17038,TRABZON HAVALİMANI,Trabzon,Ortahisar,Karadeniz,40.999133,39.779248,2025-06-22T06:00:00.000Z,21.0,,mgm,0
17040,RİZE,Rize,Merkez,Karadeniz,41.04,40.501333,2025-06-22T06:00:00.000Z,21.4,,mgm,0
17042,HOPA,Artvin,Hopa,Karadeniz,41.4065,41.433,2025-06-22T06:00:00.000Z,20.7,,mgm,0
17044,RİZE ARTVİN HAVALİMANI,Rize,Pazar,Karadeniz,41.177687,40.835223,2025-06-22T06:00:00.000Z,23.1,,mgm,0
17056,TEKİRDAĞ,Tekirdağ,Süleymanpaşa,Marmara,40.957959,27.496181,2025-06-22T06:00:00.000Z,22.8,,mgm,0
17112,ÇANAKKALE,Çanakkale,Merkez,Marmara,40.141428,26.399616,2025-06-22T06:00:00.000Z,23.5,,mgm,0
17175,AYVALIK,Balıkesir,Ayvalık,Ege,39.311292,26.686445,2025-06-22T06:00:00.000Z,22.3,,mgm,0
17180,DİKİLİ,İzmir,Dikili,Ege,39.073861,26.888093,2025-06-22T06:00:00.000Z,25.2,,mgm,0
17220,İZMİR BÖLGE,İzmir,Konak,Ege,38.3945,27.0821,2025-06-22T06:00:00.000Z,25.6,,mgm,0
17221,ÇEŞME,İzmir,Çeşme,Ege,38.303858,26.372882,2025-06-22T06:00:00.000Z,20.9,,mgm,0
17232,KUŞADASI,Aydın,Kuşadası,Ege,37.859636,27.265115,2025-06-22T06:00:00.000Z,23.4,,mgm,0
17290,BODRUM,Muğla,Bodrum,Ege,37.032611,27.439801,2025-06-22T06:00:00.000Z,23.3,,mgm,0
17296,FETHİYE,Muğla,Fethiye,Akdeniz,36.626611,29.123804,2025-06-22T06:00:00.000Z,26.4,,mgm,0
17297,DATÇA,Muğla,Datça,Ege,36.707945,27.691918,2025-06-22T06:00:00.000Z,20.1,,mgm,0
17298,MARMARİS,Muğla,Marmaris,Akdeniz,36.83926,28.244995,2025-06-22T06:00:00.000Z,24.2,,mgm,0
17310,ALANYA,Antalya,Alanya,Akdeniz,36.54999,31.979822,2025-06-22T06:00:00.000Z,24.1,,mgm,0
17320,ANAMUR,Mersin,Anamur,Akdeniz,36.068614,32.864876,2025-06-22T06:00:00.000Z,23.7,,mgm,0
17340,MERSİN,Mersin,Yenişehir,Akdeniz,36.780904,34.603125,2025-06-22T06:00:00.000Z,27.4,,mgm,0
17370,İSKENDERUN,Hatay,İskenderun,Akdeniz,36.592358,36.158158,2025-06-22T06:00:00.000Z,27.8,,mgm,0
17375,FİNİKE,Antalya,Finike,Akdeniz,36.3024,30.1458,2025-06-22T06:00:00.000Z,25.5,,mgm,0
17380,KAŞ,Antalya,Kaş,Akdeniz,36.200579,29.649995,2025-06-22T06:00:00.000Z,26.9,,mgm,0
17428,AYVACIK/GÜLPINAR ANA MENDİREK FENERİ,Çanakkale,Ayvacık,Ege,39.5658,26.0967,2025-06-22T07:10:00.000Z,20.6,,mgm,0
17391,SAMSUN ŞAMANDIRA,Samsun,Çarşamba,Karadeniz,41.436283,36.557767,2025-06-23T03:00:00.000Z,21.7,,mgm,0
17381,KUŞADASI 3. NOLU ŞAMANDIRA,Aydın,Kuşadası,Ege,37.8458,27.2194,2025-06-23T03:46:00.000Z,21.6,,mgm,0
17383,NARLIDERE/İZMİR KÖRFEZİ A NOKTASI IŞIKLI ŞAMANDIRA,İzmir,Narlıdere,Ege,38.421203,26.917843,2025-06-23T03:46:00.000Z,24.5,,mgm,0
17384,URLA/KUBİLAY SIĞLIĞI IŞIKLI ŞAMANDIRA,İzmir,Urla,Ege,38.4467,26.7175,2025-06-23T03:46:00.000Z,22.7,,mgm,0
17385,MERSİN GÜNEY MENDİREK İSTİKAMET FENERİ,Mersin,Akdeniz,Akdeniz,36.784036,34.635222,2025-06-23T03:46:00.000Z,28.0,,mgm,0
17386,BODRUM KARAADA SIĞLIK IŞIKLI ŞAMANDIRA,Muğla,Bodrum,Ege,37.0081,27.4142,2025-06-23T03:46:00.000Z,22.4,,mgm,0
17387,GİRESUN PALAMUT KAYALIĞI MAHMUZ FENERİ,Giresun,Merkez,Karadeniz,40.9182,38.3783,2025-06-23T03:46:00.000Z,22.2,,mgm,0
17389,ADALAR ŞAMANDIRA,İstanbul,Adalar,Marmara,40.93278,28.94889,2025-06-23T03:46:00.000Z,21.5,,mgm,0
17421,AYVALIK KANAL SANCAK A FENERİ,Balıkesir,Ayvalık,Ege,39.323394,26.640546,2025-06-23T03:46:00.000Z,23.4,,mgm,0
17423,MARMARA BARINAK ANA MENDİREK FENERİ,Balıkesir,Marmara,Marmara,40.583839,27.560849,2025-06-23T03:46:00.000Z,22.2,,mgm,0
17424,MARMARA/SARAYLAR KÖYÜ BARINAK (SANDAL BASENİ) FENERİ,Balıkesir,Marmara,Marmara,40.657488,27.662533,2025-06-23T03:46:00.000Z,21.2,,mgm,0
17426,BARTIN GÜNEY MENDİREK FENERİ,Bartın,Merkez,Karadeniz,41.6864,32.2261,2025-06-23T03:46:00.000Z,14.8,,mgm,0
17427,BOZCAADA LİMAN GİRİŞİ GÜNEY MENDİREK FENERİ,Çanakkale,Bozcaada,Ege,39.8341,26.0748,2025-06-23T03:46:00.000Z,18.7,,mgm,0
17429,ECEABAT/KABATEPE GÜNEY MENDİREK FENERİ,Çanakkale,Eceabat,Ege,40.2019,26.2669,2025-06-23T03:46:00.000Z,22.0,,mgm,0
17430,GÖKÇEADA KALEKÖY ANA MENDİREK FENERİ,Çanakkale,Gökçeada,Ege,40.2317,25.8914,2025-06-23T03:46:00.000Z,23.4,,mgm,0
17431,BİGA/KARABİGA BAR. (B) NOKTASI GÜNEY MEN. FENERİ,Çanakkale,Biga,Marmara,40.399583,27.305591,2025-06-23T03:46:00.000Z,23.8,,mgm,0
17432,EZİNE/GEYİKLİ ODUNLUK İSKELE FENERİ,Çanakkale,Ezine,Ege,39.818998,26.160008,2025-06-23T03:46:00.000Z,19.2,,mgm,0
17433,GÖKÇEADA UĞURLU LİMAN FENERİ,Çanakkale,Gökçeada,Ege,40.1153,25.6989,2025-06-23T03:46:00.000Z,22.9,,mgm,0
17434,EZİNE YENİKÖY BAL.BAR. ANA MENDİREK FENERİ,Çanakkale,Ezine,Ege,39.9447,26.1611,2025-06-23T03:46:00.000Z,17.6,,mgm,0
17436,ENEZ TALİ MENDİREK FENERİ,Edirne,Enez,Ege,40.698218,26.051263,2025-06-23T03:46:00.000Z,21.2,,mgm,0
17437,TUZLA AYDINLI LİMAN FENERİ,İstanbul,Tuzla,Marmara,40.850611,29.271174,2025-06-23T03:46:00.000Z,19.7,,mgm,0
17438,SİLİVRİ ANA MENDİREK FENERİ,İstanbul,Silivri,Marmara,41.072866,28.238398,2025-06-23T03:46:00.000Z,23.1,,mgm,0
17441,GÜZELBAHÇE FENERİ,İzmir,Güzelbahçe,Ege,38.378579,26.885605,2025-06-23T03:46:00.000Z,24.0,,mgm,0
17442,KONAK/İZMİR PASAPORT MENDİREK FENERİ,İzmir,Konak,Ege,38.429236,27.131698,2025-06-23T03:46:00.000Z,25.1,,mgm,0
17443,ÇEŞME/KALE YERİ SIĞ.(DÖKÜNTÜTAŞI) FENERİ,İzmir,Çeşme,Ege,38.329226,26.267881,2025-06-23T03:46:00.000Z,20.7,,mgm,0
17445,CİDE KUZEY MENDİREK FENERİ,Kastamonu,Cide,Karadeniz,41.9006,32.9778,2025-06-23T03:46:00.000Z,23.3,,mgm,0
17448,TUZLA İTÜ GÜNEY MENDİREK FENERİ,İstanbul,Tuzla,Marmara,40.811828,29.297373,2025-06-23T03:46:00.000Z,19.6,,mgm,0
17449,KANDIRA/KEFKEN ADASI DOĞU MENDİREK FENERİ,Kocaeli,Kandıra,Karadeniz,41.211869,30.260694,2025-06-23T03:46:00.000Z,19.1,,mgm,0
17452,YALOVA SAMANLIDERE TALİ (DOĞU) MENDİREK FENERİ,Yalova,Merkez,Marmara,40.660597,29.246969,2025-06-23T03:46:00.000Z,16.2,,mgm,0
17453,ZONGULDAK GÜNEY MENDİREK FENERİ,Zonguldak,Merkez,Karadeniz,41.458611,31.779166,2025-06-23T03:46:00.000Z,15.0,,mgm,0
17454,FATİH/KUMKAPI FENERİ,İstanbul,Fatih,Marmara,41.000994,28.965432,2025-06-23T03:46:00.000Z,20.2,,mgm,0
17455,SARIYER/RUMELİ FENERİ BAL. BAR. ANA MENDİREK FENERİ,İstanbul,Sarıyer,Karadeniz,41.229151,29.114919,2025-06-23T03:46:00.000Z,20.3,,mgm,0
17470,İNCEBURUN (YILDIZADASI) MARMARİS FENERİ,Muğla,Marmaris,Akdeniz,36.813936,28.265907,2025-06-23T03:46:00.000Z,23.8,,mgm,0
17476,KONYAALTI/ANTALYA YENİ LİMAN ANA MENDİREK FENERİ,Antalya,Konyaaltı,Akdeniz,36.834011,30.616572,2025-06-23T03:46:00.000Z,26.9,,mgm,0
17486,İSKENDERUN KÖRFEZİ,Hatay,Payas,Akdeniz,36.59159,36.17992,2025-06-23T03:46:00.000Z,27.6,,mgm,0
17491,GEVAŞ AKDAMAR FENERİ,Van,Gevaş,Van Gölü,38.309988,43.041398,2025-06-23T03:46:00.000Z,20.8,,mgm,0
17492,DİDİM MARİNA FENERİ,Aydın,Didim,Ege,37.3369,27.264,2025-06-23T03:46:00.000Z,21.6,,mgm,0
17493,SEFERİHİSAR/SIĞACIK MARİNA FENERİ,İzmir,Seferihisar,Ege,38.195707,26.782742,2025-06-23T03:46:00.000Z,18.9,,mgm,0
17494,İSTANBUL HAVALİMANI LİMAN FENERİ,İstanbul,Arnavutköy,Karadeniz,41.313998,28.788586,2025-06-23T03:46:00.000Z,19.2,,mgm,0
17495,ARHAVİ BALIKÇI BARINAĞI TALİ MENDİREK FENERİ,Artvin,Arhavi,Karadeniz,41.351192,41.293756,2025-06-23T03:46:00.000Z,20.0,,mgm,0
17496,AYANCIK ÇAYLIOĞLU BALIKÇI BARINAĞI FENERİ,Sinop,Merkez,Karadeniz,41.966,34.508711,2025-06-23T03:46:00.000Z,22.0,,mgm,0
17497,GELİBOLU SÜTLÜCE LİMANI KURU İSKELE,Çanakkale,Gelibolu,Marmara,40.320952,26.590161,2025-06-23T03:46:00.000Z,23.6,,mgm,0
17450,BODRUM YALIKAVAK GEMİTAŞI FENERİ,Muğla,Bodrum,Ege,37.150133,27.263333,2025-06-23T03:47:00.000Z,20.0,,mgm,0
17460,ÜNYE BALIKÇI BARINAĞI ANA MENDİREK FENERİ,Ordu,Ünye,Karadeniz,41.116448,37.348722,2025-06-23T03:47:00.000Z,22.3,,mgm,0
17466,ÇAYELİ BALIKÇI BARINAĞI TALİ MENDİREK FENERİ,Rize,Çayeli,Karadeniz,41.090095,40.722557,2025-06-23T03:47:00.000Z,18.4,,mgm,0
17475,KEMER SIĞLIK FENERİ,Antalya,Kemer,Akdeniz,36.612395,30.574242,2025-06-23T03:47:00.000Z,26.8,,mgm,0
17479,SİLİFKE/TAŞUCU SEKA ANA MENDİREK FENERİ,Mersin,Silifke,Akdeniz,36.309162,33.889845,2025-06-23T03:47:00.000Z,26.3,,mgm,0
17482,VAN LİMAN,Van,Tuşba,Van Gölü,38.51486,43.307362,2025-06-23T03:47:00.000Z,22.5,,mgm,0
17483,TATVAN LİMAN,Bitlis,Tatvan,Van Gölü,38.512592,42.302103,2025-06-23T03:47:00.000Z,20.4,,mgm,0
17484,ADİLCEVAZ LİMAN,Bitlis,Adilcevaz,Van Gölü,38.797236,42.729931,2025-06-23T03:47:00.000Z,20.6,,mgm,0
17464,TRABZON LİMANI ANA MENDİREK FENERİ,Trabzon,Ortahisar,Karadeniz,41.006776,39.750108,2025-06-23T03:48:00.000Z,20.2,,mgm,0
17465,ARAKLI BALIKÇI BARINAĞI TALİ MENDİREK FENERİ,Trabzon,Araklı,Karadeniz,40.945081,40.053776,2025-06-23T03:49:00.000Z,19.5,,mgm,0
17480,KARATAŞ BALIKÇI BARINAĞI TALİ MENDİREK FENERİ,Adana,Karataş,Akdeniz,36.557986,35.383499,2025-06-23T03:49:00.000Z,27.6,,mgm,0
17489,MUDANYA/GÜZELYALI BALIKÇI BARINAĞI,Bursa,Mudanya,Marmara,40.35612,28.934036,2025-06-23T03:49:00.000Z,20.0,,mgm,0
17015,AKÇAKOCA,Düzce,Akçakoca,Karadeniz,41.089528,31.143039,2025-07-10T06:00:00.000Z,22.0,,mgm,0
17024,İNEBOLU,Kastamonu,İnebolu,Karadeniz,41.978937,33.762945,2025-07-10T06:00:00.000Z,22.0,,mgm,0
17026,SİNOP,Sinop,Merkez,Karadeniz,42.029821,35.154286,2025-07-10T06:00:00.000Z,24.1,,mgm,0
17030,SAMSUN BÖLGE,Samsun,Atakum,Karadeniz,41.344286,36.255794,2025-07-10T06:00:00.000Z,24.2,,mgm,0
17033,ORDU,Ordu,Altınordu,Karadeniz,40.983833,37.885833,2025-07-10T06:00:00.000Z,24.3,,mgm,0
17034,GİRESUN,Giresun,Merkez,Karadeniz,40.922667,38.387833,2025-07-10T06:00:00.000Z,23.8,,mgm,0
17038,TRABZON HAVALİMANI,Trabzon,Ortahisar,Karadeniz,40.999133,39.779248,2025-07-10T06:00:00.000Z,22.8,,mgm,0
17040,RİZE,Rize,Merkez,Karadeniz,41.04,40.501333,2025-07-10T06:00:00.000Z,22.7,,mgm,0
17042,HOPA,Artvin,Hopa,Karadeniz,41.4065,41.433,2025-07-10T06:00:00.000Z,23.4,,mgm,0
17044,RİZE ARTVİN HAVALİMANI,Rize,Pazar,Karadeniz,41.177687,40.835223,2025-07-10T06:00:00.000Z,25.6,,mgm,0
17056,TEKİRDAĞ,Tekirdağ,Süleymanpaşa,Marmara,40.957959,27.496181,2025-07-10T06:00:00.000Z,24.0,,mgm,0
17112,ÇANAKKALE,Çanakkale,Merkez,Marmara,40.141428,26.399616,2025-07-10T06:00:00.000Z,24.0,,mgm,0
17175,AYVALIK,Balıkesir,Ayvalık,Ege,39.311292,26.686445,2025-07-10T06:00:00.000Z,22.8,,mgm,0
17180,DİKİLİ,İzmir,Dikili,Ege,39.073861,26.888093,2025-07-10T06:00:00.000Z,22.1,,mgm,0
17220,İZMİR BÖLGE,İzmir,Konak,Ege,38.3945,27.0821,2025-07-10T06:00:00.000Z,27.1,,mgm,0
17221,ÇEŞME,İzmir,Çeşme,Ege,38.303858,26.372882,2025-07-10T06:00:00.000Z,22.4,,mgm,0
17232,KUŞADASI,Aydın,Kuşadası,Ege,37.859636,27.265115,2025-07-10T06:00:00.000Z,24.3,,mgm,0
17290,BODRUM,Muğla,Bodrum,Ege,37.032611,27.439801,2025-07-10T06:00:00.000Z,25.7,,mgm,0
17296,FETHİYE,Muğla,Fethiye,Akdeniz,36.626611,29.123804,2025-07-10T06:00:00.000Z,27.5,,mgm,0
17297,DATÇA,Muğla,Datça,Ege,36.707945,27.691918,2025-07-10T06:00:00.000Z,25.1,,mgm,0
17298,MARMARİS,Muğla,Marmaris,Akdeniz,36.83926,28.244995,2025-07-10T06:00:00.000Z,26.2,,mgm,0
17310,ALANYA,Antalya,Alanya,Akdeniz,36.54999,31.979822,2025-07-10T06:00:00.000Z,27.0,,mgm,0
17320,ANAMUR,Mersin,Anamur,Akdeniz,36.068614,32.864876,2025-07-10T06:00:00.000Z,26.5,,mgm,0
17340,MERSİN,Mersin,Yenişehir,Akdeniz,36.780904,34.603125,2025-07-10T06:00:00.000Z,29.7,,mgm,0
17370,İSKENDERUN,Hatay,İskenderun,Akdeniz,36.592358,36.158158,2025-07-10T06:00:00.000Z,28.4,,mgm,0
17375,FİNİKE,Antalya,Finike,Akdeniz,36.3024,30.1458,2025-07-10T06:00:00.000Z,27.3,,mgm,0
17380,KAŞ,Antalya,Kaş,Akdeniz,36.200579,29.649995,2025-07-10T06:00:00.000Z,28.5,,mgm,0
17427,BOZCAADA LİMAN GİRİŞİ GÜNEY MENDİREK FENERİ,Çanakkale,Bozcaada,Ege,39.8341,26.0748,2025-07-10T13:41:00.000Z,22.7,,mgm,0
17429,ECEABAT/KABATEPE GÜNEY MENDİREK FENERİ,Çanakkale,Eceabat,Ege,40.2019,26.2669,2025-07-10T14:58:00.000Z,21.6,,mgm,0
17391,SAMSUN ŞAMANDIRA,Samsun,Çarşamba,Karadeniz,41.436283,36.557767,2025-07-10T16:00:00.000Z,25.5,,mgm,0
17381,KUŞADASI 3. NOLU ŞAMANDIRA,Aydın,Kuşadası,Ege,37.8458,27.2194,2025-07-10T16:29:00.000Z,23.4,,mgm,0
17383,NARLIDERE/İZMİR KÖRFEZİ A NOKTASI IŞIKLI ŞAMANDIRA,İzmir,Narlıdere,Ege,38.421203,26.917843,2025-07-10T16:29:00.000Z,27.1,,mgm,0
17384,URLA/KUBİLAY SIĞLIĞI IŞIKLI ŞAMANDIRA,İzmir,Urla,Ege,38.4467,26.7175,2025-07-10T16:29:00.000Z,25.3,,mgm,0
17385,MERSİN GÜNEY MENDİREK İSTİKAMET FENERİ,Mersin,Akdeniz,Akdeniz,36.784036,34.635222,2025-07-10T16:29:00.000Z,30.1,,mgm,0
17386,BODRUM KARAADA SIĞLIK IŞIKLI ŞAMANDIRA,Muğla,Bodrum,Ege,37.0081,27.4142,2025-07-10T16:29:00.000Z,25.8,,mgm,0
17387,GİRESUN PALAMUT KAYALIĞI MAHMUZ FENERİ,Giresun,Merkez,Karadeniz,40.9182,38.3783,2025-07-10T16:29:00.000Z,24.8,,mgm,0
17389,ADALAR ŞAMANDIRA,İstanbul,Adalar,Marmara,40.93278,28.94889,2025-07-10T16:29:00.000Z,21.7,,mgm,0
17421,AYVALIK KANAL SANCAK A FENERİ,Balıkesir,Ayvalık,Ege,39.323394,26.640546,2025-07-10T16:29:00.000Z,24.4,,mgm,0
17423,MARMARA BARINAK ANA MENDİREK FENERİ,Balıkesir,Marmara,Marmara,40.583839,27.560849,2025-07-10T16:29:00.000Z,25.1,,mgm,0
17424,MARMARA/SARAYLAR KÖYÜ BARINAK (SANDAL BASENİ) FENERİ,Balıkesir,Marmara,Marmara,40.657488,27.662533,2025-07-10T16:29:00.000Z,25.7,,mgm,0
17426,BARTIN GÜNEY MENDİREK FENERİ,Bartın,Merkez,Karadeniz,41.6864,32.2261,2025-07-10T16:29:00.000Z,21.7,,mgm,0
17428,AYVACIK/GÜLPINAR ANA MENDİREK FENERİ,Çanakkale,Ayvacık,Ege,39.5658,26.0967,2025-07-10T16:29:00.000Z,23.9,,mgm,0
17430,GÖKÇEADA KALEKÖY ANA MENDİREK FENERİ,Çanakkale,Gökçeada,Ege,40.2317,25.8914,2025-07-10T16:29:00.000Z,25.5,,mgm,0
17431,BİGA/KARABİGA BAR. (B) NOKTASI GÜNEY MEN. FENERİ,Çanakkale,Biga,Marmara,40.399583,27.305591,2025-07-10T16:29:00.000Z,25.7,,mgm,0
17432,EZİNE/GEYİKLİ ODUNLUK İSKELE FENERİ,Çanakkale,Ezine,Ege,39.818998,26.160008,2025-07-10T16:29:00.000Z,20.8,,mgm,0
17433,GÖKÇEADA UĞURLU LİMAN FENERİ,Çanakkale,Gökçeada,Ege,40.1153,25.6989,2025-07-10T16:29:00.000Z,24.7,,mgm,0
17434,EZİNE YENİKÖY BAL.BAR. ANA MENDİREK FENERİ,Çanakkale,Ezine,Ege,39.9447,26.1611,2025-07-10T16:29:00.000Z,19.1,,mgm,0
17436,ENEZ TALİ MENDİREK FENERİ,Edirne,Enez,Ege,40.698218,26.051263,2025-07-10T16:29:00.000Z,20.1,,mgm,0
17437,TUZLA AYDINLI LİMAN FENERİ,İstanbul,Tuzla,Marmara,40.850611,29.271174,2025-07-10T16:29:00.000Z,24.3,,mgm,0
17438,SİLİVRİ ANA MENDİREK FENERİ,İstanbul,Silivri,Marmara,41.072866,28.238398,2025-07-10T16:29:00.000Z,25.5,,mgm,0
17441,GÜZELBAHÇE FENERİ,İzmir,Güzelbahçe,Ege,38.378579,26.885605,2025-07-10T16:29:00.000Z,27.7,,mgm,0
17442,KONAK/İZMİR PASAPORT MENDİREK FENERİ,İzmir,Konak,Ege,38.429236,27.131698,2025-07-10T16:29:00.000Z,27.4,,mgm,0
17443,ÇEŞME/KALE YERİ SIĞ.(DÖKÜNTÜTAŞI) FENERİ,İzmir,Çeşme,Ege,38.329226,26.267881,2025-07-10T16:29:00.000Z,21.8,,mgm,0
17445,CİDE KUZEY MENDİREK FENERİ,Kastamonu,Cide,Karadeniz,41.9006,32.9778,2025-07-10T16:29:00.000Z,20.1,,mgm,0
17448,TUZLA İTÜ GÜNEY MENDİREK FENERİ,İstanbul,Tuzla,Marmara,40.811828,29.297373,2025-07-10T16:29:00.000Z,24.6,,mgm,0
17449,KANDIRA/KEFKEN ADASI DOĞU MENDİREK FENERİ,Kocaeli,Kandıra,Karadeniz,41.211869,30.260694,2025-07-10T16:29:00.000Z,25.4,,mgm,0
17452,YALOVA SAMANLIDERE TALİ (DOĞU) MENDİREK FENERİ,Yalova,Merkez,Marmara,40.660597,29.246969,2025-07-10T16:29:00.000Z,24.4,,mgm,0
17453,ZONGULDAK GÜNEY MENDİREK FENERİ,Zonguldak,Merkez,Karadeniz,41.458611,31.779166,2025-07-10T16:29:00.000Z,23.2,,mgm,0
17454,FATİH/KUMKAPI FENERİ,İstanbul,Fatih,Marmara,41.000994,28.965432,2025-07-10T16:29:00.000Z,22.1,,mgm,0
17455,SARIYER/RUMELİ FENERİ BAL. BAR. ANA MENDİREK FENERİ,İstanbul,Sarıyer,Karadeniz,41.229151,29.114919,2025-07-10T16:29:00.000Z,24.9,,mgm,0
17467,HOPA ANA MENDİREK FENERİ,Artvin,Hopa,Karadeniz,41.420291,41.429843,2025-07-10T16:29:00.000Z,27.8,,mgm,0
17470,İNCEBURUN (YILDIZADASI) MARMARİS FENERİ,Muğla,Marmaris,Akdeniz,36.813936,28.265907,2025-07-10T16:29:00.000Z,26.4,,mgm,0
17475,KEMER SIĞLIK FENERİ,Antalya,Kemer,Akdeniz,36.612395,30.574242,2025-07-10T16:29:00.000Z,28.3,,mgm,0
17476,KONYAALTI/ANTALYA YENİ LİMAN ANA MENDİREK FENERİ,Antalya,Konyaaltı,Akdeniz,36.834011,30.616572,2025-07-10T16:29:00.000Z,29.1,,mgm,0
17479,SİLİFKE/TAŞUCU SEKA ANA MENDİREK FENERİ,Mersin,Silifke,Akdeniz,36.309162,33.889845,2025-07-10T16:29:00.000Z,27.6,,mgm,0
17482,VAN LİMAN,Van,Tuşba,Van Gölü,38.51486,43.307362,2025-07-10T16:29:00.000Z,23.6,,mgm,0
17484,ADİLCEVAZ LİMAN,Bitlis,Adilcevaz,Van Gölü,38.797236,42.729931,2025-07-10T16:29:00.000Z,22.4,,mgm,0
17486,İSKENDERUN KÖRFEZİ,Hatay,Payas,Akdeniz,36.59159,36.17992,2025-07-10T16:29:00.000Z,28.8,,mgm,0
17491,GEVAŞ AKDAMAR FENERİ,Van,Gevaş,Van Gölü,38.309988,43.041398,2025-07-10T16:29:00.000Z,23.3,,mgm,0
17492,DİDİM MARİNA FENERİ,Aydın,Didim,Ege,37.3369,27.264,2025-07-10T16:29:00.000Z,25.5,,mgm,0
17493,SEFERİHİSAR/SIĞACIK MARİNA FENERİ,İzmir,Seferihisar,Ege,38.195707,26.782742,2025-07-10T16:29:00.000Z,25.7,,mgm,0
17494,İSTANBUL HAVALİMANI LİMAN FENERİ,İstanbul,Arnavutköy,Karadeniz,41.313998,28.788586,2025-07-10T16:29:00.000Z,22.0,,mgm,0
17495,ARHAVİ BALIKÇI BARINAĞI TALİ MENDİREK FENERİ,Artvin,Arhavi,Karadeniz,41.351192,41.293756,2025-07-10T16:29:00.000Z,26.8,,mgm,0
17496,AYANCIK ÇAYLIOĞLU BALIKÇI BARINAĞI FENERİ,Sinop,Merkez,Karadeniz,41.966,34.508711,2025-07-10T16:29:00.000Z,23.4,,mgm,0
17497,GELİBOLU SÜTLÜCE LİMANI KURU İSKELE,Çanakkale,Gelibolu,Marmara,40.320952,26.590161,2025-07-10T16:29:00.000Z,25.4,,mgm,0
17450,BODRUM YALIKAVAK GEMİTAŞI FENERİ,Muğla,Bodrum,Ege,37.150133,27.263333,2025-07-10T16:30:00.000Z,23.8,,mgm,0
17460,ÜNYE BALIKÇI BARINAĞI ANA MENDİREK FENERİ,Ordu,Ünye,Karadeniz,41.116448,37.348722,2025-07-10T16:30:00.000Z,25.9,,mgm,0
17464,TRABZON LİMANI ANA MENDİREK FENERİ,Trabzon,Ortahisar,Karadeniz,41.006776,39.750108,2025-07-10T16:30:00.000Z,24.5,,mgm,0
17466,ÇAYELİ BALIKÇI BARINAĞI TALİ MENDİREK FENERİ,Rize,Çayeli,Karadeniz,41.090095,40.722557,2025-07-10T16:30:00.000Z,21.5,,mgm,0
17465,ARAKLI BALIKÇI BARINAĞI TALİ MENDİREK FENERİ,Trabzon,Araklı,Karadeniz,40.945081,40.053776,2025-07-10T16:31:00.000Z,23.4,,mgm,0
17480,KARATAŞ BALIKÇI BARINAĞI TALİ MENDİREK FENERİ,Adana,Karataş,Akdeniz,36.557986,35.383499,2025-07-10T16:31:00.000Z,29.7,,mgm,0
17489,MUDANYA/GÜZELYALI BALIKÇI BARINAĞI,Bursa,Mudanya,Marmara,40.35612,28.934036,2025-07-10T16:32:00.000Z,23.1,,mgm,0
17491,GEVAŞ AKDAMAR FENERİ,Van,Gevaş,Van Gölü,38.309988,43.041398,2025-07-28T05:03:00.000Z,24.5,,mgm,0
17429,ECEABAT/KABATEPE GÜNEY MENDİREK FENERİ,Çanakkale,Eceabat,Ege,40.2019,26.2669,2025-07-28T05:54:00.000Z,24.7,,mgm,0
17015,AKÇAKOCA,Düzce,Akçakoca,Karadeniz,41.089528,31.143039,2025-07-28T06:00:00.000Z,24.0,,mgm,0
17024,İNEBOLU,Kastamonu,İnebolu,Karadeniz,41.978937,33.762945,2025-07-28T06:00:00.000Z,17.4,,mgm,0
17026,SİNOP,Sinop,Merkez,Karadeniz,42.029821,35.154286,2025-07-28T06:00:00.000Z,26.3,,mgm,0
17030,SAMSUN BÖLGE,Samsun,Atakum,Karadeniz,41.344286,36.255794,2025-07-28T06:00:00.000Z,27.4,,mgm,0
17033,ORDU,Ordu,Altınordu,Karadeniz,40.983833,37.885833,2025-07-28T06:00:00.000Z,27.0,,mgm,0
17034,GİRESUN,Giresun,Merkez,Karadeniz,40.922667,38.387833,2025-07-28T06:00:00.000Z,28.0,,mgm,0
17038,TRABZON HAVALİMANI,Trabzon,Ortahisar,Karadeniz,40.999133,39.779248,2025-07-28T06:00:00.000Z,25.8,,mgm,0
17040,RİZE,Rize,Merkez,Karadeniz,41.04,40.501333,2025-07-28T06:00:00.000Z,25.4,,mgm,0
17042,HOPA,Artvin,Hopa,Karadeniz,41.4065,41.433,2025-07-28T06:00:00.000Z,26.8,,mgm,0
17044,RİZE ARTVİN HAVALİMANI,Rize,Pazar,Karadeniz,41.177687,40.835223,2025-07-28T06:00:00.000Z,27.5,,mgm,0
17056,TEKİRDAĞ,Tekirdağ,Süleymanpaşa,Marmara,40.957959,27.496181,2025-07-28T06:00:00.000Z,26.1,,mgm,0
17112,ÇANAKKALE,Çanakkale,Merkez,Marmara,40.141428,26.399616,2025-07-28T06:00:00.000Z,25.0,,mgm,0
17175,AYVALIK,Balıkesir,Ayvalık,Ege,39.311292,26.686445,2025-07-28T06:00:00.000Z,25.0,,mgm,0
17180,DİKİLİ,İzmir,Dikili,Ege,39.073861,26.888093,2025-07-28T06:00:00.000Z,27.0,,mgm,0
17220,İZMİR BÖLGE,İzmir,Konak,Ege,38.3945,27.0821,2025-07-28T06:00:00.000Z,29.1,,mgm,0
17221,ÇEŞME,İzmir,Çeşme,Ege,38.303858,26.372882,2025-07-28T06:00:00.000Z,24.5,,mgm,0
17232,KUŞADASI,Aydın,Kuşadası,Ege,37.859636,27.265115,2025-07-28T06:00:00.000Z,26.6,,mgm,0
17290,BODRUM,Muğla,Bodrum,Ege,37.032611,27.439801,2025-07-28T06:00:00.000Z,27.0,,mgm,0
17296,FETHİYE,Muğla,Fethiye,Akdeniz,36.626611,29.123804,2025-07-28T06:00:00.000Z,28.7,,mgm,0
17297,DATÇA,Muğla,Datça,Ege,36.707945,27.691918,2025-07-28T06:00:00.000Z,26.5,,mgm,0
17298,MARMARİS,Muğla,Marmaris,Akdeniz,36.83926,28.244995,2025-07-28T06:00:00.000Z,28.3,,mgm,0
17310,ALANYA,Antalya,Alanya,Akdeniz,36.54999,31.979822,2025-07-28T06:00:00.000Z,29.0,,mgm,0
17320,ANAMUR,Mersin,Anamur,Akdeniz,36.068614,32.864876,2025-07-28T06:00:00.000Z,28.4,,mgm,0
17340,MERSİN,Mersin,Yenişehir,Akdeniz,36.780904,34.603125,2025-07-28T06:00:00.000Z,31.7,,mgm,0
17370,İSKENDERUN,Hatay,İskenderun,Akdeniz,36.592358,36.158158,2025-07-28T06:00:00.000Z,30.9,,mgm,0
17375,FİNİKE,Antalya,Finike,Akdeniz,36.3024,30.1458,2025-07-28T06:00:00.000Z,29.3,,mgm,0
17380,KAŞ,Antalya,Kaş,Akdeniz,36.200579,29.649995,2025-07-28T06:00:00.000Z,29.1,,mgm,0
17381,KUŞADASI 3. NOLU ŞAMANDIRA,Aydın,Kuşadası,Ege,37.8458,27.2194,2025-07-28T06:08:00.000Z,26.6,,mgm,0
17383,NARLIDERE/İZMİR KÖRFEZİ A NOKTASI IŞIKLI ŞAMANDIRA,İzmir,Narlıdere,Ege,38.421203,26.917843,2025-07-28T06:08:00.000Z,29.4,,mgm,0
17384,URLA/KUBİLAY SIĞLIĞI IŞIKLI ŞAMANDIRA,İzmir,Urla,Ege,38.4467,26.7175,2025-07-28T06:08:00.000Z,26.3,,mgm,0
17385,MERSİN GÜNEY MENDİREK İSTİKAMET FENERİ,Mersin,Akdeniz,Akdeniz,36.784036,34.635222,2025-07-28T06:08:00.000Z,31.8,,mgm,0
17386,BODRUM KARAADA SIĞLIK IŞIKLI ŞAMANDIRA,Muğla,Bodrum,Ege,37.0081,27.4142,2025-07-28T06:08:00.000Z,27.7,,mgm,0
17387,GİRESUN PALAMUT KAYALIĞI MAHMUZ FENERİ,Giresun,Merkez,Karadeniz,40.9182,38.3783,2025-07-28T06:08:00.000Z,28.0,,mgm,0
17388,SİLİVRİ TPAO ŞAMANDIRA,İstanbul,Silivri,Marmara,41.039565,28.187255,2025-07-28T06:08:00.000Z,27.0,,mgm,0
17421,AYVALIK KANAL SANCAK A FENERİ,Balıkesir,Ayvalık,Ege,39.323394,26.640546,2025-07-28T06:08:00.000Z,25.1,,mgm,0
17423,MARMARA BARINAK ANA MENDİREK FENERİ,Balıkesir,Marmara,Marmara,40.583839,27.560849,2025-07-28T06:08:00.000Z,26.7,,mgm,0
17424,MARMARA/SARAYLAR KÖYÜ BARINAK (SANDAL BASENİ) FENERİ,Balıkesir,Marmara,Marmara,40.657488,27.662533,2025-07-28T06:08:00.000Z,25.6,,mgm,0
17426,BARTIN GÜNEY MENDİREK FENERİ,Bartın,Merkez,Karadeniz,41.6864,32.2261,2025-07-28T06:08:00.000Z,12.0,,mgm,0
17427,BOZCAADA LİMAN GİRİŞİ GÜNEY MENDİREK FENERİ,Çanakkale,Bozcaada,Ege,39.8341,26.0748,2025-07-28T06:08:00.000Z,21.5,,mgm,0
17428,AYVACIK/GÜLPINAR ANA MENDİREK FENERİ,Çanakkale,Ayvacık,Ege,39.5658,26.0967,2025-07-28T06:08:00.000Z,23.9,,mgm,0
17430,GÖKÇEADA KALEKÖY ANA MENDİREK FENERİ,Çanakkale,Gökçeada,Ege,40.2317,25.8914,2025-07-28T06:08:00.000Z,27.4,,mgm,0
17431,BİGA/KARABİGA BAR. (B) NOKTASI GÜNEY MEN. FENERİ,Çanakkale,Biga,Marmara,40.399583,27.305591,2025-07-28T06:08:00.000Z,26.4,,mgm,0
17432,EZİNE/GEYİKLİ ODUNLUK İSKELE FENERİ,Çanakkale,Ezine,Ege,39.818998,26.160008,2025-07-28T06:08:00.000Z,20.7,,mgm,0
17433,GÖKÇEADA UĞURLU LİMAN FENERİ,Çanakkale,Gökçeada,Ege,40.1153,25.6989,2025-07-28T06:08:00.000Z,26.2,,mgm,0
17434,EZİNE YENİKÖY BAL.BAR. ANA MENDİREK FENERİ,Çanakkale,Ezine,Ege,39.9447,26.1611,2025-07-28T06:08:00.000Z,20.6,,mgm,0
17436,ENEZ TALİ MENDİREK FENERİ,Edirne,Enez,Ege,40.698218,26.051263,2025-07-28T06:08:00.000Z,26.2,,mgm,0
17437,TUZLA AYDINLI LİMAN FENERİ,İstanbul,Tuzla,Marmara,40.850611,29.271174,2025-07-28T06:08:00.000Z,26.8,,mgm,0
17438,SİLİVRİ ANA MENDİREK FENERİ,İstanbul,Silivri,Marmara,41.072866,28.238398,2025-07-28T06:08:00.000Z,26.5,,mgm,0
17441,GÜZELBAHÇE FENERİ,İzmir,Güzelbahçe,Ege,38.378579,26.885605,2025-07-28T06:08:00.000Z,28.5,,mgm,0
17442,KONAK/İZMİR PASAPORT MENDİREK FENERİ,İzmir,Konak,Ege,38.429236,27.131698,2025-07-28T06:08:00.000Z,29.0,,mgm,0
17443,ÇEŞME/KALE YERİ SIĞ.(DÖKÜNTÜTAŞI) FENERİ,İzmir,Çeşme,Ege,38.329226,26.267881,2025-07-28T06:08:00.000Z,24.6,,mgm,0
17445,CİDE KUZEY MENDİREK FENERİ,Kastamonu,Cide,Karadeniz,41.9006,32.9778,2025-07-28T06:08:00.000Z,13.3,,mgm,0
17448,TUZLA İTÜ GÜNEY MENDİREK FENERİ,İstanbul,Tuzla,Marmara,40.811828,29.297373,2025-07-28T06:08:00.000Z,24.4,,mgm,0
17449,KANDIRA/KEFKEN ADASI DOĞU MENDİREK FENERİ,Kocaeli,Kandıra,Karadeniz,41.211869,30.260694,2025-07-28T06:08:00.000Z,22.2,,mgm,0
17451,MARMARA EREĞLİSİ BAL.BAR.ANA MENDİREK FENERİ,Tekirdağ,Marmaraereğlisi,Marmara,40.970825,27.959676,2025-07-28T06:08:00.000Z,28.0,,mgm,0
17452,YALOVA SAMANLIDERE TALİ (DOĞU) MENDİREK FENERİ,Yalova,Merkez,Marmara,40.660597,29.246969,2025-07-28T06:08:00.000Z,24.8,,mgm,0
17453,ZONGULDAK GÜNEY MENDİREK FENERİ,Zonguldak,Merkez,Karadeniz,41.458611,31.779166,2025-07-28T06:08:00.000Z,18.6,,mgm,0
17454,FATİH/KUMKAPI FENERİ,İstanbul,Fatih,Marmara,41.000994,28.965432,2025-07-28T06:08:00.000Z,20.6,,mgm,0
17455,SARIYER/RUMELİ FENERİ BAL. BAR. ANA MENDİREK FENERİ,İstanbul,Sarıyer,Karadeniz,41.229151,29.114919,2025-07-28T06:08:00.000Z,23.2,,mgm,0
17467,HOPA ANA MENDİREK FENERİ,Artvin,Hopa,Karadeniz,41.420291,41.429843,2025-07-28T06:08:00.000Z,28.4,,mgm,0
17470,İNCEBURUN (YILDIZADASI) MARMARİS FENERİ,Muğla,Marmaris,Akdeniz,36.813936,28.265907,2025-07-28T06:08:00.000Z,27.4,,mgm,0
17475,KEMER SIĞLIK FENERİ,Antalya,Kemer,Akdeniz,36.612395,30.574242,2025-07-28T06:08:00.000Z,30.4,,mgm,0
17476,KONYAALTI/ANTALYA YENİ LİMAN ANA MENDİREK FENERİ,Antalya,Konyaaltı,Akdeniz,36.834011,30.616572,2025-07-28T06:08:00.000Z,30.4,,mgm,0
17479,SİLİFKE/TAŞUCU SEKA ANA MENDİREK FENERİ,Mersin,Silifke,Akdeniz,36.309162,33.889845,2025-07-28T06:08:00.000Z,29.2,,mgm,0
17482,VAN LİMAN,Van,Tuşba,Van Gölü,38.51486,43.307362,2025-07-28T06:08:00.000Z,25.2,,mgm,0
17483,TATVAN LİMAN,Bitlis,Tatvan,Van Gölü,38.512592,42.302103,2025-07-28T06:08:00.000Z,25.9,,mgm,0
17486,İSKENDERUN KÖRFEZİ,Hatay,Payas,Akdeniz,36.59159,36.17992,2025-07-28T06:08:00.000Z,30.9,,mgm,0
17492,DİDİM MARİNA FENERİ,Aydın,Didim,Ege,37.3369,27.264,2025-07-28T06:08:00.000Z,27.0,,mgm,0
17493,SEFERİHİSAR/SIĞACIK MARİNA FENERİ,İzmir,Seferihisar,Ege,38.195707,26.782742,2025-07-28T06:08:00.000Z,24.0,,mgm,0
17495,ARHAVİ BALIKÇI BARINAĞI TALİ MENDİREK FENERİ,Artvin,Arhavi,Karadeniz,41.351192,41.293756,2025-07-28T06:08:00.000Z,26.8,,mgm,0
17496,AYANCIK ÇAYLIOĞLU BALIKÇI BARINAĞI FENERİ,Sinop,Merkez,Karadeniz,41.966,34.508711,2025-07-28T06:08:00.000Z,14.3,,mgm,0
17497,GELİBOLU SÜTLÜCE LİMANI KURU İSKELE,Çanakkale,Gelibolu,Marmara,40.320952,26.590161,2025-07-28T06:08:00.000Z,27.0,,mgm,0
17450,BODRUM YALIKAVAK GEMİTAŞI FENERİ,Muğla,Bodrum,Ege,37.150133,27.263333,2025-07-28T06:09:00.000Z,24.7,,mgm,0
17460,ÜNYE BALIKÇI BARINAĞI ANA MENDİREK FENERİ,Ordu,Ünye,Karadeniz,41.116448,37.348722,2025-07-28T06:09:00.000Z,27.7,,mgm,0
17466,ÇAYELİ BALIKÇI BARINAĞI TALİ MENDİREK FENERİ,Rize,Çayeli,Karadeniz,41.090095,40.722557,2025-07-28T06:09:00.000Z,22.6,,mgm,0
17484,ADİLCEVAZ LİMAN,Bitlis,Adilcevaz,Van Gölü,38.797236,42.729931,2025-07-28T06:09:00.000Z,24.1,,mgm,0
17464,TRABZON LİMANI ANA MENDİREK FENERİ,Trabzon,Ortahisar,Karadeniz,41.006776,39.750108,2025-07-28T06:10:00.000Z,26.0,,mgm,0
17465,ARAKLI BALIKÇI BARINAĞI TALİ MENDİREK FENERİ,Trabzon,Araklı,Karadeniz,40.945081,40.053776,2025-07-28T06:10:00.000Z,24.5,,mgm,0
17480,KARATAŞ BALIKÇI BARINAĞI TALİ MENDİREK FENERİ,Adana,Karataş,Akdeniz,36.557986,35.383499,2025-07-28T06:11:00.000Z,30.8,,mgm,0
17489,MUDANYA/GÜZELYALI BALIKÇI BARINAĞI,Bursa,Mudanya,Marmara,40.35612,28.934036,2025-07-28T06:11:00.000Z,24.3,,mgm,0
17015,AKÇAKOCA,Düzce,Akçakoca,Karadeniz,41.089528,31.143039,2025-08-06T06:00:00.000Z,21.5,,turkiye.gov.tr,1
17024,İNEBOLU,Kastamonu,İnebolu,Karadeniz,41.978937,33.762945,2025-08-06T06:00:00.000Z,19.4,,turkiye.gov.tr,1
17026,SİNOP,Sinop,Merkez,Karadeniz,42.029821,35.154286,2025-08-06T06:00:00.000Z,27.4,,turkiye.gov.tr,1
17030,SAMSUN BÖLGE,Samsun,Atakum,Karadeniz,41.344286,36.255794,2025-08-06T06:00:00.000Z,27.4,,turkiye.gov.tr,1
17033,ORDU,Ordu,Altınordu,Karadeniz,40.983833,37.885833,2025-08-06T06:00:00.000Z,27.5,,turkiye.gov.tr,1
17034,GİRESUN,Giresun,Merkez,Karadeniz,40.922667,38.387833,2025-08-06T06:00:00.000Z,27.8,,turkiye.gov.tr,1
17038,TRABZON HAVALİMANI,Trabzon,Ortahisar,Karadeniz,40.999133,39.779248,2025-08-06T06:00:00.000Z,26.3,,turkiye.gov.tr,1
17040,RİZE,Rize,Merkez,Karadeniz,41.04,40.501333,2025-08-06T06:00:00.000Z,25.5,,turkiye.gov.tr,1
17042,HOPA,Artvin,Hopa,Karadeniz,41.4065,41.433,2025-08-06T06:00:00.000Z,28.0,,turkiye.gov.tr,1
17044,RİZE ARTVİN HAVALİMANI,Rize,Pazar,Karadeniz,41.177687,40.835223,2025-08-06T06:00:00.000Z,27.3,,turkiye.gov.tr,1
17056,TEKİRDAĞ,Tekirdağ,Süleymanpaşa,Marmara,40.957959,27.496181,2025-08-06T06:00:00.000Z,25.8,,turkiye.gov.tr,1
17112,ÇANAKKALE,Çanakkale,Merkez,Marmara,40.141428,26.399616,2025-08-06T06:00:00.000Z,26.5,,turkiye.gov.tr,1
17175,AYVALIK,Balıkesir,Ayvalık,Ege,39.311292,26.686445,2025-08-06T06:00:00.000Z,25.2,,turkiye.gov.tr,1
17180,DİKİLİ,İzmir,Dikili,Ege,39.073861,26.888093,2025-08-06T06:00:00.000Z,26.8,,turkiye.gov.tr,1
17220,İZMİR BÖLGE,İzmir,Konak,Ege,38.3945,27.0821,2025-08-06T06:00:00.000Z,29.4,,turkiye.gov.tr,1
17221,ÇEŞME,İzmir,Çeşme,Ege,38.303858,26.372882,2025-08-06T06:00:00.000Z,25.3,,turkiye.gov.tr,1
17232,KUŞADASI,Aydın,Kuşadası,Ege,37.859636,27.265115,2025-08-06T06:00:00.000Z,27.3,,turkiye.gov.tr,1
17290,BODRUM,Muğla,Bodrum,Ege,37.032611,27.439801,2025-08-06T06:00:00.000Z,27.0,,turkiye.gov.tr,1
17296,FETHİYE,Muğla,Fethiye,Akdeniz,36.626611,29.123804,2025-08-06T06:00:00.000Z,29.6,,turkiye.gov.tr,1
17297,DATÇA,Muğla,Datça,Ege,36.707945,27.691918,2025-08-06T06:00:00.000Z,25.5,,turkiye.gov.tr,1
17298,MARMARİS,Muğla,Marmaris,Akdeniz,36.83926,28.244995,2025-08-06T06:00:00.000Z,27.0,,turkiye.gov.tr,1
17310,ALANYA,Antalya,Alanya,Akdeniz,36.54999,31.979822,2025-08-06T06:00:00.000Z,30.0,,turkiye.gov.tr,1
17320,ANAMUR,Mersin,Anamur,Akdeniz,36.068614,32.864876,2025-08-06T06:00:00.000Z,28.6,,turkiye.gov.tr,1
17340,MERSİN,Mersin,Yenişehir,Akdeniz,36.780904,34.603125,2025-08-06T06:00:00.000Z,30.0,,turkiye.gov.tr,1
17370,İSKENDERUN,Hatay,İskenderun,Akdeniz,36.592358,36.158158,2025-08-06T06:00:00.000Z,29.9,,turkiye.gov.tr,1
17375,FİNİKE,Antalya,Finike,Akdeniz,36.3024,30.1458,2025-08-06T06:00:00.000Z,29.7,,turkiye.gov.tr,1
17380,KAŞ,Antalya,Kaş,Akdeniz,36.200579,29.649995,2025-08-06T06:00:00.000Z,29.4,,turkiye.gov.tr,1
17381,KUŞADASI 3. NOLU ŞAMANDIRA,Aydın,Kuşadası,Ege,37.8458,27.2194,2025-08-06T06:00:00.000Z,27.4,,turkiye.gov.tr,1
17383,NARLIDERE/İZMİR KÖRFEZİ A NOKTASI IŞIKLI ŞAMANDIRA,İzmir,Narlıdere,Ege,38.421203,26.917843,2025-08-06T06:00:00.000Z,30.7,,turkiye.gov.tr,1
17384,URLA/KUBİLAY SIĞLIĞI IŞIKLI ŞAMANDIRA,İzmir,Urla,Ege,38.4467,26.7175,2025-08-06T06:00:00.000Z,27.0,,turkiye.gov.tr,1
17385,MERSİN GÜNEY MENDİREK İSTİKAMET FENERİ,Mersin,Akdeniz,Akdeniz,36.784036,34.635222,2025-08-06T06:00:00.000Z,30.6,,turkiye.gov.tr,1
17386,BODRUM KARAADA SIĞLIK IŞIKLI ŞAMANDIRA,Muğla,Bodrum,Ege,37.0081,27.4142,2025-08-06T06:00:00.000Z,27.3,,turkiye.gov.tr,1
17387,GİRESUN PALAMUT KAYALIĞI MAHMUZ FENERİ,Giresun,Merkez,Karadeniz,40.9182,38.3783,2025-08-06T06:00:00.000Z,28.6,,turkiye.gov.tr,1
17388,SİLİVRİ TPAO ŞAMANDIRA,İstanbul,Silivri,Marmara,41.039565,28.187255,2025-08-06T06:00:00.000Z,26.6,,turkiye.gov.tr,1
17391,SAMSUN ŞAMANDIRA,Samsun,Çarşamba,Karadeniz,41.436283,36.557767,2025-08-06T06:00:00.000Z,28.2,,turkiye.gov.tr,1
17421,AYVALIK KANAL SANCAK A FENERİ,Balıkesir,Ayvalık,Ege,39.323394,26.640546,2025-08-06T06:00:00.000Z,26.5,,turkiye.gov.tr,1
17423,MARMARA BARINAK ANA MENDİREK FENERİ,Balıkesir,Marmara,Marmara,40.583839,27.560849,2025-08-06T06:00:00.000Z,25.8,,turkiye.gov.tr,1
17424,MARMARA/SARAYLAR KÖYÜ BARINAK (SANDAL BASENİ) FENERİ,Balıkesir,Marmara,Marmara,40.657488,27.662533,2025-08-06T06:00:00.000Z,25.8,,turkiye.gov.tr,1
17426,BARTIN GÜNEY MENDİREK FENERİ,Bartın,Merkez,Karadeniz,41.6864,32.2261,2025-08-06T06:00:00.000Z,14.6,,turkiye.gov.tr,1
17427,BOZCAADA LİMAN GİRİŞİ GÜNEY MENDİREK FENERİ,Çanakkale,Bozcaada,Ege,39.8341,26.0748,2025-08-06T06:00:00.000Z,22.1,,turkiye.gov.tr,1
17428,AYVACIK/GÜLPINAR ANA MENDİREK FENERİ,Çanakkale,Ayvacık,Ege,39.5658,26.0967,2025-08-06T06:00:00.000Z,24.8,,turkiye.gov.tr,1
17429,ECEABAT/KABATEPE GÜNEY MENDİREK FENERİ,Çanakkale,Eceabat,Ege,40.2019,26.2669,2025-08-06T06:00:00.000Z,22.7,,turkiye.gov.tr,1
17430,GÖKÇEADA KALEKÖY ANA MENDİREK FENERİ,Çanakkale,Gökçeada,Ege,40.2317,25.8914,2025-08-06T06:00:00.000Z,26.4,,turkiye.gov.tr,1
17431,BİGA/KARABİGA BAR. (B) NOKTASI GÜNEY MEN. FENERİ,Çanakkale,Biga,Marmara,40.399583,27.305591,2025-08-06T06:00:00.000Z,27.0,,turkiye.gov.tr,1
17432,EZİNE/GEYİKLİ ODUNLUK İSKELE FENERİ,Çanakkale,Ezine,Ege,39.818998,26.160008,2025-08-06T06:00:00.000Z,22.0,,turkiye.gov.tr,1
17433,GÖKÇEADA UĞURLU LİMAN FENERİ,Çanakkale,Gökçeada,Ege,40.1153,25.6989,2025-08-06T06:00:00.000Z,26.1,,turkiye.gov.tr,1
17436,ENEZ TALİ MENDİREK FENERİ,Edirne,Enez,Ege,40.698218,26.051263,2025-08-06T06:00:00.000Z,26.7,,turkiye.gov.tr,1
17437,TUZLA AYDINLI LİMAN FENERİ,İstanbul,Tuzla,Marmara,40.850611,29.271174,2025-08-06T06:00:00.000Z,25.9,,turkiye.gov.tr,1
17438,SİLİVRİ ANA MENDİREK FENERİ,İstanbul,Silivri,Marmara,41.072866,28.238398,2025-08-06T06:00:00.000Z,27.5,,turkiye.gov.tr,1
17439,FOÇA/AZAPLAR (VENEDİK) KAYALIĞI FENERİ,İzmir,Foça,Ege,38.616562,26.744274,2025-08-06T06:00:00.000Z,27.4,,turkiye.gov.tr,1
17441,GÜZELBAHÇE FENERİ,İzmir,Güzelbahçe,Ege,38.378579,26.885605,2025-08-06T06:00:00.000Z,30.3,,turkiye.gov.tr,1
17442,KONAK/İZMİR PASAPORT MENDİREK FENERİ,İzmir,Konak,Ege,38.429236,27.131698,2025-08-06T06:00:00.000Z,29.8,,turkiye.gov.tr,1
17443,ÇEŞME/KALE YERİ SIĞ.(DÖKÜNTÜTAŞI) FENERİ,İzmir,Çeşme,Ege,38.329226,26.267881,2025-08-06T06:00:00.000Z,25.9,,turkiye.gov.tr,1
17445,CİDE KUZEY MENDİREK FENERİ,Kastamonu,Cide,Karadeniz,41.9006,32.9778,2025-08-06T06:00:00.000Z,17.5,,turkiye.gov.tr,1
17448,TUZLA İTÜ GÜNEY MENDİREK FENERİ,İstanbul,Tuzla,Marmara,40.811828,29.297373,2025-08-06T06:00:00.000Z,23.9,,turkiye.gov.tr,1
17449,KANDIRA/KEFKEN ADASI DOĞU MENDİREK FENERİ,Kocaeli,Kandıra,Karadeniz,41.211869,30.260694,2025-08-06T06:00:00.000Z,23.9,,turkiye.gov.tr,1
17450,BODRUM YALIKAVAK GEMİTAŞI FENERİ,Muğla,Bodrum,Ege,37.150133,27.263333,2025-08-06T06:00:00.000Z,26.0,,turkiye.gov.tr,1
17451,MARMARA EREĞLİSİ BAL.BAR.ANA MENDİREK FENERİ,Tekirdağ,Marmaraereğlisi,Marmara,40.970825,27.959676,2025-08-06T06:00:00.000Z,27.8,,turkiye.gov.tr,1
17452,YALOVA SAMANLIDERE TALİ (DOĞU) MENDİREK FENERİ,Yalova,Merkez,Marmara,40.660597,29.246969,2025-08-06T06:00:00.000Z,24.2,,turkiye.gov.tr,1
17453,ZONGULDAK GÜNEY MENDİREK FENERİ,Zonguldak,Merkez,Karadeniz,41.458611,31.779166,2025-08-06T06:00:00.000Z,22.0,,turkiye.gov.tr,1
17454,FATİH/KUMKAPI FENERİ,İstanbul,Fatih,Marmara,41.000994,28.965432,2025-08-06T06:00:00.000Z,24.0,,turkiye.gov.tr,1
17455,SARIYER/RUMELİ FENERİ BAL. BAR. ANA MENDİREK FENERİ,İstanbul,Sarıyer,Karadeniz,41.229151,29.114919,2025-08-06T06:00:00.000Z,26.2,,turkiye.gov.tr,1
17460,ÜNYE BALIKÇI BARINAĞI ANA MENDİREK FENERİ,Ordu,Ünye,Karadeniz,41.116448,37.348722,2025-08-06T06:00:00.000Z,27.7,,turkiye.gov.tr,1
17464,TRABZON LİMANI ANA MENDİREK FENERİ,Trabzon,Ortahisar,Karadeniz,41.006776,39.750108,2025-08-06T06:00:00.000Z,26.3,,turkiye.gov.tr,1
17465,ARAKLI BALIKÇI BARINAĞI TALİ MENDİREK FENERİ,Trabzon,Araklı,Karadeniz,40.945081,40.053776,2025-08-06T06:00:00.000Z,24.6,,turkiye.gov.tr,1
17466,ÇAYELİ BALIKÇI BARINAĞI TALİ MENDİREK FENERİ,Rize,Çayeli,Karadeniz,41.090095,40.722557,2025-08-06T06:00:00.000Z,22.4,,turkiye.gov.tr,1
17467,HOPA ANA MENDİREK FENERİ,Artvin,Hopa,Karadeniz,41.420291,41.429843,2025-08-06T06:00:00.000Z,28.4,,turkiye.gov.tr,1
17470,İNCEBURUN (YILDIZADASI) MARMARİS FENERİ,Muğla,Marmaris,Akdeniz,36.813936,28.265907,2025-08-06T06:00:00.000Z,28.4,,turkiye.gov.tr,1
17475,KEMER SIĞLIK FENERİ,Antalya,Kemer,Akdeniz,36.612395,30.574242,2025-08-06T06:00:00.000Z,31.1,,turkiye.gov.tr,1
17476,KONYAALTI/ANTALYA YENİ LİMAN ANA MENDİREK FENERİ,Antalya,Konyaaltı,Akdeniz,36.834011,30.616572,2025-08-06T06:00:00.000Z,31.6,,turkiye.gov.tr,1
17479,SİLİFKE/TAŞUCU SEKA ANA MENDİREK FENERİ,Mersin,Silifke,Akdeniz,36.309162,33.889845,2025-08-06T06:00:00.000Z,29.2,,turkiye.gov.tr,1
17480,KARATAŞ BALIKÇI BARINAĞI TALİ MENDİREK FENERİ,Adana,Karataş,Akdeniz,36.557986,35.383499,2025-08-06T06:00:00.000Z,30.7,,turkiye.gov.tr,1
17482,VAN LİMAN,Van,Tuşba,Van Gölü,38.51486,43.307362,2025-08-06T06:00:00.000Z,27.3,,turkiye.gov.tr,1
17483,TATVAN LİMAN,Bitlis,Tatvan,Van Gölü,38.512592,42.302103,2025-08-06T06:00:00.000Z,27.1,,turkiye.gov.tr,1
17484,ADİLCEVAZ LİMAN,Bitlis,Adilcevaz,Van Gölü,38.797236,42.729931,2025-08-06T06:00:00.000Z,26.8,,turkiye.gov.tr,1
17486,İSKENDERUN KÖRFEZİ,Hatay,Payas,Akdeniz,36.59159,36.17992,2025-08-06T06:00:00.000Z,30.7,,turkiye.gov.tr,1
17489,MUDANYA/GÜZELYALI BALIKÇI BARINAĞI,Bursa,Mudanya,Marmara,40.35612,28.934036,2025-08-06T06:00:00.000Z,24.3,,turkiye.gov.tr,1
17491,GEVAŞ AKDAMAR FENERİ,Van,Gevaş,Van Gölü,38.309988,43.041398,2025-08-06T06:00:00.000Z,26.0,,turkiye.gov.tr,1
17492,DİDİM MARİNA FENERİ,Aydın,Didim,Ege,37.3369,27.264,2025-08-06T06:00:00.000Z,27.8,,turkiye.gov.tr,1
17493,SEFERİHİSAR/SIĞACIK MARİNA FENERİ,İzmir,Seferihisar,Ege,38.195707,26.782742,2025-08-06T06:00:00.000Z,26.9,,turkiye.gov.tr,1
17494,İSTANBUL HAVALİMANI LİMAN FENERİ,İstanbul,Arnavutköy,Karadeniz,41.313998,28.788586,2025-08-06T06:00:00.000Z,25.7,,turkiye.gov.tr,1
17495,ARHAVİ BALIKÇI BARINAĞI TALİ MENDİREK FENERİ,Artvin,Arhavi,Karadeniz,41.351192,41.293756,2025-08-06T06:00:00.000Z,26.5,,turkiye.gov.tr,1
17496,AYANCIK ÇAYLIOĞLU BALIKÇI BARINAĞI FENERİ,Sinop,Merkez,Karadeniz,41.966,34.508711,2025-08-06T06:00:00.000Z,23.5,,turkiye.gov.tr,1
17497,GELİBOLU SÜTLÜCE LİMANI KURU İSKELE,Çanakkale,Gelibolu,Marmara,40.320952,26.590161,2025-08-06T06:00:00.000Z,26.9,,turkiye.gov.tr,1
17015,AKÇAKOCA,Düzce,Akçakoca,Karadeniz,41.089528,31.143039,2025-08-13T06:00:00.000Z,20.8,,mgm,0
17024,İNEBOLU,Kastamonu,İnebolu,Karadeniz,41.978937,33.762945,2025-08-13T06:00:00.000Z,20.2,,mgm,0
17026,SİNOP,Sinop,Merkez,Karadeniz,42.029821,35.154286,2025-08-13T06:00:00.000Z,26.6,,mgm,0
17030,SAMSUN BÖLGE,Samsun,Atakum,Karadeniz,41.344286,36.255794,2025-08-13T06:00:00.000Z,28.1,,mgm,0
17033,ORDU,Ordu,Altınordu,Karadeniz,40.983833,37.885833,2025-08-13T06:00:00.000Z,26.4,,mgm,0
17034,GİRESUN,Giresun,Merkez,Karadeniz,40.922667,38.387833,2025-08-13T06:00:00.000Z,28.1,,mgm,0
17038,TRABZON HAVALİMANI,Trabzon,Ortahisar,Karadeniz,40.999133,39.779248,2025-08-13T06:00:00.000Z,25.5,,mgm,0
17040,RİZE,Rize,Merkez,Karadeniz,41.04,40.501333,2025-08-13T06:00:00.000Z,25.1,,mgm,0
17042,HOPA,Artvin,Hopa,Karadeniz,41.4065,41.433,2025-08-13T06:00:00.000Z,27.5,,mgm,0
17044,RİZE ARTVİN HAVALİMANI,Rize,Pazar,Karadeniz,41.177687,40.835223,2025-08-13T06:00:00.000Z,27.0,,mgm,0
17056,TEKİRDAĞ,Tekirdağ,Süleymanpaşa,Marmara,40.957959,27.496181,2025-08-13T06:00:00.000Z,25.0,,mgm,0
17112,ÇANAKKALE,Çanakkale,Merkez,Marmara,40.141428,26.399616,2025-08-13T06:00:00.000Z,25.3,,mgm,0
17175,AYVALIK,Balıkesir,Ayvalık,Ege,39.311292,26.686445,2025-08-13T06:00:00.000Z,25.0,,mgm,0
17180,DİKİLİ,İzmir,Dikili,Ege,39.073861,26.888093,2025-08-13T06:00:00.000Z,27.0,,mgm,0
17220,İZMİR BÖLGE,İzmir,Konak,Ege,38.3945,27.0821,2025-08-13T06:00:00.000Z,28.6,,mgm,0
17221,ÇEŞME,İzmir,Çeşme,Ege,38.303858,26.372882,2025-08-13T06:00:00.000Z,23.9,,mgm,0
17232,KUŞADASI,Aydın,Kuşadası,Ege,37.859636,27.265115,2025-08-13T06:00:00.000Z,27.6,,mgm,0
17290,BODRUM,Muğla,Bodrum,Ege,37.032611,27.439801,2025-08-13T06:00:00.000Z,29.0,,mgm,0
17296,FETHİYE,Muğla,Fethiye,Akdeniz,36.626611,29.123804,2025-08-13T06:00:00.000Z,30.1,,mgm,0
17297,DATÇA,Muğla,Datça,Ege,36.707945,27.691918,2025-08-13T06:00:00.000Z,27.3,,mgm,0
17298,MARMARİS,Muğla,Marmaris,Akdeniz,36.83926,28.244995,2025-08-13T06:00:00.000Z,28.9,,mgm,0
17310,ALANYA,Antalya,Alanya,Akdeniz,36.54999,31.979822,2025-08-13T06:00:00.000Z,30.2,,mgm,0
17320,ANAMUR,Mersin,Anamur,Akdeniz,36.068614,32.864876,2025-08-13T06:00:00.000Z,29.2,,mgm,0
17370,İSKENDERUN,Hatay,İskenderun,Akdeniz,36.592358,36.158158,2025-08-13T06:00:00.000Z,31.4,,mgm,0
17375,FİNİKE,Antalya,Finike,Akdeniz,36.3024,30.1458,2025-08-13T06:00:00.000Z,30.1,,mgm,0
17380,KAŞ,Antalya,Kaş,Akdeniz,36.200579,29.649995,2025-08-13T06:00:00.000Z,29.7,,mgm,0
17381,KUŞADASI 3. NOLU ŞAMANDIRA,Aydın,Kuşadası,Ege,37.8458,27.2194,2025-08-13T07:32:00.000Z,27.5,,mgm,0
17383,NARLIDERE/İZMİR KÖRFEZİ A NOKTASI IŞIKLI ŞAMANDIRA,İzmir,Narlıdere,Ege,38.421203,26.917843,2025-08-13T07:32:00.000Z,29.8,,mgm,0
17384,URLA/KUBİLAY SIĞLIĞI IŞIKLI ŞAMANDIRA,İzmir,Urla,Ege,38.4467,26.7175,2025-08-13T07:32:00.000Z,25.8,,mgm,0
17385,MERSİN GÜNEY MENDİREK İSTİKAMET FENERİ,Mersin,Akdeniz,Akdeniz,36.784036,34.635222,2025-08-13T07:32:00.000Z,27.8,,mgm,0
17386,BODRUM KARAADA SIĞLIK IŞIKLI ŞAMANDIRA,Muğla,Bodrum,Ege,37.0081,27.4142,2025-08-13T07:32:00.000Z,29.0,,mgm,0
17387,GİRESUN PALAMUT KAYALIĞI MAHMUZ FENERİ,Giresun,Merkez,Karadeniz,40.9182,38.3783,2025-08-13T07:32:00.000Z,28.4,,mgm,0
17388,SİLİVRİ TPAO ŞAMANDIRA,İstanbul,Silivri,Marmara,41.039565,28.187255,2025-08-13T07:32:00.000Z,25.7,,mgm,0
17421,AYVALIK KANAL SANCAK A FENERİ,Balıkesir,Ayvalık,Ege,39.323394,26.640546,2025-08-13T07:32:00.000Z,23.9,,mgm,0
17423,MARMARA BARINAK ANA MENDİREK FENERİ,Balıkesir,Marmara,Marmara,40.583839,27.560849,2025-08-13T07:32:00.000Z,25.1,,mgm,0
17424,MARMARA/SARAYLAR KÖYÜ BARINAK (SANDAL BASENİ) FENERİ,Balıkesir,Marmara,Marmara,40.657488,27.662533,2025-08-13T07:32:00.000Z,24.9,,mgm,0
17426,BARTIN GÜNEY MENDİREK FENERİ,Bartın,Merkez,Karadeniz,41.6864,32.2261,2025-08-13T07:32:00.000Z,15.7,,mgm,0
17427,BOZCAADA LİMAN GİRİŞİ GÜNEY MENDİREK FENERİ,Çanakkale,Bozcaada,Ege,39.8341,26.0748,2025-08-13T07:32:00.000Z,20.4,,mgm,0
17428,AYVACIK/GÜLPINAR ANA MENDİREK FENERİ,Çanakkale,Ayvacık,Ege,39.5658,26.0967,2025-08-13T07:32:00.000Z,21.7,,mgm,0
17429,ECEABAT/KABATEPE GÜNEY MENDİREK FENERİ,Çanakkale,Eceabat,Ege,40.2019,26.2669,2025-08-13T07:32:00.000Z,18.3,,mgm,0
17430,GÖKÇEADA KALEKÖY ANA MENDİREK FENERİ,Çanakkale,Gökçeada,Ege,40.2317,25.8914,2025-08-13T07:32:00.000Z,25.7,,mgm,0
17431,BİGA/KARABİGA BAR. (B) NOKTASI GÜNEY MEN. FENERİ,Çanakkale,Biga,Marmara,40.399583,27.305591,2025-08-13T07:32:00.000Z,24.5,,mgm,0
17432,EZİNE/GEYİKLİ ODUNLUK İSKELE FENERİ,Çanakkale,Ezine,Ege,39.818998,26.160008,2025-08-13T07:32:00.000Z,19.9,,mgm,0
17433,GÖKÇEADA UĞURLU LİMAN FENERİ,Çanakkale,Gökçeada,Ege,40.1153,25.6989,2025-08-13T07:32:00.000Z,24.4,,mgm,0
17434,EZİNE YENİKÖY BAL.BAR. ANA MENDİREK FENERİ,Çanakkale,Ezine,Ege,39.9447,26.1611,2025-08-13T07:32:00.000Z,18.8,,mgm,0
17436,ENEZ TALİ MENDİREK FENERİ,Edirne,Enez,Ege,40.698218,26.051263,2025-08-13T07:32:00.000Z,21.1,,mgm,0
17437,TUZLA AYDINLI LİMAN FENERİ,İstanbul,Tuzla,Marmara,40.850611,29.271174,2025-08-13T07:32:00.000Z,24.5,,mgm,0
17438,SİLİVRİ ANA MENDİREK FENERİ,İstanbul,Silivri,Marmara,41.072866,28.238398,2025-08-13T07:32:00.000Z,25.5,,mgm,0
17439,FOÇA/AZAPLAR (VENEDİK) KAYALIĞI FENERİ,İzmir,Foça,Ege,38.616562,26.744274,2025-08-13T07:32:00.000Z,26.5,,mgm,0
17441,GÜZELBAHÇE FENERİ,İzmir,Güzelbahçe,Ege,38.378579,26.885605,2025-08-13T07:32:00.000Z,28.1,,mgm,0
17442,KONAK/İZMİR PASAPORT MENDİREK FENERİ,İzmir,Konak,Ege,38.429236,27.131698,2025-08-13T07:32:00.000Z,28.5,,mgm,0
17443,ÇEŞME/KALE YERİ SIĞ.(DÖKÜNTÜTAŞI) FENERİ,İzmir,Çeşme,Ege,38.329226,26.267881,2025-08-13T07:32:00.000Z,24.0,,mgm,0
17445,CİDE KUZEY MENDİREK FENERİ,Kastamonu,Cide,Karadeniz,41.9006,32.9778,2025-08-13T07:32:00.000Z,18.0,,mgm,0
17447,VİZE/MİDYE KIYIKÖY BATI MENDİREK FENERİ (ANA),Kırklareli,Vize,Karadeniz,41.630847,28.101353,2025-08-13T07:32:00.000Z,24.6,,mgm,0
17448,TUZLA İTÜ GÜNEY MENDİREK FENERİ,İstanbul,Tuzla,Marmara,40.811828,29.297373,2025-08-13T07:32:00.000Z,22.8,,mgm,0
17449,KANDIRA/KEFKEN ADASI DOĞU MENDİREK FENERİ,Kocaeli,Kandıra,Karadeniz,41.211869,30.260694,2025-08-13T07:32:00.000Z,25.4,,mgm,0
17452,YALOVA SAMANLIDERE TALİ (DOĞU) MENDİREK FENERİ,Yalova,Merkez,Marmara,40.660597,29.246969,2025-08-13T07:32:00.000Z,23.0,,mgm,0
17453,ZONGULDAK GÜNEY MENDİREK FENERİ,Zonguldak,Merkez,Karadeniz,41.458611,31.779166,2025-08-13T07:32:00.000Z,21.2,,mgm,0
17454,FATİH/KUMKAPI FENERİ,İstanbul,Fatih,Marmara,41.000994,28.965432,2025-08-13T07:32:00.000Z,23.9,,mgm,0
17455,SARIYER/RUMELİ FENERİ BAL. BAR. ANA MENDİREK FENERİ,İstanbul,Sarıyer,Karadeniz,41.229151,29.114919,2025-08-13T07:32:00.000Z,26.1,,mgm,0
17467,HOPA ANA MENDİREK FENERİ,Artvin,Hopa,Karadeniz,41.420291,41.429843,2025-08-13T07:32:00.000Z,27.3,,mgm,0
17470,İNCEBURUN (YILDIZADASI) MARMARİS FENERİ,Muğla,Marmaris,Akdeniz,36.813936,28.265907,2025-08-13T07:32:00.000Z,29.1,,mgm,0
17476,KONYAALTI/ANTALYA YENİ LİMAN ANA MENDİREK FENERİ,Antalya,Konyaaltı,Akdeniz,36.834011,30.616572,2025-08-13T07:32:00.000Z,31.2,,mgm,0
17486,İSKENDERUN KÖRFEZİ,Hatay,Payas,Akdeniz,36.59159,36.17992,2025-08-13T07:32:00.000Z,32.0,,mgm,0
17491,GEVAŞ AKDAMAR FENERİ,Van,Gevaş,Van Gölü,38.309988,43.041398,2025-08-13T07:32:00.000Z,25.8,,mgm,0
17492,DİDİM MARİNA FENERİ,Aydın,Didim,Ege,37.3369,27.264,2025-08-13T07:32:00.000Z,28.0,,mgm,0
17493,SEFERİHİSAR/SIĞACIK MARİNA FENERİ,İzmir,Seferihisar,Ege,38.195707,26.782742,2025-08-13T07:32:00.000Z,24.2,,mgm,0
17494,İSTANBUL HAVALİMANI LİMAN FENERİ,İstanbul,Arnavutköy,Karadeniz,41.313998,28.788586,2025-08-13T07:32:00.000Z,25.5,,mgm,0
17495,ARHAVİ BALIKÇI BARINAĞI TALİ MENDİREK FENERİ,Artvin,Arhavi,Karadeniz,41.351192,41.293756,2025-08-13T07:32:00.000Z,25.5,,mgm,0
17496,AYANCIK ÇAYLIOĞLU BALIKÇI BARINAĞI FENERİ,Sinop,Merkez,Karadeniz,41.966,34.508711,2025-08-13T07:32:00.000Z,20.2,,mgm,0
17497,GELİBOLU SÜTLÜCE LİMANI KURU İSKELE,Çanakkale,Gelibolu,Marmara,40.320952,26.590161,2025-08-13T07:32:00.000Z,25.8,,mgm,0
17450,BODRUM YALIKAVAK GEMİTAŞI FENERİ,Muğla,Bodrum,Ege,37.150133,27.263333,2025-08-13T07:33:00.000Z,26.0,,mgm,0
17460,ÜNYE BALIKÇI BARINAĞI ANA MENDİREK FENERİ,Ordu,Ünye,Karadeniz,41.116448,37.348722,2025-08-13T07:33:00.000Z,25.7,,mgm,0
17475,KEMER SIĞLIK FENERİ,Antalya,Kemer,Akdeniz,36.612395,30.574242,2025-08-13T07:33:00.000Z,30.8,,mgm,0
17479,SİLİFKE/TAŞUCU SEKA ANA MENDİREK FENERİ,Mersin,Silifke,Akdeniz,36.309162,33.889845,2025-08-13T07:33:00.000Z,29.2,,mgm,0
17482,VAN LİMAN,Van,Tuşba,Van Gölü,38.51486,43.307362,2025-08-13T07:33:00.000Z,26.4,,mgm,0
17483,TATVAN LİMAN,Bitlis,Tatvan,Van Gölü,38.512592,42.302103,2025-08-13T07:33:00.000Z,25.7,,mgm,0
17484,ADİLCEVAZ LİMAN,Bitlis,Adilcevaz,Van Gölü,38.797236,42.729931,2025-08-13T07:33:00.000Z,25.2,,mgm,0
17464,TRABZON LİMANI ANA MENDİREK FENERİ,Trabzon,Ortahisar,Karadeniz,41.006776,39.750108,2025-08-13T07:34:00.000Z,25.9,,mgm,0
17466,ÇAYELİ BALIKÇI BARINAĞI TALİ MENDİREK FENERİ,Rize,Çayeli,Karadeniz,41.090095,40.722557,2025-08-13T07:34:00.000Z,22.3,,mgm,0
17465,ARAKLI BALIKÇI BARINAĞI TALİ MENDİREK FENERİ,Trabzon,Araklı,Karadeniz,40.945081,40.053776,2025-08-13T07:35:00.000Z,24.1,,mgm,0
17480,KARATAŞ BALIKÇI BARINAĞI TALİ MENDİREK FENERİ,Adana,Karataş,Akdeniz,36.557986,35.383499,2025-08-13T07:35:00.000Z,31.1,,mgm,0
17489,MUDANYA/GÜZELYALI BALIKÇI BARINAĞI,Bursa,Mudanya,Marmara,40.35612,28.934036,2025-08-13T07:35:00.000Z,22.1,,mgm,0
17015,AKÇAKOCA,Düzce,Akçakoca,Karadeniz,41.089528,31.143039,2025-08-14T06:00:00.000Z,19.5,,turkiye.gov.tr,1
17024,İNEBOLU,Kastamonu,İnebolu,Karadeniz,41.978937,33.762945,2025-08-14T06:00:00.000Z,19.0,,turkiye.gov.tr,1
17026,SİNOP,Sinop,Merkez,Karadeniz,42.029821,35.154286,2025-08-14T06:00:00.000Z,26.5,,turkiye.gov.tr,1
17030,SAMSUN BÖLGE,Samsun,Atakum,Karadeniz,41.344286,36.255794,2025-08-14T06:00:00.000Z,27.2,,turkiye.gov.tr,1
17033,ORDU,Ordu,Altınordu,Karadeniz,40.983833,37.885833,2025-08-14T06:00:00.000Z,26.4,,turkiye.gov.tr,1
17034,GİRESUN,Giresun,Merkez,Karadeniz,40.922667,38.387833,2025-08-14T06:00:00.000Z,27.6,,turkiye.gov.tr,1
17038,TRABZON HAVALİMANI,Trabzon,Ortahisar,Karadeniz,40.999133,39.779248,2025-08-14T06:00:00.000Z,25.5,,turkiye.gov.tr,1
17040,RİZE,Rize,Merkez,Karadeniz,41.04,40.501333,2025-08-14T06:00:00.000Z,25.2,,turkiye.gov.tr,1
17042,HOPA,Artvin,Hopa,Karadeniz,41.4065,41.433,2025-08-14T06:00:00.000Z,27.5,,turkiye.gov.tr,1
17044,RİZE ARTVİN HAVALİMANI,Rize,Pazar,Karadeniz,41.177687,40.835223,2025-08-14T06:00:00.000Z,27.2,,turkiye.gov.tr,1
17056,TEKİRDAĞ,Tekirdağ,Süleymanpaşa,Marmara,40.957959,27.496181,2025-08-14T06:00:00.000Z,25.0,,turkiye.gov.tr,1
17112,ÇANAKKALE,Çanakkale,Merkez,Marmara,40.141428,26.399616,2025-08-14T06:00:00.000Z,25.3,,turkiye.gov.tr,1
17175,AYVALIK,Balıkesir,Ayvalık,Ege,39.311292,26.686445,2025-08-14T06:00:00.000Z,25.0,,turkiye.gov.tr,1
17180,DİKİLİ,İzmir,Dikili,Ege,39.073861,26.888093,2025-08-14T06:00:00.000Z,27.2,,turkiye.gov.tr,1
17220,İZMİR BÖLGE,İzmir,Konak,Ege,38.3945,27.0821,2025-08-14T06:00:00.000Z,28.9,,turkiye.gov.tr,1
17221,ÇEŞME,İzmir,Çeşme,Ege,38.303858,26.372882,2025-08-14T06:00:00.000Z,24.5,,turkiye.gov.tr,1
17232,KUŞADASI,Aydın,Kuşadası,Ege,37.859636,27.265115,2025-08-14T06:00:00.000Z,27.0,,turkiye.gov.tr,1
17290,BODRUM,Muğla,Bodrum,Ege,37.032611,27.439801,2025-08-14T06:00:00.000Z,28.4,,turkiye.gov.tr,1
17296,FETHİYE,Muğla,Fethiye,Akdeniz,36.626611,29.123804,2025-08-14T06:00:00.000Z,30.0,,turkiye.gov.tr,1
17297,DATÇA,Muğla,Datça,Ege,36.707945,27.691918,2025-08-14T06:00:00.000Z,27.6,,turkiye.gov.tr,1
17298,MARMARİS,Muğla,Marmaris,Akdeniz,36.83926,28.244995,2025-08-14T06:00:00.000Z,28.9,,turkiye.gov.tr,1
17310,ALANYA,Antalya,Alanya,Akdeniz,36.54999,31.979822,2025-08-14T06:00:00.000Z,30.3,,turkiye.gov.tr,1
17320,ANAMUR,Mersin,Anamur,Akdeniz,36.068614,32.864876,2025-08-14T06:00:00.000Z,29.2,,turkiye.gov.tr,1
17340,MERSİN,Mersin,Yenişehir,Akdeniz,36.780904,34.603125,2025-08-14T06:00:00.000Z,30.1,,turkiye.gov.tr,1
17370,İSKENDERUN,Hatay,İskenderun,Akdeniz,36.592358,36.158158,2025-08-14T06:00:00.000Z,31.3,,turkiye.gov.tr,1
17375,FİNİKE,Antalya,Finike,Akdeniz,36.3024,30.1458,2025-08-14T06:00:00.000Z,29.9,,turkiye.gov.tr,1
17380,KAŞ,Antalya,Kaş,Akdeniz,36.200579,29.649995,2025-08-14T06:00:00.000Z,29.8,,turkiye.gov.tr,1
17381,KUŞADASI 3. NOLU ŞAMANDIRA,Aydın,Kuşadası,Ege,37.8458,27.2194,2025-08-14T06:00:00.000Z,27.4,,turkiye.gov.tr,1
17383,NARLIDERE/İZMİR KÖRFEZİ A NOKTASI IŞIKLI ŞAMANDIRA,İzmir,Narlıdere,Ege,38.421203,26.917843,2025-08-14T06:00:00.000Z,30.3,,turkiye.gov.tr,1
17384,URLA/KUBİLAY SIĞLIĞI IŞIKLI ŞAMANDIRA,İzmir,Urla,Ege,38.4467,26.7175,2025-08-14T06:00:00.000Z,25.7,,turkiye.gov.tr,1
17385,MERSİN GÜNEY MENDİREK İSTİKAMET FENERİ,Mersin,Akdeniz,Akdeniz,36.784036,34.635222,2025-08-14T06:00:00.000Z,26.7,,turkiye.gov.tr,1
17386,BODRUM KARAADA SIĞLIK IŞIKLI ŞAMANDIRA,Muğla,Bodrum,Ege,37.0081,27.4142,2025-08-14T06:00:00.000Z,28.7,,turkiye.gov.tr,1
17387,GİRESUN PALAMUT KAYALIĞI MAHMUZ FENERİ,Giresun,Merkez,Karadeniz,40.9182,38.3783,2025-08-14T06:00:00.000Z,28.4,,turkiye.gov.tr,1
17388,SİLİVRİ TPAO ŞAMANDIRA,İstanbul,Silivri,Marmara,41.039565,28.187255,2025-08-14T06:00:00.000Z,25.6,,turkiye.gov.tr,1
17421,AYVALIK KANAL SANCAK A FENERİ,Balıkesir,Ayvalık,Ege,39.323394,26.640546,2025-08-14T06:00:00.000Z,24.8,,turkiye.gov.tr,1
17423,MARMARA BARINAK ANA MENDİREK FENERİ,Balıkesir,Marmara,Marmara,40.583839,27.560849,2025-08-14T06:00:00.000Z,25.4,,turkiye.gov.tr,1
17424,MARMARA/SARAYLAR KÖYÜ BARINAK (SANDAL BASENİ) FENERİ,Balıkesir,Marmara,Marmara,40.657488,27.662533,2025-08-14T06:00:00.000Z,25.0,,turkiye.gov.tr,1
17426,BARTIN GÜNEY MENDİREK FENERİ,Bartın,Merkez,Karadeniz,41.6864,32.2261,2025-08-14T06:00:00.000Z,16.2,,turkiye.gov.tr,1
17427,BOZCAADA LİMAN GİRİŞİ GÜNEY MENDİREK FENERİ,Çanakkale,Bozcaada,Ege,39.8341,26.0748,2025-08-14T06:00:00.000Z,20.7,,turkiye.gov.tr,1
17428,AYVACIK/GÜLPINAR ANA MENDİREK FENERİ,Çanakkale,Ayvacık,Ege,39.5658,26.0967,2025-08-14T06:00:00.000Z,22.4,,turkiye.gov.tr,1
17429,ECEABAT/KABATEPE GÜNEY MENDİREK FENERİ,Çanakkale,Eceabat,Ege,40.2019,26.2669,2025-08-14T06:00:00.000Z,19.7,,turkiye.gov.tr,1
17430,GÖKÇEADA KALEKÖY ANA MENDİREK FENERİ,Çanakkale,Gökçeada,Ege,40.2317,25.8914,2025-08-14T06:00:00.000Z,25.6,,turkiye.gov.tr,1
17431,BİGA/KARABİGA BAR. (B) NOKTASI GÜNEY MEN. FENERİ,Çanakkale,Biga,Marmara,40.399583,27.305591,2025-08-14T06:00:00.000Z,25.0,,turkiye.gov.tr,1
17432,EZİNE/GEYİKLİ ODUNLUK İSKELE FENERİ,Çanakkale,Ezine,Ege,39.818998,26.160008,2025-08-14T06:00:00.000Z,20.4,,turkiye.gov.tr,1
17433,GÖKÇEADA UĞURLU LİMAN FENERİ,Çanakkale,Gökçeada,Ege,40.1153,25.6989,2025-08-14T06:00:00.000Z,24.7,,turkiye.gov.tr,1
17434,EZİNE YENİKÖY BAL.BAR. ANA MENDİREK FENERİ,Çanakkale,Ezine,Ege,39.9447,26.1611,2025-08-14T06:00:00.000Z,19.6,,turkiye.gov.tr,1
17436,ENEZ TALİ MENDİREK FENERİ,Edirne,Enez,Ege,40.698218,26.051263,2025-08-14T06:00:00.000Z,22.2,,turkiye.gov.tr,1
17437,TUZLA AYDINLI LİMAN FENERİ,İstanbul,Tuzla,Marmara,40.850611,29.271174,2025-08-14T06:00:00.000Z,24.1,,turkiye.gov.tr,1
17438,SİLİVRİ ANA MENDİREK FENERİ,İstanbul,Silivri,Marmara,41.072866,28.238398,2025-08-14T06:00:00.000Z,26.3,,turkiye.gov.tr,1
17439,FOÇA/AZAPLAR (VENEDİK) KAYALIĞI FENERİ,İzmir,Foça,Ege,38.616562,26.744274,2025-08-14T06:00:00.000Z,27.2,,turkiye.gov.tr,1
17441,GÜZELBAHÇE FENERİ,İzmir,Güzelbahçe,Ege,38.378579,26.885605,2025-08-14T06:00:00.000Z,29.2,,turkiye.gov.tr,1
17442,KONAK/İZMİR PASAPORT MENDİREK FENERİ,İzmir,Konak,Ege,38.429236,27.131698,2025-08-14T06:00:00.000Z,28.8,,turkiye.gov.tr,1
17443,ÇEŞME/KALE YERİ SIĞ.(DÖKÜNTÜTAŞI) FENERİ,İzmir,Çeşme,Ege,38.329226,26.267881,2025-08-14T06:00:00.000Z,25.3,,turkiye.gov.tr,1
17445,CİDE KUZEY MENDİREK FENERİ,Kastamonu,Cide,Karadeniz,41.9006,32.9778,2025-08-14T06:00:00.000Z,15.3,,turkiye.gov.tr,1
17447,VİZE/MİDYE KIYIKÖY BATI MENDİREK FENERİ (ANA),Kırklareli,Vize,Karadeniz,41.630847,28.101353,2025-08-14T06:00:00.000Z,24.8,,turkiye.gov.tr,1
17448,TUZLA İTÜ GÜNEY MENDİREK FENERİ,İstanbul,Tuzla,Marmara,40.811828,29.297373,2025-08-14T06:00:00.000Z,22.7,,turkiye.gov.tr,1
17449,KANDIRA/KEFKEN ADASI DOĞU MENDİREK FENERİ,Kocaeli,Kandıra,Karadeniz,41.211869,30.260694,2025-08-14T06:00:00.000Z,21.8,,turkiye.gov.tr,1
17450,BODRUM YALIKAVAK GEMİTAŞI FENERİ,Muğla,Bodrum,Ege,37.150133,27.263333,2025-08-14T06:00:00.000Z,26.6,,turkiye.gov.tr,1
17452,YALOVA SAMANLIDERE TALİ (DOĞU) MENDİREK FENERİ,Yalova,Merkez,Marmara,40.660597,29.246969,2025-08-14T06:00:00.000Z,22.6,,turkiye.gov.tr,1
17453,ZONGULDAK GÜNEY MENDİREK FENERİ,Zonguldak,Merkez,Karadeniz,41.458611,31.779166,2025-08-14T06:00:00.000Z,20.5,,turkiye.gov.tr,1
17454,FATİH/KUMKAPI FENERİ,İstanbul,Fatih,Marmara,41.000994,28.965432,2025-08-14T06:00:00.000Z,23.9,,turkiye.gov.tr,1
17455,SARIYER/RUMELİ FENERİ BAL. BAR. ANA MENDİREK FENERİ,İstanbul,Sarıyer,Karadeniz,41.229151,29.114919,2025-08-14T06:00:00.000Z,26.1,,turkiye.gov.tr,1
17460,ÜNYE BALIKÇI BARINAĞI ANA MENDİREK FENERİ,Ordu,Ünye,Karadeniz,41.116448,37.348722,2025-08-14T06:00:00.000Z,26.0,,turkiye.gov.tr,1
17464,TRABZON LİMANI ANA MENDİREK FENERİ,Trabzon,Ortahisar,Karadeniz,41.006776,39.750108,2025-08-14T06:00:00.000Z,26.3,,turkiye.gov.tr,1
17465,ARAKLI BALIKÇI BARINAĞI TALİ MENDİREK FENERİ,Trabzon,Araklı,Karadeniz,40.945081,40.053776,2025-08-14T06:00:00.000Z,24.8,,turkiye.gov.tr,1
17466,ÇAYELİ BALIKÇI BARINAĞI TALİ MENDİREK FENERİ,Rize,Çayeli,Karadeniz,41.090095,40.722557,2025-08-14T06:00:00.000Z,23.0,,turkiye.gov.tr,1
17467,HOPA ANA MENDİREK FENERİ,Artvin,Hopa,Karadeniz,41.420291,41.429843,2025-08-14T06:00:00.000Z,28.0,,turkiye.gov.tr,1
17470,İNCEBURUN (YILDIZADASI) MARMARİS FENERİ,Muğla,Marmaris,Akdeniz,36.813936,28.265907,2025-08-14T06:00:00.000Z,29.3,,turkiye.gov.tr,1
17475,KEMER SIĞLIK FENERİ,Antalya,Kemer,Akdeniz,36.612395,30.574242,2025-08-14T06:00:00.000Z,31.2,,turkiye.gov.tr,1
17476,KONYAALTI/ANTALYA YENİ LİMAN ANA MENDİREK FENERİ,Antalya,Konyaaltı,Akdeniz,36.834011,30.616572,2025-08-14T06:00:00.000Z,31.6,,turkiye.gov.tr,1
17479,SİLİFKE/TAŞUCU SEKA ANA MENDİREK FENERİ,Mersin,Silifke,Akdeniz,36.309162,33.889845,2025-08-14T06:00:00.000Z,29.3,,turkiye.gov.tr,1
17480,KARATAŞ BALIKÇI BARINAĞI TALİ MENDİREK FENERİ,Adana,Karataş,Akdeniz,36.557986,35.383499,2025-08-14T06:00:00.000Z,31.8,,turkiye.gov.tr,1
17482,VAN LİMAN,Van,Tuşba,Van Gölü,38.51486,43.307362,2025-08-14T06:00:00.000Z,26.4,,turkiye.gov.tr,1
17483,TATVAN LİMAN,Bitlis,Tatvan,Van Gölü,38.512592,42.302103,2025-08-14T06:00:00.000Z,26.3,,turkiye.gov.tr,1
17484,ADİLCEVAZ LİMAN,Bitlis,Adilcevaz,Van Gölü,38.797236,42.729931,2025-08-14T06:00:00.000Z,26.1,,turkiye.gov.tr,1
17486,İSKENDERUN KÖRFEZİ,Hatay,Payas,Akdeniz,36.59159,36.17992,2025-08-14T06:00:00.000Z,32.0,,turkiye.gov.tr,1
17489,MUDANYA/GÜZELYALI BALIKÇI BARINAĞI,Bursa,Mudanya,Marmara,40.35612,28.934036,2025-08-14T06:00:00.000Z,22.2,,turkiye.gov.tr,1
17491,GEVAŞ AKDAMAR FENERİ,Van,Gevaş,Van Gölü,38.309988,43.041398,2025-08-14T06:00:00.000Z,26.5,,turkiye.gov.tr,1
17492,DİDİM MARİNA FENERİ,Aydın,Didim,Ege,37.3369,27.264,2025-08-14T06:00:00.000Z,28.1,,turkiye.gov.tr,1
17493,SEFERİHİSAR/SIĞACIK MARİNA FENERİ,İzmir,Seferihisar,Ege,38.195707,26.782742,2025-08-14T06:00:00.000Z,24.7,,turkiye.gov.tr,1
17494,İSTANBUL HAVALİMANI LİMAN FENERİ,İstanbul,Arnavutköy,Karadeniz,41.313998,28.788586,2025-08-14T06:00:00.000Z,24.8,,turkiye.gov.tr,1
17495,ARHAVİ BALIKÇI BARINAĞI TALİ MENDİREK FENERİ,Artvin,Arhavi,Karadeniz,41.351192,41.293756,2025-08-14T06:00:00.000Z,25.7,,turkiye.gov.tr,1
17496,AYANCIK ÇAYLIOĞLU BALIKÇI BARINAĞI FENERİ,Sinop,Merkez,Karadeniz,41.966,34.508711,2025-08-14T06:00:00.000Z,18.6,,turkiye.gov.tr,1
17497,GELİBOLU SÜTLÜCE LİMANI KURU İSKELE,Çanakkale,Gelibolu,Marmara,40.320952,26.590161,2025-08-14T06:00:00.000Z,25.8,,turkiye.gov.tr,1
17015,AKÇAKOCA,Düzce,Akçakoca,Karadeniz,41.089528,31.143039,2025-08-16T06:00:00.000Z,19.0,,mgm,0
17024,İNEBOLU,Kastamonu,İnebolu,Karadeniz,41.978937,33.762945,2025-08-16T06:00:00.000Z,19.0,,mgm,0
17026,SİNOP,Sinop,Merkez,Karadeniz,42.029821,35.154286,2025-08-16T06:00:00.000Z,27.3,,mgm,0
17030,SAMSUN BÖLGE,Samsun,Atakum,Karadeniz,41.344286,36.255794,2025-08-16T06:00:00.000Z,27.7,,mgm,0
17033,ORDU,Ordu,Altınordu,Karadeniz,40.983833,37.885833,2025-08-16T06:00:00.000Z,26.4,,mgm,0
17034,GİRESUN,Giresun,Merkez,Karadeniz,40.922667,38.387833,2025-08-16T06:00:00.000Z,27.5,,mgm,0
17038,TRABZON HAVALİMANI,Trabzon,Ortahisar,Karadeniz,40.999133,39.779248,2025-08-16T06:00:00.000Z,25.8,,mgm,0
17040,RİZE,Rize,Merkez,Karadeniz,41.04,40.501333,2025-08-16T06:00:00.000Z,26.2,,mgm,0
17042,HOPA,Artvin,Hopa,Karadeniz,41.4065,41.433,2025-08-16T06:00:00.000Z,27.3,,mgm,0
17044,RİZE ARTVİN HAVALİMANI,Rize,Pazar,Karadeniz,41.177687,40.835223,2025-08-16T06:00:00.000Z,27.2,,mgm,0
17056,TEKİRDAĞ,Tekirdağ,Süleymanpaşa,Marmara,40.957959,27.496181,2025-08-16T06:00:00.000Z,24.4,,mgm,0
17175,AYVALIK,Balıkesir,Ayvalık,Ege,39.311292,26.686445,2025-08-16T06:00:00.000Z,25.0,,mgm,0
17180,DİKİLİ,İzmir,Dikili,Ege,39.073861,26.888093,2025-08-16T06:00:00.000Z,23.0,,mgm,0
17220,İZMİR BÖLGE,İzmir,Konak,Ege,38.3945,27.0821,2025-08-16T06:00:00.000Z,28.9,,mgm,0
17221,ÇEŞME,İzmir,Çeşme,Ege,38.303858,26.372882,2025-08-16T06:00:00.000Z,25.0,,mgm,0
17232,KUŞADASI,Aydın,Kuşadası,Ege,37.859636,27.265115,2025-08-16T06:00:00.000Z,26.5,,mgm,0
17290,BODRUM,Muğla,Bodrum,Ege,37.032611,27.439801,2025-08-16T06:00:00.000Z,28.4,,mgm,0
17296,FETHİYE,Muğla,Fethiye,Akdeniz,36.626611,29.123804,2025-08-16T06:00:00.000Z,30.0,,mgm,0
17297,DATÇA,Muğla,Datça,Ege,36.707945,27.691918,2025-08-16T06:00:00.000Z,27.5,,mgm,0
17298,MARMARİS,Muğla,Marmaris,Akdeniz,36.83926,28.244995,2025-08-16T06:00:00.000Z,28.4,,mgm,0
17310,ALANYA,Antalya,Alanya,Akdeniz,36.54999,31.979822,2025-08-16T06:00:00.000Z,30.3,,mgm,0
17320,ANAMUR,Mersin,Anamur,Akdeniz,36.068614,32.864876,2025-08-16T06:00:00.000Z,29.2,,mgm,0
17340,MERSİN,Mersin,Yenişehir,Akdeniz,36.780904,34.603125,2025-08-16T06:00:00.000Z,30.2,,mgm,0
17370,İSKENDERUN,Hatay,İskenderun,Akdeniz,36.592358,36.158158,2025-08-16T06:00:00.000Z,31.5,,mgm,0
17375,FİNİKE,Antalya,Finike,Akdeniz,36.3024,30.1458,2025-08-16T06:00:00.000Z,30.0,,mgm,0
17380,KAŞ,Antalya,Kaş,Akdeniz,36.200579,29.649995,2025-08-16T06:00:00.000Z,29.9,,mgm,0
17381,KUŞADASI 3. NOLU ŞAMANDIRA,Aydın,Kuşadası,Ege,37.8458,27.2194,2025-08-16T18:20:00.000Z,26.6,,mgm,0
17383,NARLIDERE/İZMİR KÖRFEZİ A NOKTASI IŞIKLI ŞAMANDIRA,İzmir,Narlıdere,Ege,38.421203,26.917843,2025-08-16T18:20:00.000Z,29.6,,mgm,0
17384,URLA/KUBİLAY SIĞLIĞI IŞIKLI ŞAMANDIRA,İzmir,Urla,Ege,38.4467,26.7175,2025-08-16T18:20:00.000Z,25.6,,mgm,0
17385,MERSİN GÜNEY MENDİREK İSTİKAMET FENERİ,Mersin,Akdeniz,Akdeniz,36.784036,34.635222,2025-08-16T18:20:00.000Z,30.8,,mgm,0
17386,BODRUM KARAADA SIĞLIK IŞIKLI ŞAMANDIRA,Muğla,Bodrum,Ege,37.0081,27.4142,2025-08-16T18:20:00.000Z,26.3,,mgm,0
17387,GİRESUN PALAMUT KAYALIĞI MAHMUZ FENERİ,Giresun,Merkez,Karadeniz,40.9182,38.3783,2025-08-16T18:20:00.000Z,27.7,,mgm,0
17388,SİLİVRİ TPAO ŞAMANDIRA,İstanbul,Silivri,Marmara,41.039565,28.187255,2025-08-16T18:20:00.000Z,25.0,,mgm,0
17421,AYVALIK KANAL SANCAK A FENERİ,Balıkesir,Ayvalık,Ege,39.323394,26.640546,2025-08-16T18:20:00.000Z,23.5,,mgm,0
17423,MARMARA BARINAK ANA MENDİREK FENERİ,Balıkesir,Marmara,Marmara,40.583839,27.560849,2025-08-16T18:20:00.000Z,24.8,,mgm,0
17424,MARMARA/SARAYLAR KÖYÜ BARINAK (SANDAL BASENİ) FENERİ,Balıkesir,Marmara,Marmara,40.657488,27.662533,2025-08-16T18:20:00.000Z,24.6,,mgm,0
17426,BARTIN GÜNEY MENDİREK FENERİ,Bartın,Merkez,Karadeniz,41.6864,32.2261,2025-08-16T18:20:00.000Z,11.0,,mgm,0
17427,BOZCAADA LİMAN GİRİŞİ GÜNEY MENDİREK FENERİ,Çanakkale,Bozcaada,Ege,39.8341,26.0748,2025-08-16T18:20:00.000Z,20.9,,mgm,0
17428,AYVACIK/GÜLPINAR ANA MENDİREK FENERİ,Çanakkale,Ayvacık,Ege,39.5658,26.0967,2025-08-16T18:20:00.000Z,22.3,,mgm,0
17429,ECEABAT/KABATEPE GÜNEY MENDİREK FENERİ,Çanakkale,Eceabat,Ege,40.2019,26.2669,2025-08-16T18:20:00.000Z,19.0,,mgm,0
17430,GÖKÇEADA KALEKÖY ANA MENDİREK FENERİ,Çanakkale,Gökçeada,Ege,40.2317,25.8914,2025-08-16T18:20:00.000Z,24.8,,mgm,0
17431,BİGA/KARABİGA BAR. (B) NOKTASI GÜNEY MEN. FENERİ,Çanakkale,Biga,Marmara,40.399583,27.305591,2025-08-16T18:20:00.000Z,25.4,,mgm,0
17432,EZİNE/GEYİKLİ ODUNLUK İSKELE FENERİ,Çanakkale,Ezine,Ege,39.818998,26.160008,2025-08-16T18:20:00.000Z,20.4,,mgm,0
17433,GÖKÇEADA UĞURLU LİMAN FENERİ,Çanakkale,Gökçeada,Ege,40.1153,25.6989,2025-08-16T18:20:00.000Z,23.9,,mgm,0
17434,EZİNE YENİKÖY BAL.BAR. ANA MENDİREK FENERİ,Çanakkale,Ezine,Ege,39.9447,26.1611,2025-08-16T18:20:00.000Z,18.7,,mgm,0
17436,ENEZ TALİ MENDİREK FENERİ,Edirne,Enez,Ege,40.698218,26.051263,2025-08-16T18:20:00.000Z,21.7,,mgm,0
17437,TUZLA AYDINLI LİMAN FENERİ,İstanbul,Tuzla,Marmara,40.850611,29.271174,2025-08-16T18:20:00.000Z,22.2,,mgm,0
17438,SİLİVRİ ANA MENDİREK FENERİ,İstanbul,Silivri,Marmara,41.072866,28.238398,2025-08-16T18:20:00.000Z,25.0,,mgm,0
17439,FOÇA/AZAPLAR (VENEDİK) KAYALIĞI FENERİ,İzmir,Foça,Ege,38.616562,26.744274,2025-08-16T18:20:00.000Z,25.5,,mgm,0
17441,GÜZELBAHÇE FENERİ,İzmir,Güzelbahçe,Ege,38.378579,26.885605,2025-08-16T18:20:00.000Z,28.5,,mgm,0
17442,KONAK/İZMİR PASAPORT MENDİREK FENERİ,İzmir,Konak,Ege,38.429236,27.131698,2025-08-16T18:20:00.000Z,29.1,,mgm,0
17443,ÇEŞME/KALE YERİ SIĞ.(DÖKÜNTÜTAŞI) FENERİ,İzmir,Çeşme,Ege,38.329226,26.267881,2025-08-16T18:20:00.000Z,25.3,,mgm,0
17445,CİDE KUZEY MENDİREK FENERİ,Kastamonu,Cide,Karadeniz,41.9006,32.9778,2025-08-16T18:20:00.000Z,11.6,,mgm,0
17447,VİZE/MİDYE KIYIKÖY BATI MENDİREK FENERİ (ANA),Kırklareli,Vize,Karadeniz,41.630847,28.101353,2025-08-16T18:20:00.000Z,24.0,,mgm,0
17448,TUZLA İTÜ GÜNEY MENDİREK FENERİ,İstanbul,Tuzla,Marmara,40.811828,29.297373,2025-08-16T18:20:00.000Z,19.7,,mgm,0
17452,YALOVA SAMANLIDERE TALİ (DOĞU) MENDİREK FENERİ,Yalova,Merkez,Marmara,40.660597,29.246969,2025-08-16T18:20:00.000Z,18.0,,mgm,0
17453,ZONGULDAK GÜNEY MENDİREK FENERİ,Zonguldak,Merkez,Karadeniz,41.458611,31.779166,2025-08-16T18:20:00.000Z,15.0,,mgm,0
17454,FATİH/KUMKAPI FENERİ,İstanbul,Fatih,Marmara,41.000994,28.965432,2025-08-16T18:20:00.000Z,23.1,,mgm,0
17455,SARIYER/RUMELİ FENERİ BAL. BAR. ANA MENDİREK FENERİ,İstanbul,Sarıyer,Karadeniz,41.229151,29.114919,2025-08-16T18:20:00.000Z,24.4,,mgm,0
17467,HOPA ANA MENDİREK FENERİ,Artvin,Hopa,Karadeniz,41.420291,41.429843,2025-08-16T18:20:00.000Z,27.5,,mgm,0
17470,İNCEBURUN (YILDIZADASI) MARMARİS FENERİ,Muğla,Marmaris,Akdeniz,36.813936,28.265907,2025-08-16T18:20:00.000Z,27.7,,mgm,0
17476,KONYAALTI/ANTALYA YENİ LİMAN ANA MENDİREK FENERİ,Antalya,Konyaaltı,Akdeniz,36.834011,30.616572,2025-08-16T18:20:00.000Z,31.2,,mgm,0
17486,İSKENDERUN KÖRFEZİ,Hatay,Payas,Akdeniz,36.59159,36.17992,2025-08-16T18:20:00.000Z,31.7,,mgm,0
17491,GEVAŞ AKDAMAR FENERİ,Van,Gevaş,Van Gölü,38.309988,43.041398,2025-08-16T18:20:00.000Z,25.5,,mgm,0
17492,DİDİM MARİNA FENERİ,Aydın,Didim,Ege,37.3369,27.264,2025-08-16T18:20:00.000Z,27.1,,mgm,0
17493,SEFERİHİSAR/SIĞACIK MARİNA FENERİ,İzmir,Seferihisar,Ege,38.195707,26.782742,2025-08-16T18:20:00.000Z,24.9,,mgm,0
17494,İSTANBUL HAVALİMANI LİMAN FENERİ,İstanbul,Arnavutköy,Karadeniz,41.313998,28.788586,2025-08-16T18:20:00.000Z,23.9,,mgm,0
17495,ARHAVİ BALIKÇI BARINAĞI TALİ MENDİREK FENERİ,Artvin,Arhavi,Karadeniz,41.351192,41.293756,2025-08-16T18:20:00.000Z,26.6,,mgm,0
17496,AYANCIK ÇAYLIOĞLU BALIKÇI BARINAĞI FENERİ,Sinop,Merkez,Karadeniz,41.966,34.508711,2025-08-16T18:20:00.000Z,17.0,,mgm,0
17497,GELİBOLU SÜTLÜCE LİMANI KURU İSKELE,Çanakkale,Gelibolu,Marmara,40.320952,26.590161,2025-08-16T18:20:00.000Z,25.4,,mgm,0
17450,BODRUM YALIKAVAK GEMİTAŞI FENERİ,Muğla,Bodrum,Ege,37.150133,27.263333,2025-08-16T18:21:00.000Z,25.1,,mgm,0
17460,ÜNYE BALIKÇI BARINAĞI ANA MENDİREK FENERİ,Ordu,Ünye,Karadeniz,41.116448,37.348722,2025-08-16T18:21:00.000Z,25.2,,mgm,0
17475,KEMER SIĞLIK FENERİ,Antalya,Kemer,Akdeniz,36.612395,30.574242,2025-08-16T18:21:00.000Z,31.5,,mgm,0
17479,SİLİFKE/TAŞUCU SEKA ANA MENDİREK FENERİ,Mersin,Silifke,Akdeniz,36.309162,33.889845,2025-08-16T18:21:00.000Z,29.0,,mgm,0
17482,VAN LİMAN,Van,Tuşba,Van Gölü,38.51486,43.307362,2025-08-16T18:21:00.000Z,26.3,,mgm,0
17483,TATVAN LİMAN,Bitlis,Tatvan,Van Gölü,38.512592,42.302103,2025-08-16T18:21:00.000Z,25.3,,mgm,0
17484,ADİLCEVAZ LİMAN,Bitlis,Adilcevaz,Van Gölü,38.797236,42.729931,2025-08-16T18:21:00.000Z,25.0,,mgm,0
17464,TRABZON LİMANI ANA MENDİREK FENERİ,Trabzon,Ortahisar,Karadeniz,41.006776,39.750108,2025-08-16T18:22:00.000Z,26.0,,mgm,0
17466,ÇAYELİ BALIKÇI BARINAĞI TALİ MENDİREK FENERİ,Rize,Çayeli,Karadeniz,41.090095,40.722557,2025-08-16T18:22:00.000Z,22.5,,mgm,0
17465,ARAKLI BALIKÇI BARINAĞI TALİ MENDİREK FENERİ,Trabzon,Araklı,Karadeniz,40.945081,40.053776,2025-08-16T18:23:00.000Z,24.2,,mgm,0
17480,KARATAŞ BALIKÇI BARINAĞI TALİ MENDİREK FENERİ,Adana,Karataş,Akdeniz,36.557986,35.383499,2025-08-16T18:23:00.000Z,31.1,,mgm,0
17489,MUDANYA/GÜZELYALI BALIKÇI BARINAĞI,Bursa,Mudanya,Marmara,40.35612,28.934036,2025-08-16T18:23:00.000Z,21.7,,mgm,0
17015,AKÇAKOCA,Düzce,Akçakoca,Karadeniz,41.089528,31.143039,2025-09-09T06:00:00.000Z,22.0,,mgm,0
17024,İNEBOLU,Kastamonu,İnebolu,Karadeniz,41.978937,33.762945,2025-09-09T06:00:00.000Z,18.4,,mgm,0
17026,SİNOP,Sinop,Merkez,Karadeniz,42.029821,35.154286,2025-09-09T06:00:00.000Z,24.7,,mgm,0
17030,SAMSUN BÖLGE,Samsun,Atakum,Karadeniz,41.344286,36.255794,2025-09-09T06:00:00.000Z,25.4,,mgm,0
17033,ORDU,Ordu,Altınordu,Karadeniz,40.983833,37.885833,2025-09-09T06:00:00.000Z,25.5,,mgm,0
17034,GİRESUN,Giresun,Merkez,Karadeniz,40.922667,38.387833,2025-09-09T06:00:00.000Z,26.0,,mgm,0
17038,TRABZON HAVALİMANI,Trabzon,Ortahisar,Karadeniz,40.999133,39.779248,2025-09-09T06:00:00.000Z,24.3,,mgm,0
17040,RİZE,Rize,Merkez,Karadeniz,41.04,40.501333,2025-09-09T06:00:00.000Z,24.8,,mgm,0
17042,HOPA,Artvin,Hopa,Karadeniz,41.4065,41.433,2025-09-09T06:00:00.000Z,26.0,,mgm,0
17044,RİZE ARTVİN HAVALİMANI,Rize,Pazar,Karadeniz,41.177687,40.835223,2025-09-09T06:00:00.000Z,25.9,,mgm,0
17056,TEKİRDAĞ,Tekirdağ,Süleymanpaşa,Marmara,40.957959,27.496181,2025-09-09T06:00:00.000Z,24.2,,mgm,0
17112,ÇANAKKALE,Çanakkale,Merkez,Marmara,40.141428,26.399616,2025-09-09T06:00:00.000Z,23.2,,mgm,0
17175,AYVALIK,Balıkesir,Ayvalık,Ege,39.311292,26.686445,2025-09-09T06:00:00.000Z,23.8,,mgm,0
17180,DİKİLİ,İzmir,Dikili,Ege,39.073861,26.888093,2025-09-09T06:00:00.000Z,22.4,,mgm,0
17220,İZMİR BÖLGE,İzmir,Konak,Ege,38.3945,27.0821,2025-09-09T06:00:00.000Z,26.5,,mgm,0
17221,ÇEŞME,İzmir,Çeşme,Ege,38.303858,26.372882,2025-09-09T06:00:00.000Z,23.0,,mgm,0
17232,KUŞADASI,Aydın,Kuşadası,Ege,37.859636,27.265115,2025-09-09T06:00:00.000Z,24.4,,mgm,0
17290,BODRUM,Muğla,Bodrum,Ege,37.032611,27.439801,2025-09-09T06:00:00.000Z,25.8,,mgm,0
17296,FETHİYE,Muğla,Fethiye,Akdeniz,36.626611,29.123804,2025-09-09T06:00:00.000Z,28.6,,mgm,0
17297,DATÇA,Muğla,Datça,Ege,36.707945,27.691918,2025-09-09T06:00:00.000Z,24.5,,mgm,0
17298,MARMARİS,Muğla,Marmaris,Akdeniz,36.83926,28.244995,2025-09-09T06:00:00.000Z,26.9,,mgm,0
17310,ALANYA,Antalya,Alanya,Akdeniz,36.54999,31.979822,2025-09-09T06:00:00.000Z,29.6,,mgm,0
17320,ANAMUR,Mersin,Anamur,Akdeniz,36.068614,32.864876,2025-09-09T06:00:00.000Z,29.2,,mgm,0
17340,MERSİN,Mersin,Yenişehir,Akdeniz,36.780904,34.603125,2025-09-09T06:00:00.000Z,29.6,,mgm,0
17370,İSKENDERUN,Hatay,İskenderun,Akdeniz,36.592358,36.158158,2025-09-09T06:00:00.000Z,30.5,,mgm,0
17375,FİNİKE,Antalya,Finike,Akdeniz,36.3024,30.1458,2025-09-09T06:00:00.000Z,29.6,,mgm,0
17380,KAŞ,Antalya,Kaş,Akdeniz,36.200579,29.649995,2025-09-09T06:00:00.000Z,29.6,,mgm,0
17391,SAMSUN ŞAMANDIRA,Samsun,Çarşamba,Karadeniz,41.436283,36.557767,2025-09-09T14:00:00.000Z,25.6,,mgm,0
17491,GEVAŞ AKDAMAR FENERİ,Van,Gevaş,Van Gölü,38.309988,43.041398,2025-09-09T17:21:00.000Z,24.1,,mgm,0
17381,KUŞADASI 3. NOLU ŞAMANDIRA,Aydın,Kuşadası,Ege,37.8458,27.2194,2025-09-09T23:13:00.000Z,24.5,,mgm,0
17384,URLA/KUBİLAY SIĞLIĞI IŞIKLI ŞAMANDIRA,İzmir,Urla,Ege,38.4467,26.7175,2025-09-09T23:13:00.000Z,24.4,,mgm,0
17385,MERSİN GÜNEY MENDİREK İSTİKAMET FENERİ,Mersin,Akdeniz,Akdeniz,36.784036,34.635222,2025-09-09T23:13:00.000Z,29.5,,mgm,0
17386,BODRUM KARAADA SIĞLIK IŞIKLI ŞAMANDIRA,Muğla,Bodrum,Ege,37.0081,27.4142,2025-09-09T23:13:00.000Z,26.1,,mgm,0
17387,GİRESUN PALAMUT KAYALIĞI MAHMUZ FENERİ,Giresun,Merkez,Karadeniz,40.9182,38.3783,2025-09-09T23:13:00.000Z,25.7,,mgm,0
17388,SİLİVRİ TPAO ŞAMANDIRA,İstanbul,Silivri,Marmara,41.039565,28.187255,2025-09-09T23:13:00.000Z,24.5,,mgm,0
17389,ADALAR ŞAMANDIRA,İstanbul,Adalar,Marmara,40.93278,28.94889,2025-09-09T23:13:00.000Z,23.4,,mgm,0
17421,AYVALIK KANAL SANCAK A FENERİ,Balıkesir,Ayvalık,Ege,39.323394,26.640546,2025-09-09T23:13:00.000Z,24.0,,mgm,0
17423,MARMARA BARINAK ANA MENDİREK FENERİ,Balıkesir,Marmara,Marmara,40.583839,27.560849,2025-09-09T23:13:00.000Z,24.3,,mgm,0
17426,BARTIN GÜNEY MENDİREK FENERİ,Bartın,Merkez,Karadeniz,41.6864,32.2261,2025-09-09T23:13:00.000Z,24.1,,mgm,0
17427,BOZCAADA LİMAN GİRİŞİ GÜNEY MENDİREK FENERİ,Çanakkale,Bozcaada,Ege,39.8341,26.0748,2025-09-09T23:13:00.000Z,22.8,,mgm,0
17429,ECEABAT/KABATEPE GÜNEY MENDİREK FENERİ,Çanakkale,Eceabat,Ege,40.2019,26.2669,2025-09-09T23:13:00.000Z,25.0,,mgm,0
17430,GÖKÇEADA KALEKÖY ANA MENDİREK FENERİ,Çanakkale,Gökçeada,Ege,40.2317,25.8914,2025-09-09T23:13:00.000Z,25.0,,mgm,0
17431,BİGA/KARABİGA BAR. (B) NOKTASI GÜNEY MEN. FENERİ,Çanakkale,Biga,Marmara,40.399583,27.305591,2025-09-09T23:13:00.000Z,25.5,,mgm,0
17432,EZİNE/GEYİKLİ ODUNLUK İSKELE FENERİ,Çanakkale,Ezine,Ege,39.818998,26.160008,2025-09-09T23:13:00.000Z,21.4,,mgm,0
17433,GÖKÇEADA UĞURLU LİMAN FENERİ,Çanakkale,Gökçeada,Ege,40.1153,25.6989,2025-09-09T23:13:00.000Z,24.6,,mgm,0
17434,EZİNE YENİKÖY BAL.BAR. ANA MENDİREK FENERİ,Çanakkale,Ezine,Ege,39.9447,26.1611,2025-09-09T23:13:00.000Z,21.2,,mgm,0
17436,ENEZ TALİ MENDİREK FENERİ,Edirne,Enez,Ege,40.698218,26.051263,2025-09-09T23:13:00.000Z,24.7,,mgm,0
17437,TUZLA AYDINLI LİMAN FENERİ,İstanbul,Tuzla,Marmara,40.850611,29.271174,2025-09-09T23:13:00.000Z,25.6,,mgm,0
17438,SİLİVRİ ANA MENDİREK FENERİ,İstanbul,Silivri,Marmara,41.072866,28.238398,2025-09-09T23:13:00.000Z,24.3,,mgm,0
17439,FOÇA/AZAPLAR (VENEDİK) KAYALIĞI FENERİ,İzmir,Foça,Ege,38.616562,26.744274,2025-09-09T23:13:00.000Z,23.8,,mgm,0
17441,GÜZELBAHÇE FENERİ,İzmir,Güzelbahçe,Ege,38.378579,26.885605,2025-09-09T23:13:00.000Z,25.8,,mgm,0
17442,KONAK/İZMİR PASAPORT MENDİREK FENERİ,İzmir,Konak,Ege,38.429236,27.131698,2025-09-09T23:13:00.000Z,26.8,,mgm,0
17443,ÇEŞME/KALE YERİ SIĞ.(DÖKÜNTÜTAŞI) FENERİ,İzmir,Çeşme,Ege,38.329226,26.267881,2025-09-09T23:13:00.000Z,22.9,,mgm,0
17445,CİDE KUZEY MENDİREK FENERİ,Kastamonu,Cide,Karadeniz,41.9006,32.9778,2025-09-09T23:13:00.000Z,22.3,,mgm,0
17446,İNEBOLU KUZEY MENDİREK FENERİ,Kastamonu,İnebolu,Karadeniz,41.9817,33.7769,2025-09-09T23:13:00.000Z,21.6,,mgm,0
17447,VİZE/MİDYE KIYIKÖY BATI MENDİREK FENERİ (ANA),Kırklareli,Vize,Karadeniz,41.630847,28.101353,2025-09-09T23:13:00.000Z,22.8,,mgm,0
17448,TUZLA İTÜ GÜNEY MENDİREK FENERİ,İstanbul,Tuzla,Marmara,40.811828,29.297373,2025-09-09T23:13:00.000Z,23.8,,mgm,0
17449,KANDIRA/KEFKEN ADASI DOĞU MENDİREK FENERİ,Kocaeli,Kandıra,Karadeniz,41.211869,30.260694,2025-09-09T23:13:00.000Z,24.6,,mgm,0
17452,YALOVA SAMANLIDERE TALİ (DOĞU) MENDİREK FENERİ,Yalova,Merkez,Marmara,40.660597,29.246969,2025-09-09T23:13:00.000Z,22.6,,mgm,0
17453,ZONGULDAK GÜNEY MENDİREK FENERİ,Zonguldak,Merkez,Karadeniz,41.458611,31.779166,2025-09-09T23:13:00.000Z,23.2,,mgm,0
17454,FATİH/KUMKAPI FENERİ,İstanbul,Fatih,Marmara,41.000994,28.965432,2025-09-09T23:13:00.000Z,23.6,,mgm,0
17455,SARIYER/RUMELİ FENERİ BAL. BAR. ANA MENDİREK FENERİ,İstanbul,Sarıyer,Karadeniz,41.229151,29.114919,2025-09-09T23:13:00.000Z,24.5,,mgm,0
17459,İLKADIM/SAMSUN LİMAN KUZEY MENDİREK FENERİ,Samsun,İlkadım,Karadeniz,41.309587,36.355678,2025-09-09T23:13:00.000Z,24.7,,mgm,0
17467,HOPA ANA MENDİREK FENERİ,Artvin,Hopa,Karadeniz,41.420291,41.429843,2025-09-09T23:13:00.000Z,25.7,,mgm,0
17470,İNCEBURUN (YILDIZADASI) MARMARİS FENERİ,Muğla,Marmaris,Akdeniz,36.813936,28.265907,2025-09-09T23:13:00.000Z,26.9,,mgm,0
17476,KONYAALTI/ANTALYA YENİ LİMAN ANA MENDİREK FENERİ,Antalya,Konyaaltı,Akdeniz,36.834011,30.616572,2025-09-09T23:13:00.000Z,29.5,,mgm,0
17486,İSKENDERUN KÖRFEZİ,Hatay,Payas,Akdeniz,36.59159,36.17992,2025-09-09T23:13:00.000Z,30.1,,mgm,0
17492,DİDİM MARİNA FENERİ,Aydın,Didim,Ege,37.3369,27.264,2025-09-09T23:13:00.000Z,25.1,,mgm,0
17493,SEFERİHİSAR/SIĞACIK MARİNA FENERİ,İzmir,Seferihisar,Ege,38.195707,26.782742,2025-09-09T23:13:00.000Z,21.4,,mgm,0
17494,İSTANBUL HAVALİMANI LİMAN FENERİ,İstanbul,Arnavutköy,Karadeniz,41.313998,28.788586,2025-09-09T23:13:00.000Z,22.6,,mgm,0
17495,ARHAVİ BALIKÇI BARINAĞI TALİ MENDİREK FENERİ,Artvin,Arhavi,Karadeniz,41.351192,41.293756,2025-09-09T23:13:00.000Z,20.7,,mgm,0
17496,AYANCIK ÇAYLIOĞLU BALIKÇI BARINAĞI FENERİ,Sinop,Merkez,Karadeniz,41.966,34.508711,2025-09-09T23:13:00.000Z,22.5,,mgm,0
17497,GELİBOLU SÜTLÜCE LİMANI KURU İSKELE,Çanakkale,Gelibolu,Marmara,40.320952,26.590161,2025-09-09T23:13:00.000Z,24.5,,mgm,0
17450,BODRUM YALIKAVAK GEMİTAŞI FENERİ,Muğla,Bodrum,Ege,37.150133,27.263333,2025-09-09T23:14:00.000Z,23.2,,mgm,0
17460,ÜNYE BALIKÇI BARINAĞI ANA MENDİREK FENERİ,Ordu,Ünye,Karadeniz,41.116448,37.348722,2025-09-09T23:14:00.000Z,22.6,,mgm,0
17475,KEMER SIĞLIK FENERİ,Antalya,Kemer,Akdeniz,36.612395,30.574242,2025-09-09T23:14:00.000Z,29.8,,mgm,0
17479,SİLİFKE/TAŞUCU SEKA ANA MENDİREK FENERİ,Mersin,Silifke,Akdeniz,36.309162,33.889845,2025-09-09T23:14:00.000Z,28.0,,mgm,0
17482,VAN LİMAN,Van,Tuşba,Van Gölü,38.51486,43.307362,2025-09-09T23:14:00.000Z,24.2,,mgm,0
17483,TATVAN LİMAN,Bitlis,Tatvan,Van Gölü,38.512592,42.302103,2025-09-09T23:14:00.000Z,22.9,,mgm,0
17484,ADİLCEVAZ LİMAN,Bitlis,Adilcevaz,Van Gölü,38.797236,42.729931,2025-09-09T23:14:00.000Z,23.5,,mgm,0
17464,TRABZON LİMANI ANA MENDİREK FENERİ,Trabzon,Ortahisar,Karadeniz,41.006776,39.750108,2025-09-09T23:15:00.000Z,24.3,,mgm,0
17466,ÇAYELİ BALIKÇI BARINAĞI TALİ MENDİREK FENERİ,Rize,Çayeli,Karadeniz,41.090095,40.722557,2025-09-09T23:15:00.000Z,21.4,,mgm,0
17465,ARAKLI BALIKÇI BARINAĞI TALİ MENDİREK FENERİ,Trabzon,Araklı,Karadeniz,40.945081,40.053776,2025-09-09T23:16:00.000Z,22.2,,mgm,0
17480,KARATAŞ BALIKÇI BARINAĞI TALİ MENDİREK FENERİ,Adana,Karataş,Akdeniz,36.557986,35.383499,2025-09-09T23:17:00.000Z,29.6,,mgm,0
17489,MUDANYA/GÜZELYALI BALIKÇI BARINAĞI,Bursa,Mudanya,Marmara,40.35612,28.934036,2025-09-09T23:17:00.000Z,22.1,,mgm,0
17015,AKÇAKOCA,Düzce,Akçakoca,Karadeniz,41.089528,31.143039,2025-09-28T06:00:00.000Z,21.6,,mgm,0
17024,İNEBOLU,Kastamonu,İnebolu,Karadeniz,41.978937,33.762945,2025-09-28T06:00:00.000Z,19.9,,mgm,0
17026,SİNOP,Sinop,Merkez,Karadeniz,42.029821,35.154286,2025-09-28T06:00:00.000Z,21.6,,mgm,0
17030,SAMSUN BÖLGE,Samsun,Atakum,Karadeniz,41.344286,36.255794,2025-09-28T06:00:00.000Z,22.4,,mgm,0
17033,ORDU,Ordu,Altınordu,Karadeniz,40.983833,37.885833,2025-09-28T06:00:00.000Z,21.9,,mgm,0
17034,GİRESUN,Giresun,Merkez,Karadeniz,40.922667,38.387833,2025-09-28T06:00:00.000Z,21.0,,mgm,0
17038,TRABZON HAVALİMANI,Trabzon,Ortahisar,Karadeniz,40.999133,39.779248,2025-09-28T06:00:00.000Z,20.6,,mgm,0
17040,RİZE,Rize,Merkez,Karadeniz,41.04,40.501333,2025-09-28T06:00:00.000Z,21.6,,mgm,0
17042,HOPA,Artvin,Hopa,Karadeniz,41.4065,41.433,2025-09-28T06:00:00.000Z,22.2,,mgm,0
17044,RİZE ARTVİN HAVALİMANI,Rize,Pazar,Karadeniz,41.177687,40.835223,2025-09-28T06:00:00.000Z,22.1,,mgm,0
17056,TEKİRDAĞ,Tekirdağ,Süleymanpaşa,Marmara,40.957959,27.496181,2025-09-28T06:00:00.000Z,21.0,,mgm,0
17112,ÇANAKKALE,Çanakkale,Merkez,Marmara,40.141428,26.399616,2025-09-28T06:00:00.000Z,22.7,,mgm,0
17175,AYVALIK,Balıkesir,Ayvalık,Ege,39.311292,26.686445,2025-09-28T06:00:00.000Z,22.3,,mgm,0
17180,DİKİLİ,İzmir,Dikili,Ege,39.073861,26.888093,2025-09-28T06:00:00.000Z,22.2,,mgm,0
17220,İZMİR BÖLGE,İzmir,Konak,Ege,38.3945,27.0821,2025-09-28T06:00:00.000Z,23.9,,mgm,0
17221,ÇEŞME,İzmir,Çeşme,Ege,38.303858,26.372882,2025-09-28T06:00:00.000Z,21.6,,mgm,0
17232,KUŞADASI,Aydın,Kuşadası,Ege,37.859636,27.265115,2025-09-28T06:00:00.000Z,22.2,,mgm,0
17290,BODRUM,Muğla,Bodrum,Ege,37.032611,27.439801,2025-09-28T06:00:00.000Z,25.5,,mgm,0
17296,FETHİYE,Muğla,Fethiye,Akdeniz,36.626611,29.123804,2025-09-28T06:00:00.000Z,27.3,,mgm,0
17297,DATÇA,Muğla,Datça,Ege,36.707945,27.691918,2025-09-28T06:00:00.000Z,24.2,,mgm,0
17298,MARMARİS,Muğla,Marmaris,Akdeniz,36.83926,28.244995,2025-09-28T06:00:00.000Z,26.2,,mgm,0
17310,ALANYA,Antalya,Alanya,Akdeniz,36.54999,31.979822,2025-09-28T06:00:00.000Z,28.1,,mgm,0
17320,ANAMUR,Mersin,Anamur,Akdeniz,36.068614,32.864876,2025-09-28T06:00:00.000Z,28.2,,mgm,0
17340,MERSİN,Mersin,Yenişehir,Akdeniz,36.780904,34.603125,2025-09-28T06:00:00.000Z,27.4,,mgm,0
17370,İSKENDERUN,Hatay,İskenderun,Akdeniz,36.592358,36.158158,2025-09-28T06:00:00.000Z,29.0,,mgm,0
17375,FİNİKE,Antalya,Finike,Akdeniz,36.3024,30.1458,2025-09-28T06:00:00.000Z,28.0,,mgm,0
17380,KAŞ,Antalya,Kaş,Akdeniz,36.200579,29.649995,2025-09-28T06:00:00.000Z,27.0,,mgm,0
17453,ZONGULDAK GÜNEY MENDİREK FENERİ,Zonguldak,Merkez,Karadeniz,41.458611,31.779166,2025-09-28T08:07:00.000Z,22.1,,mgm,0
17491,GEVAŞ AKDAMAR FENERİ,Van,Gevaş,Van Gölü,38.309988,43.041398,2025-09-28T15:40:00.000Z,18.1,,mgm,0
17381,KUŞADASI 3. NOLU ŞAMANDIRA,Aydın,Kuşadası,Ege,37.8458,27.2194,2025-09-28T17:58:00.000Z,22.2,,mgm,0
17384,URLA/KUBİLAY SIĞLIĞI IŞIKLI ŞAMANDIRA,İzmir,Urla,Ege,38.4467,26.7175,2025-09-28T17:58:00.000Z,22.1,,mgm,0
17385,MERSİN GÜNEY MENDİREK İSTİKAMET FENERİ,Mersin,Akdeniz,Akdeniz,36.784036,34.635222,2025-09-28T17:58:00.000Z,27.8,,mgm,0
17387,GİRESUN PALAMUT KAYALIĞI MAHMUZ FENERİ,Giresun,Merkez,Karadeniz,40.9182,38.3783,2025-09-28T17:58:00.000Z,21.7,,mgm,0
17388,SİLİVRİ TPAO ŞAMANDIRA,İstanbul,Silivri,Marmara,41.039565,28.187255,2025-09-28T17:58:00.000Z,22.0,,mgm,0
17389,ADALAR ŞAMANDIRA,İstanbul,Adalar,Marmara,40.93278,28.94889,2025-09-28T17:58:00.000Z,21.1,,mgm,0
17421,AYVALIK KANAL SANCAK A FENERİ,Balıkesir,Ayvalık,Ege,39.323394,26.640546,2025-09-28T17:58:00.000Z,19.8,,mgm,0
17422,BANDIRMA KUZEY MENDİREK FENERİ,Balıkesir,Bandırma,Marmara,40.358554,27.958451,2025-09-28T17:58:00.000Z,21.1,,mgm,0
17423,MARMARA BARINAK ANA MENDİREK FENERİ,Balıkesir,Marmara,Marmara,40.583839,27.560849,2025-09-28T17:58:00.000Z,21.7,,mgm,0
17426,BARTIN GÜNEY MENDİREK FENERİ,Bartın,Merkez,Karadeniz,41.6864,32.2261,2025-09-28T17:58:00.000Z,21.5,,mgm,0
17427,BOZCAADA LİMAN GİRİŞİ GÜNEY MENDİREK FENERİ,Çanakkale,Bozcaada,Ege,39.8341,26.0748,2025-09-28T17:58:00.000Z,18.7,,mgm,0
17429,ECEABAT/KABATEPE GÜNEY MENDİREK FENERİ,Çanakkale,Eceabat,Ege,40.2019,26.2669,2025-09-28T17:58:00.000Z,20.9,,mgm,0
17430,GÖKÇEADA KALEKÖY ANA MENDİREK FENERİ,Çanakkale,Gökçeada,Ege,40.2317,25.8914,2025-09-28T17:58:00.000Z,21.6,,mgm,0
17431,BİGA/KARABİGA BAR. (B) NOKTASI GÜNEY MEN. FENERİ,Çanakkale,Biga,Marmara,40.399583,27.305591,2025-09-28T17:58:00.000Z,22.0,,mgm,0
17432,EZİNE/GEYİKLİ ODUNLUK İSKELE FENERİ,Çanakkale,Ezine,Ege,39.818998,26.160008,2025-09-28T17:58:00.000Z,19.2,,mgm,0
17433,GÖKÇEADA UĞURLU LİMAN FENERİ,Çanakkale,Gökçeada,Ege,40.1153,25.6989,2025-09-28T17:58:00.000Z,22.4,,mgm,0
17434,EZİNE YENİKÖY BAL.BAR. ANA MENDİREK FENERİ,Çanakkale,Ezine,Ege,39.9447,26.1611,2025-09-28T17:58:00.000Z,18.0,,mgm,0
17436,ENEZ TALİ MENDİREK FENERİ,Edirne,Enez,Ege,40.698218,26.051263,2025-09-28T17:58:00.000Z,20.4,,mgm,0
17438,SİLİVRİ ANA MENDİREK FENERİ,İstanbul,Silivri,Marmara,41.072866,28.238398,2025-09-28T17:58:00.000Z,21.3,,mgm,0
17439,FOÇA/AZAPLAR (VENEDİK) KAYALIĞI FENERİ,İzmir,Foça,Ege,38.616562,26.744274,2025-09-28T17:58:00.000Z,21.9,,mgm,0
17441,GÜZELBAHÇE FENERİ,İzmir,Güzelbahçe,Ege,38.378579,26.885605,2025-09-28T17:58:00.000Z,23.8,,mgm,0
17442,KONAK/İZMİR PASAPORT MENDİREK FENERİ,İzmir,Konak,Ege,38.429236,27.131698,2025-09-28T17:58:00.000Z,23.7,,mgm,0
17443,ÇEŞME/KALE YERİ SIĞ.(DÖKÜNTÜTAŞI) FENERİ,İzmir,Çeşme,Ege,38.329226,26.267881,2025-09-28T17:58:00.000Z,21.5,,mgm,0
17446,İNEBOLU KUZEY MENDİREK FENERİ,Kastamonu,İnebolu,Karadeniz,41.9817,33.7769,2025-09-28T17:58:00.000Z,18.8,,mgm,0
17447,VİZE/MİDYE KIYIKÖY BATI MENDİREK FENERİ (ANA),Kırklareli,Vize,Karadeniz,41.630847,28.101353,2025-09-28T17:58:00.000Z,20.2,,mgm,0
17448,TUZLA İTÜ GÜNEY MENDİREK FENERİ,İstanbul,Tuzla,Marmara,40.811828,29.297373,2025-09-28T17:58:00.000Z,19.7,,mgm,0
17449,KANDIRA/KEFKEN ADASI DOĞU MENDİREK FENERİ,Kocaeli,Kandıra,Karadeniz,41.211869,30.260694,2025-09-28T17:58:00.000Z,22.7,,mgm,0
17452,YALOVA SAMANLIDERE TALİ (DOĞU) MENDİREK FENERİ,Yalova,Merkez,Marmara,40.660597,29.246969,2025-09-28T17:58:00.000Z,16.0,,mgm,0
17454,FATİH/KUMKAPI FENERİ,İstanbul,Fatih,Marmara,41.000994,28.965432,2025-09-28T17:58:00.000Z,20.8,,mgm,0
17455,SARIYER/RUMELİ FENERİ BAL. BAR. ANA MENDİREK FENERİ,İstanbul,Sarıyer,Karadeniz,41.229151,29.114919,2025-09-28T17:58:00.000Z,22.2,,mgm,0
17459,İLKADIM/SAMSUN LİMAN KUZEY MENDİREK FENERİ,Samsun,İlkadım,Karadeniz,41.309587,36.355678,2025-09-28T17:58:00.000Z,20.9,,mgm,0
17467,HOPA ANA MENDİREK FENERİ,Artvin,Hopa,Karadeniz,41.420291,41.429843,2025-09-28T17:58:00.000Z,22.3,,mgm,0
17470,İNCEBURUN (YILDIZADASI) MARMARİS FENERİ,Muğla,Marmaris,Akdeniz,36.813936,28.265907,2025-09-28T17:58:00.000Z,26.2,,mgm,0
17473,KAŞ BAYINDIR ANA MENDİREK FENERİ,Antalya,Kaş,Akdeniz,36.183225,29.642011,2025-09-28T17:58:00.000Z,27.4,,mgm,0
17476,KONYAALTI/ANTALYA YENİ LİMAN ANA MENDİREK FENERİ,Antalya,Konyaaltı,Akdeniz,36.834011,30.616572,2025-09-28T17:58:00.000Z,27.1,,mgm,0
17486,İSKENDERUN KÖRFEZİ,Hatay,Payas,Akdeniz,36.59159,36.17992,2025-09-28T17:58:00.000Z,28.8,,mgm,0
17492,DİDİM MARİNA FENERİ,Aydın,Didim,Ege,37.3369,27.264,2025-09-28T17:58:00.000Z,24.1,,mgm,0
17493,SEFERİHİSAR/SIĞACIK MARİNA FENERİ,İzmir,Seferihisar,Ege,38.195707,26.782742,2025-09-28T17:58:00.000Z,19.7,,mgm,0
17494,İSTANBUL HAVALİMANI LİMAN FENERİ,İstanbul,Arnavutköy,Karadeniz,41.313998,28.788586,2025-09-28T17:58:00.000Z,20.9,,mgm,0
17495,ARHAVİ BALIKÇI BARINAĞI TALİ MENDİREK FENERİ,Artvin,Arhavi,Karadeniz,41.351192,41.293756,2025-09-28T17:58:00.000Z,21.0,,mgm,0
17496,AYANCIK ÇAYLIOĞLU BALIKÇI BARINAĞI FENERİ,Sinop,Merkez,Karadeniz,41.966,34.508711,2025-09-28T17:58:00.000Z,21.4,,mgm,0
17497,GELİBOLU SÜTLÜCE LİMANI KURU İSKELE,Çanakkale,Gelibolu,Marmara,40.320952,26.590161,2025-09-28T17:58:00.000Z,22.0,,mgm,0
17450,BODRUM YALIKAVAK GEMİTAŞI FENERİ,Muğla,Bodrum,Ege,37.150133,27.263333,2025-09-28T17:59:00.000Z,22.2,,mgm,0
17460,ÜNYE BALIKÇI BARINAĞI ANA MENDİREK FENERİ,Ordu,Ünye,Karadeniz,41.116448,37.348722,2025-09-28T17:59:00.000Z,18.9,,mgm,0
17479,SİLİFKE/TAŞUCU SEKA ANA MENDİREK FENERİ,Mersin,Silifke,Akdeniz,36.309162,33.889845,2025-09-28T17:59:00.000Z,26.6,,mgm,0
17482,VAN LİMAN,Van,Tuşba,Van Gölü,38.51486,43.307362,2025-09-28T17:59:00.000Z,19.7,,mgm,0
17483,TATVAN LİMAN,Bitlis,Tatvan,Van Gölü,38.512592,42.302103,2025-09-28T17:59:00.000Z,19.7,,mgm,0
17484,ADİLCEVAZ LİMAN,Bitlis,Adilcevaz,Van Gölü,38.797236,42.729931,2025-09-28T17:59:00.000Z,16.5,,mgm,0
17464,TRABZON LİMANI ANA MENDİREK FENERİ,Trabzon,Ortahisar,Karadeniz,41.006776,39.750108,2025-09-28T18:00:00.000Z,20.4,,mgm,0
17466,ÇAYELİ BALIKÇI BARINAĞI TALİ MENDİREK FENERİ,Rize,Çayeli,Karadeniz,41.090095,40.722557,2025-09-28T18:01:00.000Z,18.9,,mgm,0
17465,ARAKLI BALIKÇI BARINAĞI TALİ MENDİREK FENERİ,Trabzon,Araklı,Karadeniz,40.945081,40.053776,2025-09-28T18:02:00.000Z,19.0,,mgm,0
17480,KARATAŞ BALIKÇI BARINAĞI TALİ MENDİREK FENERİ,Adana,Karataş,Akdeniz,36.557986,35.383499,2025-09-28T18:02:00.000Z,28.0,,mgm,0
17489,MUDANYA/GÜZELYALI BALIKÇI BARINAĞI,Bursa,Mudanya,Marmara,40.35612,28.934036,2025-09-28T18:02:00.000Z,19.6,,mgm,0
17015,AKÇAKOCA,Düzce,Akçakoca,Karadeniz,41.089528,31.143039,2025-11-07T06:00:00.000Z,19.0,,mgm,0
17024,İNEBOLU,Kastamonu,İnebolu,Karadeniz,41.978937,33.762945,2025-11-07T06:00:00.000Z,17.2,,mgm,0
17026,SİNOP,Sinop,Merkez,Karadeniz,42.029821,35.154286,2025-11-07T06:00:00.000Z,18.0,,mgm,0
17030,SAMSUN BÖLGE,Samsun,Atakum,Karadeniz,41.344286,36.255794,2025-11-07T06:00:00.000Z,18.0,,mgm,0
17033,ORDU,Ordu,Altınordu,Karadeniz,40.983833,37.885833,2025-11-07T06:00:00.000Z,16.3,,mgm,0
17034,GİRESUN,Giresun,Merkez,Karadeniz,40.922667,38.387833,2025-11-07T06:00:00.000Z,18.4,,mgm,0
17038,TRABZON HAVALİMANI,Trabzon,Ortahisar,Karadeniz,40.999133,39.779248,2025-11-07T06:00:00.000Z,16.5,,mgm,0
17040,RİZE,Rize,Merkez,Karadeniz,41.04,40.501333,2025-11-07T06:00:00.000Z,17.9,,mgm,0
17042,HOPA,Artvin,Hopa,Karadeniz,41.4065,41.433,2025-11-07T06:00:00.000Z,18.3,,mgm,0
17044,RİZE ARTVİN HAVALİMANI,Rize,Pazar,Karadeniz,41.177687,40.835223,2025-11-07T06:00:00.000Z,18.2,,mgm,0
17056,TEKİRDAĞ,Tekirdağ,Süleymanpaşa,Marmara,40.957959,27.496181,2025-11-07T06:00:00.000Z,17.5,,mgm,0
17112,ÇANAKKALE,Çanakkale,Merkez,Marmara,40.141428,26.399616,2025-11-07T06:00:00.000Z,17.6,,mgm,0
17175,AYVALIK,Balıkesir,Ayvalık,Ege,39.311292,26.686445,2025-11-07T06:00:00.000Z,19.4,,mgm,0
17180,DİKİLİ,İzmir,Dikili,Ege,39.073861,26.888093,2025-11-07T06:00:00.000Z,19.6,,mgm,0
17220,İZMİR BÖLGE,İzmir,Konak,Ege,38.3945,27.0821,2025-11-07T06:00:00.000Z,19.9,,mgm,0
17221,ÇEŞME,İzmir,Çeşme,Ege,38.303858,26.372882,2025-11-07T06:00:00.000Z,20.9,,mgm,0
17232,KUŞADASI,Aydın,Kuşadası,Ege,37.859636,27.265115,2025-11-07T06:00:00.000Z,21.0,,mgm,0
17290,BODRUM,Muğla,Bodrum,Ege,37.032611,27.439801,2025-11-07T06:00:00.000Z,23.4,,mgm,0
17296,FETHİYE,Muğla,Fethiye,Akdeniz,36.626611,29.123804,2025-11-07T06:00:00.000Z,23.6,,mgm,0
17297,DATÇA,Muğla,Datça,Ege,36.707945,27.691918,2025-11-07T06:00:00.000Z,22.1,,mgm,0
17298,MARMARİS,Muğla,Marmaris,Akdeniz,36.83926,28.244995,2025-11-07T06:00:00.000Z,23.4,,mgm,0
17310,ALANYA,Antalya,Alanya,Akdeniz,36.54999,31.979822,2025-11-07T06:00:00.000Z,22.9,,mgm,0
17320,ANAMUR,Mersin,Anamur,Akdeniz,36.068614,32.864876,2025-11-07T06:00:00.000Z,23.4,,mgm,0
17340,MERSİN,Mersin,Yenişehir,Akdeniz,36.780904,34.603125,2025-11-07T06:00:00.000Z,23.8,,mgm,0
17370,İSKENDERUN,Hatay,İskenderun,Akdeniz,36.592358,36.158158,2025-11-07T06:00:00.000Z,25.0,,mgm,0
17375,FİNİKE,Antalya,Finike,Akdeniz,36.3024,30.1458,2025-11-07T06:00:00.000Z,23.8,,mgm,0
17380,KAŞ,Antalya,Kaş,Akdeniz,36.200579,29.649995,2025-11-07T06:00:00.000Z,23.8,,mgm,0
17434,EZİNE YENİKÖY BAL.BAR. ANA MENDİREK FENERİ,Çanakkale,Ezine,Ege,39.9447,26.1611,2025-11-07T10:56:00.000Z,19.3,,mgm,0
17430,GÖKÇEADA KALEKÖY ANA MENDİREK FENERİ,Çanakkale,Gökçeada,Ege,40.2317,25.8914,2025-11-07T15:57:00.000Z,19.0,,mgm,0
17496,AYANCIK ÇAYLIOĞLU BALIKÇI BARINAĞI FENERİ,Sinop,Merkez,Karadeniz,41.966,34.508711,2025-11-07T18:00:00.000Z,17.2,,mgm,0
17491,GEVAŞ AKDAMAR FENERİ,Van,Gevaş,Van Gölü,38.309988,43.041398,2025-11-07T18:12:00.000Z,12.8,,mgm,0
17443,ÇEŞME/KALE YERİ SIĞ.(DÖKÜNTÜTAŞI) FENERİ,İzmir,Çeşme,Ege,38.329226,26.267881,2025-11-07T18:13:00.000Z,20.8,,mgm,0
17453,ZONGULDAK GÜNEY MENDİREK FENERİ,Zonguldak,Merkez,Karadeniz,41.458611,31.779166,2025-11-07T18:13:00.000Z,18.4,,mgm,0
17454,FATİH/KUMKAPI FENERİ,İstanbul,Fatih,Marmara,41.000994,28.965432,2025-11-07T18:13:00.000Z,18.2,,mgm,0
17381,KUŞADASI 3. NOLU ŞAMANDIRA,Aydın,Kuşadası,Ege,37.8458,27.2194,2025-11-07T18:14:00.000Z,21.1,,mgm,0
17383,NARLIDERE/İZMİR KÖRFEZİ A NOKTASI IŞIKLI ŞAMANDIRA,İzmir,Narlıdere,Ege,38.421203,26.917843,2025-11-07T18:14:00.000Z,20.5,,mgm,0
17384,URLA/KUBİLAY SIĞLIĞI IŞIKLI ŞAMANDIRA,İzmir,Urla,Ege,38.4467,26.7175,2025-11-07T18:14:00.000Z,20.5,,mgm,0
17385,MERSİN GÜNEY MENDİREK İSTİKAMET FENERİ,Mersin,Akdeniz,Akdeniz,36.784036,34.635222,2025-11-07T18:14:00.000Z,24.0,,mgm,0
17386,BODRUM KARAADA SIĞLIK IŞIKLI ŞAMANDIRA,Muğla,Bodrum,Ege,37.0081,27.4142,2025-11-07T18:14:00.000Z,23.4,,mgm,0
17387,GİRESUN PALAMUT KAYALIĞI MAHMUZ FENERİ,Giresun,Merkez,Karadeniz,40.9182,38.3783,2025-11-07T18:14:00.000Z,18.4,,mgm,0
17388,SİLİVRİ TPAO ŞAMANDIRA,İstanbul,Silivri,Marmara,41.039565,28.187255,2025-11-07T18:14:00.000Z,18.4,,mgm,0
17389,ADALAR ŞAMANDIRA,İstanbul,Adalar,Marmara,40.93278,28.94889,2025-11-07T18:14:00.000Z,18.2,,mgm,0
17421,AYVALIK KANAL SANCAK A FENERİ,Balıkesir,Ayvalık,Ege,39.323394,26.640546,2025-11-07T18:14:00.000Z,20.4,,mgm,0
17422,BANDIRMA KUZEY MENDİREK FENERİ,Balıkesir,Bandırma,Marmara,40.358554,27.958451,2025-11-07T18:14:00.000Z,18.2,,mgm,0
17424,MARMARA/SARAYLAR KÖYÜ BARINAK (SANDAL BASENİ) FENERİ,Balıkesir,Marmara,Marmara,40.657488,27.662533,2025-11-07T18:14:00.000Z,18.4,,mgm,0
17426,BARTIN GÜNEY MENDİREK FENERİ,Bartın,Merkez,Karadeniz,41.6864,32.2261,2025-11-07T18:14:00.000Z,18.2,,mgm,0
17427,BOZCAADA LİMAN GİRİŞİ GÜNEY MENDİREK FENERİ,Çanakkale,Bozcaada,Ege,39.8341,26.0748,2025-11-07T18:14:00.000Z,19.5,,mgm,0
17429,ECEABAT/KABATEPE GÜNEY MENDİREK FENERİ,Çanakkale,Eceabat,Ege,40.2019,26.2669,2025-11-07T18:14:00.000Z,19.1,,mgm,0
17431,BİGA/KARABİGA BAR. (B) NOKTASI GÜNEY MEN. FENERİ,Çanakkale,Biga,Marmara,40.399583,27.305591,2025-11-07T18:14:00.000Z,18.0,,mgm,0
17432,EZİNE/GEYİKLİ ODUNLUK İSKELE FENERİ,Çanakkale,Ezine,Ege,39.818998,26.160008,2025-11-07T18:14:00.000Z,19.6,,mgm,0
17433,GÖKÇEADA UĞURLU LİMAN FENERİ,Çanakkale,Gökçeada,Ege,40.1153,25.6989,2025-11-07T18:14:00.000Z,19.0,,mgm,0
17435,AKÇAKOCA FENERİ,Düzce,Akçakoca,Karadeniz,41.0922,31.1197,2025-11-07T18:14:00.000Z,19.2,,mgm,0
17436,ENEZ TALİ MENDİREK FENERİ,Edirne,Enez,Ege,40.698218,26.051263,2025-11-07T18:14:00.000Z,18.1,,mgm,0
17437,TUZLA AYDINLI LİMAN FENERİ,İstanbul,Tuzla,Marmara,40.850611,29.271174,2025-11-07T18:14:00.000Z,19.2,,mgm,0
17438,SİLİVRİ ANA MENDİREK FENERİ,İstanbul,Silivri,Marmara,41.072866,28.238398,2025-11-07T18:14:00.000Z,18.3,,mgm,0
17439,FOÇA/AZAPLAR (VENEDİK) KAYALIĞI FENERİ,İzmir,Foça,Ege,38.616562,26.744274,2025-11-07T18:14:00.000Z,20.8,,mgm,0
17440,URLA BALIKÇI BARINAĞI MENDİREK FENERİ,İzmir,Urla,Ege,38.364761,26.772665,2025-11-07T18:14:00.000Z,22.3,,mgm,0
17441,GÜZELBAHÇE FENERİ,İzmir,Güzelbahçe,Ege,38.378579,26.885605,2025-11-07T18:14:00.000Z,20.8,,mgm,0
17442,KONAK/İZMİR PASAPORT MENDİREK FENERİ,İzmir,Konak,Ege,38.429236,27.131698,2025-11-07T18:14:00.000Z,20.1,,mgm,0
17444,KARABURUN/MORDOĞAN ANA MENDİREK (KUZEY) FENERİ,İzmir,Karaburun,Ege,38.517845,26.627861,2025-11-07T18:14:00.000Z,21.8,,mgm,0
17445,CİDE KUZEY MENDİREK FENERİ,Kastamonu,Cide,Karadeniz,41.9006,32.9778,2025-11-07T18:14:00.000Z,17.8,,mgm,0
17446,İNEBOLU KUZEY MENDİREK FENERİ,Kastamonu,İnebolu,Karadeniz,41.9817,33.7769,2025-11-07T18:14:00.000Z,16.8,,mgm,0
17447,VİZE/MİDYE KIYIKÖY BATI MENDİREK FENERİ (ANA),Kırklareli,Vize,Karadeniz,41.630847,28.101353,2025-11-07T18:14:00.000Z,17.7,,mgm,0
17448,TUZLA İTÜ GÜNEY MENDİREK FENERİ,İstanbul,Tuzla,Marmara,40.811828,29.297373,2025-11-07T18:14:00.000Z,18.5,,mgm,0
17449,KANDIRA/KEFKEN ADASI DOĞU MENDİREK FENERİ,Kocaeli,Kandıra,Karadeniz,41.211869,30.260694,2025-11-07T18:14:00.000Z,18.8,,mgm,0
17451,MARMARA EREĞLİSİ BAL.BAR.ANA MENDİREK FENERİ,Tekirdağ,Marmaraereğlisi,Marmara,40.970825,27.959676,2025-11-07T18:14:00.000Z,17.9,,mgm,0
17452,YALOVA SAMANLIDERE TALİ (DOĞU) MENDİREK FENERİ,Yalova,Merkez,Marmara,40.660597,29.246969,2025-11-07T18:14:00.000Z,18.8,,mgm,0
17455,SARIYER/RUMELİ FENERİ BAL. BAR. ANA MENDİREK FENERİ,İstanbul,Sarıyer,Karadeniz,41.229151,29.114919,2025-11-07T18:14:00.000Z,18.5,,mgm,0
17459,İLKADIM/SAMSUN LİMAN KUZEY MENDİREK FENERİ,Samsun,İlkadım,Karadeniz,41.309587,36.355678,2025-11-07T18:14:00.000Z,17.6,,mgm,0
17467,HOPA ANA MENDİREK FENERİ,Artvin,Hopa,Karadeniz,41.420291,41.429843,2025-11-07T18:14:00.000Z,18.6,,mgm,0
17470,İNCEBURUN (YILDIZADASI) MARMARİS FENERİ,Muğla,Marmaris,Akdeniz,36.813936,28.265907,2025-11-07T18:14:00.000Z,23.3,,mgm,0
17486,İSKENDERUN KÖRFEZİ,Hatay,Payas,Akdeniz,36.59159,36.17992,2025-11-07T18:14:00.000Z,25.3,,mgm,0
17492,DİDİM MARİNA FENERİ,Aydın,Didim,Ege,37.3369,27.264,2025-11-07T18:14:00.000Z,22.0,,mgm,0
17493,SEFERİHİSAR/SIĞACIK MARİNA FENERİ,İzmir,Seferihisar,Ege,38.195707,26.782742,2025-11-07T18:14:00.000Z,19.3,,mgm,0
17494,İSTANBUL HAVALİMANI LİMAN FENERİ,İstanbul,Arnavutköy,Karadeniz,41.313998,28.788586,2025-11-07T18:14:00.000Z,17.7,,mgm,0
17495,ARHAVİ BALIKÇI BARINAĞI TALİ MENDİREK FENERİ,Artvin,Arhavi,Karadeniz,41.351192,41.293756,2025-11-07T18:14:00.000Z,17.9,,mgm,0
17497,GELİBOLU SÜTLÜCE LİMANI KURU İSKELE,Çanakkale,Gelibolu,Marmara,40.320952,26.590161,2025-11-07T18:14:00.000Z,18.3,,mgm,0
17498,FİLYOS LİMAN FENERİ,Zonguldak,Çaycuma,Karadeniz,41.593083,32.066475,2025-11-07T18:14:00.000Z,18.3,,mgm,0
17460,ÜNYE BALIKÇI BARINAĞI ANA MENDİREK FENERİ,Ordu,Ünye,Karadeniz,41.116448,37.348722,2025-11-07T18:15:00.000Z,15.5,,mgm,0
17465,ARAKLI BALIKÇI BARINAĞI TALİ MENDİREK FENERİ,Trabzon,Araklı,Karadeniz,40.945081,40.053776,2025-11-07T18:15:00.000Z,15.3,,mgm,0
17479,SİLİFKE/TAŞUCU SEKA ANA MENDİREK FENERİ,Mersin,Silifke,Akdeniz,36.309162,33.889845,2025-11-07T18:15:00.000Z,23.1,,mgm,0
17482,VAN LİMAN,Van,Tuşba,Van Gölü,38.51486,43.307362,2025-11-07T18:15:00.000Z,15.5,,mgm,0
17483,TATVAN LİMAN,Bitlis,Tatvan,Van Gölü,38.512592,42.302103,2025-11-07T18:15:00.000Z,15.6,,mgm,0
17484,ADİLCEVAZ LİMAN,Bitlis,Adilcevaz,Van Gölü,38.797236,42.729931,2025-11-07T18:15:00.000Z,13.6,,mgm,0
17489,MUDANYA/GÜZELYALI BALIKÇI BARINAĞI,Bursa,Mudanya,Marmara,40.35612,28.934036,2025-11-07T18:15:00.000Z,16.9,,mgm,0
17464,TRABZON LİMANI ANA MENDİREK FENERİ,Trabzon,Ortahisar,Karadeniz,41.006776,39.750108,2025-11-07T18:16:00.000Z,16.5,,mgm,0
17466,ÇAYELİ BALIKÇI BARINAĞI TALİ MENDİREK FENERİ,Rize,Çayeli,Karadeniz,41.090095,40.722557,2025-11-07T18:17:00.000Z,15.3,,mgm,0
17480,KARATAŞ BALIKÇI BARINAĞI TALİ MENDİREK FENERİ,Adana,Karataş,Akdeniz,36.557986,35.383499,2025-11-07T18:18:00.000Z,23.0,,mgm,0
17015,AKÇAKOCA,Düzce,Akçakoca,Karadeniz,41.089528,31.143039,2025-11-15T06:00:00.000Z,17.6,,mgm,0
17024,İNEBOLU,Kastamonu,İnebolu,Karadeniz,41.978937,33.762945,2025-11-15T06:00:00.000Z,16.2,,mgm,0
17026,SİNOP,Sinop,Merkez,Karadeniz,42.029821,35.154286,2025-11-15T06:00:00.000Z,17.0,,mgm,0
17030,SAMSUN BÖLGE,Samsun,Atakum,Karadeniz,41.344286,36.255794,2025-11-15T06:00:00.000Z,16.4,,mgm,0
17033,ORDU,Ordu,Altınordu,Karadeniz,40.983833,37.885833,2025-11-15T06:00:00.000Z,15.4,,mgm,0
17034,GİRESUN,Giresun,Merkez,Karadeniz,40.922667,38.387833,2025-11-15T06:00:00.000Z,15.7,,mgm,0
17038,TRABZON HAVALİMANI,Trabzon,Ortahisar,Karadeniz,40.999133,39.779248,2025-11-15T06:00:00.000Z,16.2,,mgm,0
17040,RİZE,Rize,Merkez,Karadeniz,41.04,40.501333,2025-11-15T06:00:00.000Z,17.9,,mgm,0
17042,HOPA,Artvin,Hopa,Karadeniz,41.4065,41.433,2025-11-15T06:00:00.000Z,17.9,,mgm,0
17044,RİZE ARTVİN HAVALİMANI,Rize,Pazar,Karadeniz,41.177687,40.835223,2025-11-15T06:00:00.000Z,17.7,,mgm,0
17056,TEKİRDAĞ,Tekirdağ,Süleymanpaşa,Marmara,40.957959,27.496181,2025-11-15T06:00:00.000Z,17.3,,mgm,0
17112,ÇANAKKALE,Çanakkale,Merkez,Marmara,40.141428,26.399616,2025-11-15T06:00:00.000Z,17.6,,mgm,0
17175,AYVALIK,Balıkesir,Ayvalık,Ege,39.311292,26.686445,2025-11-15T06:00:00.000Z,18.6,,mgm,0
17180,DİKİLİ,İzmir,Dikili,Ege,39.073861,26.888093,2025-11-15T06:00:00.000Z,19.0,,mgm,0
17220,İZMİR BÖLGE,İzmir,Konak,Ege,38.3945,27.0821,2025-11-15T06:00:00.000Z,19.5,,mgm,0
17221,ÇEŞME,İzmir,Çeşme,Ege,38.303858,26.372882,2025-11-15T06:00:00.000Z,20.2,,mgm,0
17232,KUŞADASI,Aydın,Kuşadası,Ege,37.859636,27.265115,2025-11-15T06:00:00.000Z,20.8,,mgm,0
17290,BODRUM,Muğla,Bodrum,Ege,37.032611,27.439801,2025-11-15T06:00:00.000Z,22.9,,mgm,0
17296,FETHİYE,Muğla,Fethiye,Akdeniz,36.626611,29.123804,2025-11-15T06:00:00.000Z,22.9,,mgm,0
17297,DATÇA,Muğla,Datça,Ege,36.707945,27.691918,2025-11-15T06:00:00.000Z,21.6,,mgm,0
17298,MARMARİS,Muğla,Marmaris,Akdeniz,36.83926,28.244995,2025-11-15T06:00:00.000Z,23.0,,mgm,0
17310,ALANYA,Antalya,Alanya,Akdeniz,36.54999,31.979822,2025-11-15T06:00:00.000Z,22.2,,mgm,0
17320,ANAMUR,Mersin,Anamur,Akdeniz,36.068614,32.864876,2025-11-15T06:00:00.000Z,23.0,,mgm,0
17340,MERSİN,Mersin,Yenişehir,Akdeniz,36.780904,34.603125,2025-11-15T06:00:00.000Z,22.6,,mgm,0
17370,İSKENDERUN,Hatay,İskenderun,Akdeniz,36.592358,36.158158,2025-11-15T06:00:00.000Z,24.3,,mgm,0
17375,FİNİKE,Antalya,Finike,Akdeniz,36.3024,30.1458,2025-11-15T06:00:00.000Z,23.1,,mgm,0
17380,KAŞ,Antalya,Kaş,Akdeniz,36.200579,29.649995,2025-11-15T06:00:00.000Z,23.3,,mgm,0
17496,AYANCIK ÇAYLIOĞLU BALIKÇI BARINAĞI FENERİ,Sinop,Merkez,Karadeniz,41.966,34.508711,2025-11-15T20:28:00.000Z,16.8,,mgm,0
17381,KUŞADASI 3. NOLU ŞAMANDIRA,Aydın,Kuşadası,Ege,37.8458,27.2194,2025-11-15T21:44:00.000Z,20.8,,mgm,0
17383,NARLIDERE/İZMİR KÖRFEZİ A NOKTASI IŞIKLI ŞAMANDIRA,İzmir,Narlıdere,Ege,38.421203,26.917843,2025-11-15T21:44:00.000Z,19.9,,mgm,0
17384,URLA/KUBİLAY SIĞLIĞI IŞIKLI ŞAMANDIRA,İzmir,Urla,Ege,38.4467,26.7175,2025-11-15T21:44:00.000Z,19.9,,mgm,0
17385,MERSİN GÜNEY MENDİREK İSTİKAMET FENERİ,Mersin,Akdeniz,Akdeniz,36.784036,34.635222,2025-11-15T21:44:00.000Z,22.3,,mgm,0
17386,BODRUM KARAADA SIĞLIK IŞIKLI ŞAMANDIRA,Muğla,Bodrum,Ege,37.0081,27.4142,2025-11-15T21:44:00.000Z,22.8,,mgm,0
17387,GİRESUN PALAMUT KAYALIĞI MAHMUZ FENERİ,Giresun,Merkez,Karadeniz,40.9182,38.3783,2025-11-15T21:44:00.000Z,15.9,,mgm,0
17388,SİLİVRİ TPAO ŞAMANDIRA,İstanbul,Silivri,Marmara,41.039565,28.187255,2025-11-15T21:44:00.000Z,17.6,,mgm,0
17421,AYVALIK KANAL SANCAK A FENERİ,Balıkesir,Ayvalık,Ege,39.323394,26.640546,2025-11-15T21:44:00.000Z,19.8,,mgm,0
17422,BANDIRMA KUZEY MENDİREK FENERİ,Balıkesir,Bandırma,Marmara,40.358554,27.958451,2025-11-15T21:44:00.000Z,17.2,,mgm,0
17424,MARMARA/SARAYLAR KÖYÜ BARINAK (SANDAL BASENİ) FENERİ,Balıkesir,Marmara,Marmara,40.657488,27.662533,2025-11-15T21:44:00.000Z,17.8,,mgm,0
17426,BARTIN GÜNEY MENDİREK FENERİ,Bartın,Merkez,Karadeniz,41.6864,32.2261,2025-11-15T21:44:00.000Z,17.3,,mgm,0
17427,BOZCAADA LİMAN GİRİŞİ GÜNEY MENDİREK FENERİ,Çanakkale,Bozcaada,Ege,39.8341,26.0748,2025-11-15T21:44:00.000Z,19.9,,mgm,0
17429,ECEABAT/KABATEPE GÜNEY MENDİREK FENERİ,Çanakkale,Eceabat,Ege,40.2019,26.2669,2025-11-15T21:44:00.000Z,17.8,,mgm,0
17430,GÖKÇEADA KALEKÖY ANA MENDİREK FENERİ,Çanakkale,Gökçeada,Ege,40.2317,25.8914,2025-11-15T21:44:00.000Z,19.1,,mgm,0
17431,BİGA/KARABİGA BAR. (B) NOKTASI GÜNEY MEN. FENERİ,Çanakkale,Biga,Marmara,40.399583,27.305591,2025-11-15T21:44:00.000Z,17.5,,mgm,0
17432,EZİNE/GEYİKLİ ODUNLUK İSKELE FENERİ,Çanakkale,Ezine,Ege,39.818998,26.160008,2025-11-15T21:44:00.000Z,19.1,,mgm,0
17433,GÖKÇEADA UĞURLU LİMAN FENERİ,Çanakkale,Gökçeada,Ege,40.1153,25.6989,2025-11-15T21:44:00.000Z,18.8,,mgm,0
17434,EZİNE YENİKÖY BAL.BAR. ANA MENDİREK FENERİ,Çanakkale,Ezine,Ege,39.9447,26.1611,2025-11-15T21:44:00.000Z,18.8,,mgm,0
17435,AKÇAKOCA FENERİ,Düzce,Akçakoca,Karadeniz,41.0922,31.1197,2025-11-15T21:44:00.000Z,17.6,,mgm,0
17437,TUZLA AYDINLI LİMAN FENERİ,İstanbul,Tuzla,Marmara,40.850611,29.271174,2025-11-15T21:44:00.000Z,18.5,,mgm,0
17438,SİLİVRİ ANA MENDİREK FENERİ,İstanbul,Silivri,Marmara,41.072866,28.238398,2025-11-15T21:44:00.000Z,16.9,,mgm,0
17440,URLA BALIKÇI BARINAĞI MENDİREK FENERİ,İzmir,Urla,Ege,38.364761,26.772665,2025-11-15T21:44:00.000Z,21.6,,mgm,0
17441,GÜZELBAHÇE FENERİ,İzmir,Güzelbahçe,Ege,38.378579,26.885605,2025-11-15T21:44:00.000Z,19.8,,mgm,0
17442,KONAK/İZMİR PASAPORT MENDİREK FENERİ,İzmir,Konak,Ege,38.429236,27.131698,2025-11-15T21:44:00.000Z,19.4,,mgm,0
17443,ÇEŞME/KALE YERİ SIĞ.(DÖKÜNTÜTAŞI) FENERİ,İzmir,Çeşme,Ege,38.329226,26.267881,2025-11-15T21:44:00.000Z,20.1,,mgm,0
17444,KARABURUN/MORDOĞAN ANA MENDİREK (KUZEY) FENERİ,İzmir,Karaburun,Ege,38.517845,26.627861,2025-11-15T21:44:00.000Z,19.6,,mgm,0
17445,CİDE KUZEY MENDİREK FENERİ,Kastamonu,Cide,Karadeniz,41.9006,32.9778,2025-11-15T21:44:00.000Z,16.7,,mgm,0
17446,İNEBOLU KUZEY MENDİREK FENERİ,Kastamonu,İnebolu,Karadeniz,41.9817,33.7769,2025-11-15T21:44:00.000Z,16.1,,mgm,0
17447,VİZE/MİDYE KIYIKÖY BATI MENDİREK FENERİ (ANA),Kırklareli,Vize,Karadeniz,41.630847,28.101353,2025-11-15T21:44:00.000Z,16.5,,mgm,0
17448,TUZLA İTÜ GÜNEY MENDİREK FENERİ,İstanbul,Tuzla,Marmara,40.811828,29.297373,2025-11-15T21:44:00.000Z,16.9,,mgm,0
17449,KANDIRA/KEFKEN ADASI DOĞU MENDİREK FENERİ,Kocaeli,Kandıra,Karadeniz,41.211869,30.260694,2025-11-15T21:44:00.000Z,18.2,,mgm,0
17451,MARMARA EREĞLİSİ BAL.BAR.ANA MENDİREK FENERİ,Tekirdağ,Marmaraereğlisi,Marmara,40.970825,27.959676,2025-11-15T21:44:00.000Z,17.3,,mgm,0
17452,YALOVA SAMANLIDERE TALİ (DOĞU) MENDİREK FENERİ,Yalova,Merkez,Marmara,40.660597,29.246969,2025-11-15T21:44:00.000Z,16.9,,mgm,0
17453,ZONGULDAK GÜNEY MENDİREK FENERİ,Zonguldak,Merkez,Karadeniz,41.458611,31.779166,2025-11-15T21:44:00.000Z,12.9,,mgm,0
17454,FATİH/KUMKAPI FENERİ,İstanbul,Fatih,Marmara,41.000994,28.965432,2025-11-15T21:44:00.000Z,16.9,,mgm,0
17455,SARIYER/RUMELİ FENERİ BAL. BAR. ANA MENDİREK FENERİ,İstanbul,Sarıyer,Karadeniz,41.229151,29.114919,2025-11-15T21:44:00.000Z,17.0,,mgm,0
17459,İLKADIM/SAMSUN LİMAN KUZEY MENDİREK FENERİ,Samsun,İlkadım,Karadeniz,41.309587,36.355678,2025-11-15T21:44:00.000Z,15.9,,mgm,0
17467,HOPA ANA MENDİREK FENERİ,Artvin,Hopa,Karadeniz,41.420291,41.429843,2025-11-15T21:44:00.000Z,17.8,,mgm,0
17470,İNCEBURUN (YILDIZADASI) MARMARİS FENERİ,Muğla,Marmaris,Akdeniz,36.813936,28.265907,2025-11-15T21:44:00.000Z,22.7,,mgm,0
17486,İSKENDERUN KÖRFEZİ,Hatay,Payas,Akdeniz,36.59159,36.17992,2025-11-15T21:44:00.000Z,24.5,,mgm,0
17491,GEVAŞ AKDAMAR FENERİ,Van,Gevaş,Van Gölü,38.309988,43.041398,2025-11-15T21:44:00.000Z,10.3,,mgm,0
17492,DİDİM MARİNA FENERİ,Aydın,Didim,Ege,37.3369,27.264,2025-11-15T21:44:00.000Z,21.0,,mgm,0
17493,SEFERİHİSAR/SIĞACIK MARİNA FENERİ,İzmir,Seferihisar,Ege,38.195707,26.782742,2025-11-15T21:44:00.000Z,18.4,,mgm,0
17494,İSTANBUL HAVALİMANI LİMAN FENERİ,İstanbul,Arnavutköy,Karadeniz,41.313998,28.788586,2025-11-15T21:44:00.000Z,16.5,,mgm,0
17495,ARHAVİ BALIKÇI BARINAĞI TALİ MENDİREK FENERİ,Artvin,Arhavi,Karadeniz,41.351192,41.293756,2025-11-15T21:44:00.000Z,17.0,,mgm,0
17497,GELİBOLU SÜTLÜCE LİMANI KURU İSKELE,Çanakkale,Gelibolu,Marmara,40.320952,26.590161,2025-11-15T21:44:00.000Z,17.8,,mgm,0
17498,FİLYOS LİMAN FENERİ,Zonguldak,Çaycuma,Karadeniz,41.593083,32.066475,2025-11-15T21:44:00.000Z,17.6,,mgm,0
17460,ÜNYE BALIKÇI BARINAĞI ANA MENDİREK FENERİ,Ordu,Ünye,Karadeniz,41.116448,37.348722,2025-11-15T21:45:00.000Z,14.7,,mgm,0
17465,ARAKLI BALIKÇI BARINAĞI TALİ MENDİREK FENERİ,Trabzon,Araklı,Karadeniz,40.945081,40.053776,2025-11-15T21:45:00.000Z,14.6,,mgm,0
17479,SİLİFKE/TAŞUCU SEKA ANA MENDİREK FENERİ,Mersin,Silifke,Akdeniz,36.309162,33.889845,2025-11-15T21:45:00.000Z,21.5,,mgm,0
17482,VAN LİMAN,Van,Tuşba,Van Gölü,38.51486,43.307362,2025-11-15T21:45:00.000Z,12.4,,mgm,0
17483,TATVAN LİMAN,Bitlis,Tatvan,Van Gölü,38.512592,42.302103,2025-11-15T21:45:00.000Z,14.3,,mgm,0
17484,ADİLCEVAZ LİMAN,Bitlis,Adilcevaz,Van Gölü,38.797236,42.729931,2025-11-15T21:45:00.000Z,10.8,,mgm,0
17489,MUDANYA/GÜZELYALI BALIKÇI BARINAĞI,Bursa,Mudanya,Marmara,40.35612,28.934036,2025-11-15T21:45:00.000Z,16.1,,mgm,0
17464,TRABZON LİMANI ANA MENDİREK FENERİ,Trabzon,Ortahisar,Karadeniz,41.006776,39.750108,2025-11-15T21:47:00.000Z,16.2,,mgm,0
17466,ÇAYELİ BALIKÇI BARINAĞI TALİ MENDİREK FENERİ,Rize,Çayeli,Karadeniz,41.090095,40.722557,2025-11-15T21:47:00.000Z,14.8,,mgm,0
17480,KARATAŞ BALIKÇI BARINAĞI TALİ MENDİREK FENERİ,Adana,Karataş,Akdeniz,36.557986,35.383499,2025-11-15T21:48:00.000Z,21.1,,mgm,0
17015,AKÇAKOCA,Düzce,Akçakoca,Karadeniz,41.089528,31.143039,2025-11-18T06:00:00.000Z,17.1,,turkiye.gov.tr,1
17024,İNEBOLU,Kastamonu,İnebolu,Karadeniz,41.978937,33.762945,2025-11-18T06:00:00.000Z,16.2,,turkiye.gov.tr,1
17026,SİNOP,Sinop,Merkez,Karadeniz,42.029821,35.154286,2025-11-18T06:00:00.000Z,16.8,,turkiye.gov.tr,1
17030,SAMSUN BÖLGE,Samsun,Atakum,Karadeniz,41.344286,36.255794,2025-11-18T06:00:00.000Z,16.4,,turkiye.gov.tr,1
17033,ORDU,Ordu,Altınordu,Karadeniz,40.983833,37.885833,2025-11-18T06:00:00.000Z,14.9,,turkiye.gov.tr,1
17034,GİRESUN,Giresun,Merkez,Karadeniz,40.922667,38.387833,2025-11-18T06:00:00.000Z,17.1,,turkiye.gov.tr,1
17038,TRABZON HAVALİMANI,Trabzon,Ortahisar,Karadeniz,40.999133,39.779248,2025-11-18T06:00:00.000Z,15.6,,turkiye.gov.tr,1
17040,RİZE,Rize,Merkez,Karadeniz,41.04,40.501333,2025-11-18T06:00:00.000Z,17.4,,turkiye.gov.tr,1
17042,HOPA,Artvin,Hopa,Karadeniz,41.4065,41.433,2025-11-18T06:00:00.000Z,17.4,,turkiye.gov.tr,1
17044,RİZE ARTVİN HAVALİMANI,Rize,Pazar,Karadeniz,41.177687,40.835223,2025-11-18T06:00:00.000Z,17.5,,turkiye.gov.tr,1
17056,TEKİRDAĞ,Tekirdağ,Süleymanpaşa,Marmara,40.957959,27.496181,2025-11-18T06:00:00.000Z,17.2,,turkiye.gov.tr,1
17112,ÇANAKKALE,Çanakkale,Merkez,Marmara,40.141428,26.399616,2025-11-18T06:00:00.000Z,17.0,,turkiye.gov.tr,1
17175,AYVALIK,Balıkesir,Ayvalık,Ege,39.311292,26.686445,2025-11-18T06:00:00.000Z,18.3,,turkiye.gov.tr,1
17180,DİKİLİ,İzmir,Dikili,Ege,39.073861,26.888093,2025-11-18T06:00:00.000Z,19.0,,turkiye.gov.tr,1
17220,İZMİR BÖLGE,İzmir,Konak,Ege,38.3945,27.0821,2025-11-18T06:00:00.000Z,18.1,,turkiye.gov.tr,1
17221,ÇEŞME,İzmir,Çeşme,Ege,38.303858,26.372882,2025-11-18T06:00:00.000Z,20.5,,turkiye.gov.tr,1
17232,KUŞADASI,Aydın,Kuşadası,Ege,37.859636,27.265115,2025-11-18T06:00:00.000Z,20.6,,turkiye.gov.tr,1
17290,BODRUM,Muğla,Bodrum,Ege,37.032611,27.439801,2025-11-18T06:00:00.000Z,22.6,,turkiye.gov.tr,1
17296,FETHİYE,Muğla,Fethiye,Akdeniz,36.626611,29.123804,2025-11-18T06:00:00.000Z,22.8,,turkiye.gov.tr,1
17297,DATÇA,Muğla,Datça,Ege,36.707945,27.691918,2025-11-18T06:00:00.000Z,21.6,,turkiye.gov.tr,1
17298,MARMARİS,Muğla,Marmaris,Akdeniz,36.83926,28.244995,2025-11-18T06:00:00.000Z,22.6,,turkiye.gov.tr,1
17310,ALANYA,Antalya,Alanya,Akdeniz,36.54999,31.979822,2025-11-18T06:00:00.000Z,21.9,,turkiye.gov.tr,1
17320,ANAMUR,Mersin,Anamur,Akdeniz,36.068614,32.864876,2025-11-18T06:00:00.000Z,22.0,,turkiye.gov.tr,1
17340,MERSİN,Mersin,Yenişehir,Akdeniz,36.780904,34.603125,2025-11-18T06:00:00.000Z,22.7,,turkiye.gov.tr,1
17370,İSKENDERUN,Hatay,İskenderun,Akdeniz,36.592358,36.158158,2025-11-18T06:00:00.000Z,24.2,,turkiye.gov.tr,1
17375,FİNİKE,Antalya,Finike,Akdeniz,36.3024,30.1458,2025-11-18T06:00:00.000Z,23.0,,turkiye.gov.tr,1
17380,KAŞ,Antalya,Kaş,Akdeniz,36.200579,29.649995,2025-11-18T06:00:00.000Z,23.0,,turkiye.gov.tr,1
17381,KUŞADASI 3. NOLU ŞAMANDIRA,Aydın,Kuşadası,Ege,37.8458,27.2194,2025-11-18T06:00:00.000Z,20.7,,turkiye.gov.tr,1
17383,NARLIDERE/İZMİR KÖRFEZİ A NOKTASI IŞIKLI ŞAMANDIRA,İzmir,Narlıdere,Ege,38.421203,26.917843,2025-11-18T06:00:00.000Z,19.8,,turkiye.gov.tr,1
17384,URLA/KUBİLAY SIĞLIĞI IŞIKLI ŞAMANDIRA,İzmir,Urla,Ege,38.4467,26.7175,2025-11-18T06:00:00.000Z,19.8,,turkiye.gov.tr,1
17385,MERSİN GÜNEY MENDİREK İSTİKAMET FENERİ,Mersin,Akdeniz,Akdeniz,36.784036,34.635222,2025-11-18T06:00:00.000Z,19.7,,turkiye.gov.tr,1
17386,BODRUM KARAADA SIĞLIK IŞIKLI ŞAMANDIRA,Muğla,Bodrum,Ege,37.0081,27.4142,2025-11-18T06:00:00.000Z,22.8,,turkiye.gov.tr,1
17387,GİRESUN PALAMUT KAYALIĞI MAHMUZ FENERİ,Giresun,Merkez,Karadeniz,40.9182,38.3783,2025-11-18T06:00:00.000Z,17.0,,turkiye.gov.tr,1
17388,SİLİVRİ TPAO ŞAMANDIRA,İstanbul,Silivri,Marmara,41.039565,28.187255,2025-11-18T06:00:00.000Z,17.6,,turkiye.gov.tr,1
17421,AYVALIK KANAL SANCAK A FENERİ,Balıkesir,Ayvalık,Ege,39.323394,26.640546,2025-11-18T06:00:00.000Z,19.6,,turkiye.gov.tr,1
17422,BANDIRMA KUZEY MENDİREK FENERİ,Balıkesir,Bandırma,Marmara,40.358554,27.958451,2025-11-18T06:00:00.000Z,17.2,,turkiye.gov.tr,1
17424,MARMARA/SARAYLAR KÖYÜ BARINAK (SANDAL BASENİ) FENERİ,Balıkesir,Marmara,Marmara,40.657488,27.662533,2025-11-18T06:00:00.000Z,17.9,,turkiye.gov.tr,1
17426,BARTIN GÜNEY MENDİREK FENERİ,Bartın,Merkez,Karadeniz,41.6864,32.2261,2025-11-18T06:00:00.000Z,16.4,,turkiye.gov.tr,1
17427,BOZCAADA LİMAN GİRİŞİ GÜNEY MENDİREK FENERİ,Çanakkale,Bozcaada,Ege,39.8341,26.0748,2025-11-18T06:00:00.000Z,19.6,,turkiye.gov.tr,1
17429,ECEABAT/KABATEPE GÜNEY MENDİREK FENERİ,Çanakkale,Eceabat,Ege,40.2019,26.2669,2025-11-18T06:00:00.000Z,19.1,,turkiye.gov.tr,1
17430,GÖKÇEADA KALEKÖY ANA MENDİREK FENERİ,Çanakkale,Gökçeada,Ege,40.2317,25.8914,2025-11-18T06:00:00.000Z,18.3,,turkiye.gov.tr,1
17431,BİGA/KARABİGA BAR. (B) NOKTASI GÜNEY MEN. FENERİ,Çanakkale,Biga,Marmara,40.399583,27.305591,2025-11-18T06:00:00.000Z,17.4,,turkiye.gov.tr,1
17432,EZİNE/GEYİKLİ ODUNLUK İSKELE FENERİ,Çanakkale,Ezine,Ege,39.818998,26.160008,2025-11-18T06:00:00.000Z,18.9,,turkiye.gov.tr,1
17433,GÖKÇEADA UĞURLU LİMAN FENERİ,Çanakkale,Gökçeada,Ege,40.1153,25.6989,2025-11-18T06:00:00.000Z,19.0,,turkiye.gov.tr,1
17434,EZİNE YENİKÖY BAL.BAR. ANA MENDİREK FENERİ,Çanakkale,Ezine,Ege,39.9447,26.1611,2025-11-18T06:00:00.000Z,19.0,,turkiye.gov.tr,1
17435,AKÇAKOCA FENERİ,Düzce,Akçakoca,Karadeniz,41.0922,31.1197,2025-11-18T06:00:00.000Z,17.3,,turkiye.gov.tr,1
17436,ENEZ TALİ MENDİREK FENERİ,Edirne,Enez,Ege,40.698218,26.051263,2025-11-18T06:00:00.000Z,17.7,,turkiye.gov.tr,1
17437,TUZLA AYDINLI LİMAN FENERİ,İstanbul,Tuzla,Marmara,40.850611,29.271174,2025-11-18T06:00:00.000Z,17.3,,turkiye.gov.tr,1
17438,SİLİVRİ ANA MENDİREK FENERİ,İstanbul,Silivri,Marmara,41.072866,28.238398,2025-11-18T06:00:00.000Z,16.6,,turkiye.gov.tr,1
17440,URLA BALIKÇI BARINAĞI MENDİREK FENERİ,İzmir,Urla,Ege,38.364761,26.772665,2025-11-18T06:00:00.000Z,21.5,,turkiye.gov.tr,1
17441,GÜZELBAHÇE FENERİ,İzmir,Güzelbahçe,Ege,38.378579,26.885605,2025-11-18T06:00:00.000Z,19.9,,turkiye.gov.tr,1
17442,KONAK/İZMİR PASAPORT MENDİREK FENERİ,İzmir,Konak,Ege,38.429236,27.131698,2025-11-18T06:00:00.000Z,18.9,,turkiye.gov.tr,1
17443,ÇEŞME/KALE YERİ SIĞ.(DÖKÜNTÜTAŞI) FENERİ,İzmir,Çeşme,Ege,38.329226,26.267881,2025-11-18T06:00:00.000Z,20.5,,turkiye.gov.tr,1
17444,KARABURUN/MORDOĞAN ANA MENDİREK (KUZEY) FENERİ,İzmir,Karaburun,Ege,38.517845,26.627861,2025-11-18T06:00:00.000Z,20.6,,turkiye.gov.tr,1
17445,CİDE KUZEY MENDİREK FENERİ,Kastamonu,Cide,Karadeniz,41.9006,32.9778,2025-11-18T06:00:00.000Z,16.7,,turkiye.gov.tr,1
17446,İNEBOLU KUZEY MENDİREK FENERİ,Kastamonu,İnebolu,Karadeniz,41.9817,33.7769,2025-11-18T06:00:00.000Z,17.2,,turkiye.gov.tr,1
17447,VİZE/MİDYE KIYIKÖY BATI MENDİREK FENERİ (ANA),Kırklareli,Vize,Karadeniz,41.630847,28.101353,2025-11-18T06:00:00.000Z,16.9,,turkiye.gov.tr,1
17448,TUZLA İTÜ GÜNEY MENDİREK FENERİ,İstanbul,Tuzla,Marmara,40.811828,29.297373,2025-11-18T06:00:00.000Z,16.7,,turkiye.gov.tr,1
17449,KANDIRA/KEFKEN ADASI DOĞU MENDİREK FENERİ,Kocaeli,Kandıra,Karadeniz,41.211869,30.260694,2025-11-18T06:00:00.000Z,18.1,,turkiye.gov.tr,1
17451,MARMARA EREĞLİSİ BAL.BAR.ANA MENDİREK FENERİ,Tekirdağ,Marmaraereğlisi,Marmara,40.970825,27.959676,2025-11-18T06:00:00.000Z,17.8,,turkiye.gov.tr,1
17452,YALOVA SAMANLIDERE TALİ (DOĞU) MENDİREK FENERİ,Yalova,Merkez,Marmara,40.660597,29.246969,2025-11-18T06:00:00.000Z,19.3,,turkiye.gov.tr,1
17453,ZONGULDAK GÜNEY MENDİREK FENERİ,Zonguldak,Merkez,Karadeniz,41.458611,31.779166,2025-11-18T06:00:00.000Z,17.7,,turkiye.gov.tr,1
17455,SARIYER/RUMELİ FENERİ BAL. BAR. ANA MENDİREK FENERİ,İstanbul,Sarıyer,Karadeniz,41.229151,29.114919,2025-11-18T06:00:00.000Z,17.3,,turkiye.gov.tr,1
17459,İLKADIM/SAMSUN LİMAN KUZEY MENDİREK FENERİ,Samsun,İlkadım,Karadeniz,41.309587,36.355678,2025-11-18T06:00:00.000Z,16.2,,turkiye.gov.tr,1
17460,ÜNYE BALIKÇI BARINAĞI ANA MENDİREK FENERİ,Ordu,Ünye,Karadeniz,41.116448,37.348722,2025-11-18T06:00:00.000Z,15.1,,turkiye.gov.tr,1
17464,TRABZON LİMANI ANA MENDİREK FENERİ,Trabzon,Ortahisar,Karadeniz,41.006776,39.750108,2025-11-18T06:00:00.000Z,16.0,,turkiye.gov.tr,1
17465,ARAKLI BALIKÇI BARINAĞI TALİ MENDİREK FENERİ,Trabzon,Araklı,Karadeniz,40.945081,40.053776,2025-11-18T06:00:00.000Z,14.4,,turkiye.gov.tr,1
17466,ÇAYELİ BALIKÇI BARINAĞI TALİ MENDİREK FENERİ,Rize,Çayeli,Karadeniz,41.090095,40.722557,2025-11-18T06:00:00.000Z,14.6,,turkiye.gov.tr,1
17467,HOPA ANA MENDİREK FENERİ,Artvin,Hopa,Karadeniz,41.420291,41.429843,2025-11-18T06:00:00.000Z,17.9,,turkiye.gov.tr,1
17470,İNCEBURUN (YILDIZADASI) MARMARİS FENERİ,Muğla,Marmaris,Akdeniz,36.813936,28.265907,2025-11-18T06:00:00.000Z,22.9,,turkiye.gov.tr,1
17479,SİLİFKE/TAŞUCU SEKA ANA MENDİREK FENERİ,Mersin,Silifke,Akdeniz,36.309162,33.889845,2025-11-18T06:00:00.000Z,21.5,,turkiye.gov.tr,1
17480,KARATAŞ BALIKÇI BARINAĞI TALİ MENDİREK FENERİ,Adana,Karataş,Akdeniz,36.557986,35.383499,2025-11-18T06:00:00.000Z,20.3,,turkiye.gov.tr,1
17482,VAN LİMAN,Van,Tuşba,Van Gölü,38.51486,43.307362,2025-11-18T06:00:00.000Z,13.7,,turkiye.gov.tr,1
17483,TATVAN LİMAN,Bitlis,Tatvan,Van Gölü,38.512592,42.302103,2025-11-18T06:00:00.000Z,13.3,,turkiye.gov.tr,1
17484,ADİLCEVAZ LİMAN,Bitlis,Adilcevaz,Van Gölü,38.797236,42.729931,2025-11-18T06:00:00.000Z,12.0,,turkiye.gov.tr,1
17486,İSKENDERUN KÖRFEZİ,Hatay,Payas,Akdeniz,36.59159,36.17992,2025-11-18T06:00:00.000Z,24.1,,turkiye.gov.tr,1
17489,MUDANYA/GÜZELYALI BALIKÇI BARINAĞI,Bursa,Mudanya,Marmara,40.35612,28.934036,2025-11-18T06:00:00.000Z,15.5,,turkiye.gov.tr,1
17491,GEVAŞ AKDAMAR FENERİ,Van,Gevaş,Van Gölü,38.309988,43.041398,2025-11-18T06:00:00.000Z,11.0,,turkiye.gov.tr,1
17492,DİDİM MARİNA FENERİ,Aydın,Didim,Ege,37.3369,27.264,2025-11-18T06:00:00.000Z,21.2,,turkiye.gov.tr,1
17493,SEFERİHİSAR/SIĞACIK MARİNA FENERİ,İzmir,Seferihisar,Ege,38.195707,26.782742,2025-11-18T06:00:00.000Z,20.1,,turkiye.gov.tr,1
17494,İSTANBUL HAVALİMANI LİMAN FENERİ,İstanbul,Arnavutköy,Karadeniz,41.313998,28.788586,2025-11-18T06:00:00.000Z,15.6,,turkiye.gov.tr,1
17495,ARHAVİ BALIKÇI BARINAĞI TALİ MENDİREK FENERİ,Artvin,Arhavi,Karadeniz,41.351192,41.293756,2025-11-18T06:00:00.000Z,18.0,,turkiye.gov.tr,1
17496,AYANCIK ÇAYLIOĞLU BALIKÇI BARINAĞI FENERİ,Sinop,Merkez,Karadeniz,41.966,34.508711,2025-11-18T06:00:00.000Z,17.0,,turkiye.gov.tr,1
17497,GELİBOLU SÜTLÜCE LİMANI KURU İSKELE,Çanakkale,Gelibolu,Marmara,40.320952,26.590161,2025-11-18T06:00:00.000Z,18.1,,turkiye.gov.tr,1
17498,FİLYOS LİMAN FENERİ,Zonguldak,Çaycuma,Karadeniz,41.593083,32.066475,2025-11-18T06:00:00.000Z,17.5,,turkiye.gov.tr,1
17015,AKÇAKOCA,Düzce,Akçakoca,Karadeniz,41.089528,31.143039,2025-11-26T06:00:00.000Z,16.9,,mgm,0
17024,İNEBOLU,Kastamonu,İnebolu,Karadeniz,41.978937,33.762945,2025-11-26T06:00:00.000Z,16.0,,mgm,0
17026,SİNOP,Sinop,Merkez,Karadeniz,42.029821,35.154286,2025-11-26T06:00:00.000Z,16.5,,mgm,0
17030,SAMSUN BÖLGE,Samsun,Atakum,Karadeniz,41.344286,36.255794,2025-11-26T06:00:00.000Z,15.7,,mgm,0
17033,ORDU,Ordu,Altınordu,Karadeniz,40.983833,37.885833,2025-11-26T06:00:00.000Z,14.6,,mgm,0
17034,GİRESUN,Giresun,Merkez,Karadeniz,40.922667,38.387833,2025-11-26T06:00:00.000Z,16.7,,mgm,0
17038,TRABZON HAVALİMANI,Trabzon,Ortahisar,Karadeniz,40.999133,39.779248,2025-11-26T06:00:00.000Z,15.1,,mgm,0
17040,RİZE,Rize,Merkez,Karadeniz,41.04,40.501333,2025-11-26T06:00:00.000Z,16.7,,mgm,0
17042,HOPA,Artvin,Hopa,Karadeniz,41.4065,41.433,2025-11-26T06:00:00.000Z,17.1,,mgm,0
17044,RİZE ARTVİN HAVALİMANI,Rize,Pazar,Karadeniz,41.177687,40.835223,2025-11-26T06:00:00.000Z,16.9,,mgm,0
17056,TEKİRDAĞ,Tekirdağ,Süleymanpaşa,Marmara,40.957959,27.496181,2025-11-26T06:00:00.000Z,17.0,,mgm,0
17112,ÇANAKKALE,Çanakkale,Merkez,Marmara,40.141428,26.399616,2025-11-26T06:00:00.000Z,17.3,,mgm,0
17175,AYVALIK,Balıkesir,Ayvalık,Ege,39.311292,26.686445,2025-11-26T06:00:00.000Z,18.0,,mgm,0
17180,DİKİLİ,İzmir,Dikili,Ege,39.073861,26.888093,2025-11-26T06:00:00.000Z,18.5,,mgm,0
17221,ÇEŞME,İzmir,Çeşme,Ege,38.303858,26.372882,2025-11-26T06:00:00.000Z,19.7,,mgm,0
17232,KUŞADASI,Aydın,Kuşadası,Ege,37.859636,27.265115,2025-11-26T06:00:00.000Z,20.3,,mgm,0
17290,BODRUM,Muğla,Bodrum,Ege,37.032611,27.439801,2025-11-26T06:00:00.000Z,22.8,,mgm,0
17296,FETHİYE,Muğla,Fethiye,Akdeniz,36.626611,29.123804,2025-11-26T06:00:00.000Z,22.5,,mgm,0
17297,DATÇA,Muğla,Datça,Ege,36.707945,27.691918,2025-11-26T06:00:00.000Z,21.6,,mgm,0
17298,MARMARİS,Muğla,Marmaris,Akdeniz,36.83926,28.244995,2025-11-26T06:00:00.000Z,22.1,,mgm,0
17310,ALANYA,Antalya,Alanya,Akdeniz,36.54999,31.979822,2025-11-26T06:00:00.000Z,21.5,,mgm,0
17320,ANAMUR,Mersin,Anamur,Akdeniz,36.068614,32.864876,2025-11-26T06:00:00.000Z,21.5,,mgm,0
17340,MERSİN,Mersin,Yenişehir,Akdeniz,36.780904,34.603125,2025-11-26T06:00:00.000Z,21.5,,mgm,0
17370,İSKENDERUN,Hatay,İskenderun,Akdeniz,36.592358,36.158158,2025-11-26T06:00:00.000Z,21.0,,mgm,0
17375,FİNİKE,Antalya,Finike,Akdeniz,36.3024,30.1458,2025-11-26T06:00:00.000Z,22.7,,mgm,0
17380,KAŞ,Antalya,Kaş,Akdeniz,36.200579,29.649995,2025-11-26T06:00:00.000Z,22.5,,mgm,0
17384,URLA/KUBİLAY SIĞLIĞI IŞIKLI ŞAMANDIRA,İzmir,Urla,Ege,38.4467,26.7175,2025-11-26T18:57:00.000Z,19.5,,mgm,0
17496,AYANCIK ÇAYLIOĞLU BALIKÇI BARINAĞI FENERİ,Sinop,Merkez,Karadeniz,41.966,34.508711,2025-11-26T19:10:00.000Z,17.1,,mgm,0
17385,MERSİN GÜNEY MENDİREK İSTİKAMET FENERİ,Mersin,Akdeniz,Akdeniz,36.784036,34.635222,2025-11-26T19:27:00.000Z,21.8,,mgm,0
17430,GÖKÇEADA KALEKÖY ANA MENDİREK FENERİ,Çanakkale,Gökçeada,Ege,40.2317,25.8914,2025-11-26T19:31:00.000Z,18.7,,mgm,0
17436,ENEZ TALİ MENDİREK FENERİ,Edirne,Enez,Ege,40.698218,26.051263,2025-11-26T19:31:00.000Z,16.8,,mgm,0
17446,İNEBOLU KUZEY MENDİREK FENERİ,Kastamonu,İnebolu,Karadeniz,41.9817,33.7769,2025-11-26T19:31:00.000Z,16.6,,mgm,0
17381,KUŞADASI 3. NOLU ŞAMANDIRA,Aydın,Kuşadası,Ege,37.8458,27.2194,2025-11-26T19:32:00.000Z,20.3,,mgm,0
17383,NARLIDERE/İZMİR KÖRFEZİ A NOKTASI IŞIKLI ŞAMANDIRA,İzmir,Narlıdere,Ege,38.421203,26.917843,2025-11-26T19:32:00.000Z,19.5,,mgm,0
17386,BODRUM KARAADA SIĞLIK IŞIKLI ŞAMANDIRA,Muğla,Bodrum,Ege,37.0081,27.4142,2025-11-26T19:32:00.000Z,22.9,,mgm,0
17387,GİRESUN PALAMUT KAYALIĞI MAHMUZ FENERİ,Giresun,Merkez,Karadeniz,40.9182,38.3783,2025-11-26T19:32:00.000Z,16.7,,mgm,0
17388,SİLİVRİ TPAO ŞAMANDIRA,İstanbul,Silivri,Marmara,41.039565,28.187255,2025-11-26T19:32:00.000Z,17.0,,mgm,0
17421,AYVALIK KANAL SANCAK A FENERİ,Balıkesir,Ayvalık,Ege,39.323394,26.640546,2025-11-26T19:32:00.000Z,19.6,,mgm,0
17422,BANDIRMA KUZEY MENDİREK FENERİ,Balıkesir,Bandırma,Marmara,40.358554,27.958451,2025-11-26T19:32:00.000Z,16.5,,mgm,0
17424,MARMARA/SARAYLAR KÖYÜ BARINAK (SANDAL BASENİ) FENERİ,Balıkesir,Marmara,Marmara,40.657488,27.662533,2025-11-26T19:32:00.000Z,17.7,,mgm,0
17426,BARTIN GÜNEY MENDİREK FENERİ,Bartın,Merkez,Karadeniz,41.6864,32.2261,2025-11-26T19:32:00.000Z,16.5,,mgm,0
17427,BOZCAADA LİMAN GİRİŞİ GÜNEY MENDİREK FENERİ,Çanakkale,Bozcaada,Ege,39.8341,26.0748,2025-11-26T19:32:00.000Z,19.3,,mgm,0
17429,ECEABAT/KABATEPE GÜNEY MENDİREK FENERİ,Çanakkale,Eceabat,Ege,40.2019,26.2669,2025-11-26T19:32:00.000Z,17.6,,mgm,0
17431,BİGA/KARABİGA BAR. (B) NOKTASI GÜNEY MEN. FENERİ,Çanakkale,Biga,Marmara,40.399583,27.305591,2025-11-26T19:32:00.000Z,16.9,,mgm,0
17432,EZİNE/GEYİKLİ ODUNLUK İSKELE FENERİ,Çanakkale,Ezine,Ege,39.818998,26.160008,2025-11-26T19:32:00.000Z,19.1,,mgm,0
17433,GÖKÇEADA UĞURLU LİMAN FENERİ,Çanakkale,Gökçeada,Ege,40.1153,25.6989,2025-11-26T19:32:00.000Z,18.7,,mgm,0
17434,EZİNE YENİKÖY BAL.BAR. ANA MENDİREK FENERİ,Çanakkale,Ezine,Ege,39.9447,26.1611,2025-11-26T19:32:00.000Z,18.8,,mgm,0
17435,AKÇAKOCA FENERİ,Düzce,Akçakoca,Karadeniz,41.0922,31.1197,2025-11-26T19:32:00.000Z,17.0,,mgm,0
17437,TUZLA AYDINLI LİMAN FENERİ,İstanbul,Tuzla,Marmara,40.850611,29.271174,2025-11-26T19:32:00.000Z,16.6,,mgm,0
17438,SİLİVRİ ANA MENDİREK FENERİ,İstanbul,Silivri,Marmara,41.072866,28.238398,2025-11-26T19:32:00.000Z,16.2,,mgm,0
17440,URLA BALIKÇI BARINAĞI MENDİREK FENERİ,İzmir,Urla,Ege,38.364761,26.772665,2025-11-26T19:32:00.000Z,21.5,,mgm,0
17441,GÜZELBAHÇE FENERİ,İzmir,Güzelbahçe,Ege,38.378579,26.885605,2025-11-26T19:32:00.000Z,19.4,,mgm,0
17442,KONAK/İZMİR PASAPORT MENDİREK FENERİ,İzmir,Konak,Ege,38.429236,27.131698,2025-11-26T19:32:00.000Z,17.7,,mgm,0
17443,ÇEŞME/KALE YERİ SIĞ.(DÖKÜNTÜTAŞI) FENERİ,İzmir,Çeşme,Ege,38.329226,26.267881,2025-11-26T19:32:00.000Z,19.7,,mgm,0
17444,KARABURUN/MORDOĞAN ANA MENDİREK (KUZEY) FENERİ,İzmir,Karaburun,Ege,38.517845,26.627861,2025-11-26T19:32:00.000Z,19.2,,mgm,0
17445,CİDE KUZEY MENDİREK FENERİ,Kastamonu,Cide,Karadeniz,41.9006,32.9778,2025-11-26T19:32:00.000Z,16.1,,mgm,0
17447,VİZE/MİDYE KIYIKÖY BATI MENDİREK FENERİ (ANA),Kırklareli,Vize,Karadeniz,41.630847,28.101353,2025-11-26T19:32:00.000Z,16.2,,mgm,0
17448,TUZLA İTÜ GÜNEY MENDİREK FENERİ,İstanbul,Tuzla,Marmara,40.811828,29.297373,2025-11-26T19:32:00.000Z,16.0,,mgm,0
17449,KANDIRA/KEFKEN ADASI DOĞU MENDİREK FENERİ,Kocaeli,Kandıra,Karadeniz,41.211869,30.260694,2025-11-26T19:32:00.000Z,17.4,,mgm,0
17451,MARMARA EREĞLİSİ BAL.BAR.ANA MENDİREK FENERİ,Tekirdağ,Marmaraereğlisi,Marmara,40.970825,27.959676,2025-11-26T19:32:00.000Z,16.9,,mgm,0
17452,YALOVA SAMANLIDERE TALİ (DOĞU) MENDİREK FENERİ,Yalova,Merkez,Marmara,40.660597,29.246969,2025-11-26T19:32:00.000Z,16.7,,mgm,0
17453,ZONGULDAK GÜNEY MENDİREK FENERİ,Zonguldak,Merkez,Karadeniz,41.458611,31.779166,2025-11-26T19:32:00.000Z,14.5,,mgm,0
17454,FATİH/KUMKAPI FENERİ,İstanbul,Fatih,Marmara,41.000994,28.965432,2025-11-26T19:32:00.000Z,16.7,,mgm,0
17455,SARIYER/RUMELİ FENERİ BAL. BAR. ANA MENDİREK FENERİ,İstanbul,Sarıyer,Karadeniz,41.229151,29.114919,2025-11-26T19:32:00.000Z,17.1,,mgm,0
17467,HOPA ANA MENDİREK FENERİ,Artvin,Hopa,Karadeniz,41.420291,41.429843,2025-11-26T19:32:00.000Z,17.2,,mgm,0
17470,İNCEBURUN (YILDIZADASI) MARMARİS FENERİ,Muğla,Marmaris,Akdeniz,36.813936,28.265907,2025-11-26T19:32:00.000Z,22.4,,mgm,0
17491,GEVAŞ AKDAMAR FENERİ,Van,Gevaş,Van Gölü,38.309988,43.041398,2025-11-26T19:32:00.000Z,8.9,,mgm,0
17492,DİDİM MARİNA FENERİ,Aydın,Didim,Ege,37.3369,27.264,2025-11-26T19:32:00.000Z,20.8,,mgm,0
17493,SEFERİHİSAR/SIĞACIK MARİNA FENERİ,İzmir,Seferihisar,Ege,38.195707,26.782742,2025-11-26T19:32:00.000Z,18.3,,mgm,0
17494,İSTANBUL HAVALİMANI LİMAN FENERİ,İstanbul,Arnavutköy,Karadeniz,41.313998,28.788586,2025-11-26T19:32:00.000Z,14.3,,mgm,0
17495,ARHAVİ BALIKÇI BARINAĞI TALİ MENDİREK FENERİ,Artvin,Arhavi,Karadeniz,41.351192,41.293756,2025-11-26T19:32:00.000Z,17.3,,mgm,0
17497,GELİBOLU SÜTLÜCE LİMANI KURU İSKELE,Çanakkale,Gelibolu,Marmara,40.320952,26.590161,2025-11-26T19:32:00.000Z,17.2,,mgm,0
17498,FİLYOS LİMAN FENERİ,Zonguldak,Çaycuma,Karadeniz,41.593083,32.066475,2025-11-26T19:32:00.000Z,16.4,,mgm,0
17459,İLKADIM/SAMSUN LİMAN KUZEY MENDİREK FENERİ,Samsun,İlkadım,Karadeniz,41.309587,36.355678,2025-11-26T19:33:00.000Z,16.2,,mgm,0
17460,ÜNYE BALIKÇI BARINAĞI ANA MENDİREK FENERİ,Ordu,Ünye,Karadeniz,41.116448,37.348722,2025-11-26T19:33:00.000Z,14.7,,mgm,0
17465,ARAKLI BALIKÇI BARINAĞI TALİ MENDİREK FENERİ,Trabzon,Araklı,Karadeniz,40.945081,40.053776,2025-11-26T19:33:00.000Z,14.3,,mgm,0
17479,SİLİFKE/TAŞUCU SEKA ANA MENDİREK FENERİ,Mersin,Silifke,Akdeniz,36.309162,33.889845,2025-11-26T19:33:00.000Z,21.1,,mgm,0
17482,VAN LİMAN,Van,Tuşba,Van Gölü,38.51486,43.307362,2025-11-26T19:33:00.000Z,13.7,,mgm,0
17483,TATVAN LİMAN,Bitlis,Tatvan,Van Gölü,38.512592,42.302103,2025-11-26T19:33:00.000Z,13.1,,mgm,0
17484,ADİLCEVAZ LİMAN,Bitlis,Adilcevaz,Van Gölü,38.797236,42.729931,2025-11-26T19:33:00.000Z,10.0,,mgm,0
17489,MUDANYA/GÜZELYALI BALIKÇI BARINAĞI,Bursa,Mudanya,Marmara,40.35612,28.934036,2025-11-26T19:33:00.000Z,15.2,,mgm,0
17464,TRABZON LİMANI ANA MENDİREK FENERİ,Trabzon,Ortahisar,Karadeniz,41.006776,39.750108,2025-11-26T19:35:00.000Z,14.3,,mgm,0
17466,ÇAYELİ BALIKÇI BARINAĞI TALİ MENDİREK FENERİ,Rize,Çayeli,Karadeniz,41.090095,40.722557,2025-11-26T19:35:00.000Z,13.7,,mgm,0
17480,KARATAŞ BALIKÇI BARINAĞI TALİ MENDİREK FENERİ,Adana,Karataş,Akdeniz,36.557986,35.383499,2025-11-26T19:37:00.000Z,20.2,,mgm,0
17015,AKÇAKOCA,Düzce,Akçakoca,Karadeniz,41.089528,31.143039,2025-12-07T06:00:00.000Z,16.0,,turkiye.gov.tr,1
17024,İNEBOLU,Kastamonu,İnebolu,Karadeniz,41.978937,33.762945,2025-12-07T06:00:00.000Z,15.3,,turkiye.gov.tr,1
17026,SİNOP,Sinop,Merkez,Karadeniz,42.029821,35.154286,2025-12-07T06:00:00.000Z,15.7,,turkiye.gov.tr,1
17030,SAMSUN BÖLGE,Samsun,Atakum,Karadeniz,41.344286,36.255794,2025-12-07T06:00:00.000Z,16.8,,turkiye.gov.tr,1
17033,ORDU,Ordu,Altınordu,Karadeniz,40.983833,37.885833,2025-12-07T06:00:00.000Z,13.1,,turkiye.gov.tr,1
17034,GİRESUN,Giresun,Merkez,Karadeniz,40.922667,38.387833,2025-12-07T06:00:00.000Z,15.6,,turkiye.gov.tr,1
17038,TRABZON HAVALİMANI,Trabzon,Ortahisar,Karadeniz,40.999133,39.779248,2025-12-07T06:00:00.000Z,14.5,,turkiye.gov.tr,1
17040,RİZE,Rize,Merkez,Karadeniz,41.04,40.501333,2025-12-07T06:00:00.000Z,16.0,,turkiye.gov.tr,1
17042,HOPA,Artvin,Hopa,Karadeniz,41.4065,41.433,2025-12-07T06:00:00.000Z,16.1,,turkiye.gov.tr,1
17044,RİZE ARTVİN HAVALİMANI,Rize,Pazar,Karadeniz,41.177687,40.835223,2025-12-07T06:00:00.000Z,16.3,,turkiye.gov.tr,1
17056,TEKİRDAĞ,Tekirdağ,Süleymanpaşa,Marmara,40.957959,27.496181,2025-12-07T06:00:00.000Z,15.3,,turkiye.gov.tr,1
17112,ÇANAKKALE,Çanakkale,Merkez,Marmara,40.141428,26.399616,2025-12-07T06:00:00.000Z,16.5,,turkiye.gov.tr,1
17180,DİKİLİ,İzmir,Dikili,Ege,39.073861,26.888093,2025-12-07T06:00:00.000Z,17.5,,turkiye.gov.tr,1
17220,İZMİR BÖLGE,İzmir,Konak,Ege,38.3945,27.0821,2025-12-07T06:00:00.000Z,16.6,,turkiye.gov.tr,1
17221,ÇEŞME,İzmir,Çeşme,Ege,38.303858,26.372882,2025-12-07T06:00:00.000Z,19.6,,turkiye.gov.tr,1
17232,KUŞADASI,Aydın,Kuşadası,Ege,37.859636,27.265115,2025-12-07T06:00:00.000Z,20.0,,turkiye.gov.tr,1
17290,BODRUM,Muğla,Bodrum,Ege,37.032611,27.439801,2025-12-07T06:00:00.000Z,21.9,,turkiye.gov.tr,1
17296,FETHİYE,Muğla,Fethiye,Akdeniz,36.626611,29.123804,2025-12-07T06:00:00.000Z,21.8,,turkiye.gov.tr,1
17297,DATÇA,Muğla,Datça,Ege,36.707945,27.691918,2025-12-07T06:00:00.000Z,20.9,,turkiye.gov.tr,1
17298,MARMARİS,Muğla,Marmaris,Akdeniz,36.83926,28.244995,2025-12-07T06:00:00.000Z,20.6,,turkiye.gov.tr,1
17310,ALANYA,Antalya,Alanya,Akdeniz,36.54999,31.979822,2025-12-07T06:00:00.000Z,21.0,,turkiye.gov.tr,1
17320,ANAMUR,Mersin,Anamur,Akdeniz,36.068614,32.864876,2025-12-07T06:00:00.000Z,20.6,,turkiye.gov.tr,1
17340,MERSİN,Mersin,Yenişehir,Akdeniz,36.780904,34.603125,2025-12-07T06:00:00.000Z,19.5,,turkiye.gov.tr,1
17370,İSKENDERUN,Hatay,İskenderun,Akdeniz,36.592358,36.158158,2025-12-07T06:00:00.000Z,18.7,,turkiye.gov.tr,1
17375,FİNİKE,Antalya,Finike,Akdeniz,36.3024,30.1458,2025-12-07T06:00:00.000Z,21.5,,turkiye.gov.tr,1
17380,KAŞ,Antalya,Kaş,Akdeniz,36.200579,29.649995,2025-12-07T06:00:00.000Z,21.5,,turkiye.gov.tr,1
17381,KUŞADASI 3. NOLU ŞAMANDIRA,Aydın,Kuşadası,Ege,37.8458,27.2194,2025-12-07T06:00:00.000Z,20.0,,turkiye.gov.tr,1
17383,NARLIDERE/İZMİR KÖRFEZİ A NOKTASI IŞIKLI ŞAMANDIRA,İzmir,Narlıdere,Ege,38.421203,26.917843,2025-12-07T06:00:00.000Z,18.5,,turkiye.gov.tr,1
17384,URLA/KUBİLAY SIĞLIĞI IŞIKLI ŞAMANDIRA,İzmir,Urla,Ege,38.4467,26.7175,2025-12-07T06:00:00.000Z,18.3,,turkiye.gov.tr,1
17385,MERSİN GÜNEY MENDİREK İSTİKAMET FENERİ,Mersin,Akdeniz,Akdeniz,36.784036,34.635222,2025-12-07T06:00:00.000Z,19.0,,turkiye.gov.tr,1
17387,GİRESUN PALAMUT KAYALIĞI MAHMUZ FENERİ,Giresun,Merkez,Karadeniz,40.9182,38.3783,2025-12-07T06:00:00.000Z,15.7,,turkiye.gov.tr,1
17388,SİLİVRİ TPAO ŞAMANDIRA,İstanbul,Silivri,Marmara,41.039565,28.187255,2025-12-07T06:00:00.000Z,15.6,,turkiye.gov.tr,1
17389,ADALAR ŞAMANDIRA,İstanbul,Adalar,Marmara,40.93278,28.94889,2025-12-07T06:00:00.000Z,15.7,,turkiye.gov.tr,1
17421,AYVALIK KANAL SANCAK A FENERİ,Balıkesir,Ayvalık,Ege,39.323394,26.640546,2025-12-07T06:00:00.000Z,17.2,,turkiye.gov.tr,1
17422,BANDIRMA KUZEY MENDİREK FENERİ,Balıkesir,Bandırma,Marmara,40.358554,27.958451,2025-12-07T06:00:00.000Z,15.5,,turkiye.gov.tr,1
17424,MARMARA/SARAYLAR KÖYÜ BARINAK (SANDAL BASENİ) FENERİ,Balıkesir,Marmara,Marmara,40.657488,27.662533,2025-12-07T06:00:00.000Z,16.1,,turkiye.gov.tr,1
17426,BARTIN GÜNEY MENDİREK FENERİ,Bartın,Merkez,Karadeniz,41.6864,32.2261,2025-12-07T06:00:00.000Z,15.8,,turkiye.gov.tr,1
17427,BOZCAADA LİMAN GİRİŞİ GÜNEY MENDİREK FENERİ,Çanakkale,Bozcaada,Ege,39.8341,26.0748,2025-12-07T06:00:00.000Z,18.9,,turkiye.gov.tr,1
17429,ECEABAT/KABATEPE GÜNEY MENDİREK FENERİ,Çanakkale,Eceabat,Ege,40.2019,26.2669,2025-12-07T06:00:00.000Z,18.7,,turkiye.gov.tr,1
17430,GÖKÇEADA KALEKÖY ANA MENDİREK FENERİ,Çanakkale,Gökçeada,Ege,40.2317,25.8914,2025-12-07T06:00:00.000Z,18.8,,turkiye.gov.tr,1
17431,BİGA/KARABİGA BAR. (B) NOKTASI GÜNEY MEN. FENERİ,Çanakkale,Biga,Marmara,40.399583,27.305591,2025-12-07T06:00:00.000Z,15.4,,turkiye.gov.tr,1
17432,EZİNE/GEYİKLİ ODUNLUK İSKELE FENERİ,Çanakkale,Ezine,Ege,39.818998,26.160008,2025-12-07T06:00:00.000Z,17.8,,turkiye.gov.tr,1
17433,GÖKÇEADA UĞURLU LİMAN FENERİ,Çanakkale,Gökçeada,Ege,40.1153,25.6989,2025-12-07T06:00:00.000Z,18.3,,turkiye.gov.tr,1
17434,EZİNE YENİKÖY BAL.BAR. ANA MENDİREK FENERİ,Çanakkale,Ezine,Ege,39.9447,26.1611,2025-12-07T06:00:00.000Z,17.4,,turkiye.gov.tr,1
17435,AKÇAKOCA FENERİ,Düzce,Akçakoca,Karadeniz,41.0922,31.1197,2025-12-07T06:00:00.000Z,16.2,,turkiye.gov.tr,1
17436,ENEZ TALİ MENDİREK FENERİ,Edirne,Enez,Ege,40.698218,26.051263,2025-12-07T06:00:00.000Z,15.8,,turkiye.gov.tr,1
17437,TUZLA AYDINLI LİMAN FENERİ,İstanbul,Tuzla,Marmara,40.850611,29.271174,2025-12-07T06:00:00.000Z,15.1,,turkiye.gov.tr,1
17438,SİLİVRİ ANA MENDİREK FENERİ,İstanbul,Silivri,Marmara,41.072866,28.238398,2025-12-07T06:00:00.000Z,15.7,,turkiye.gov.tr,1
17440,URLA BALIKÇI BARINAĞI MENDİREK FENERİ,İzmir,Urla,Ege,38.364761,26.772665,2025-12-07T06:00:00.000Z,19.6,,turkiye.gov.tr,1
17442,KONAK/İZMİR PASAPORT MENDİREK FENERİ,İzmir,Konak,Ege,38.429236,27.131698,2025-12-07T06:00:00.000Z,16.7,,turkiye.gov.tr,1
17443,ÇEŞME/KALE YERİ SIĞ.(DÖKÜNTÜTAŞI) FENERİ,İzmir,Çeşme,Ege,38.329226,26.267881,2025-12-07T06:00:00.000Z,19.6,,turkiye.gov.tr,1
17444,KARABURUN/MORDOĞAN ANA MENDİREK (KUZEY) FENERİ,İzmir,Karaburun,Ege,38.517845,26.627861,2025-12-07T06:00:00.000Z,18.5,,turkiye.gov.tr,1
17445,CİDE KUZEY MENDİREK FENERİ,Kastamonu,Cide,Karadeniz,41.9006,32.9778,2025-12-07T06:00:00.000Z,15.8,,turkiye.gov.tr,1
17447,VİZE/MİDYE KIYIKÖY BATI MENDİREK FENERİ (ANA),Kırklareli,Vize,Karadeniz,41.630847,28.101353,2025-12-07T06:00:00.000Z,15.4,,turkiye.gov.tr,1
17448,TUZLA İTÜ GÜNEY MENDİREK FENERİ,İstanbul,Tuzla,Marmara,40.811828,29.297373,2025-12-07T06:00:00.000Z,15.7,,turkiye.gov.tr,1
17449,KANDIRA/KEFKEN ADASI DOĞU MENDİREK FENERİ,Kocaeli,Kandıra,Karadeniz,41.211869,30.260694,2025-12-07T06:00:00.000Z,16.4,,turkiye.gov.tr,1
17451,MARMARA EREĞLİSİ BAL.BAR.ANA MENDİREK FENERİ,Tekirdağ,Marmaraereğlisi,Marmara,40.970825,27.959676,2025-12-07T06:00:00.000Z,14.9,,turkiye.gov.tr,1
17452,YALOVA SAMANLIDERE TALİ (DOĞU) MENDİREK FENERİ,Yalova,Merkez,Marmara,40.660597,29.246969,2025-12-07T06:00:00.000Z,15.6,,turkiye.gov.tr,1
17453,ZONGULDAK GÜNEY MENDİREK FENERİ,Zonguldak,Merkez,Karadeniz,41.458611,31.779166,2025-12-07T06:00:00.000Z,16.4,,turkiye.gov.tr,1
17454,FATİH/KUMKAPI FENERİ,İstanbul,Fatih,Marmara,41.000994,28.965432,2025-12-07T06:00:00.000Z,15.5,,turkiye.gov.tr,1
17455,SARIYER/RUMELİ FENERİ BAL. BAR. ANA MENDİREK FENERİ,İstanbul,Sarıyer,Karadeniz,41.229151,29.114919,2025-12-07T06:00:00.000Z,15.8,,turkiye.gov.tr,1
17459,İLKADIM/SAMSUN LİMAN KUZEY MENDİREK FENERİ,Samsun,İlkadım,Karadeniz,41.309587,36.355678,2025-12-07T06:00:00.000Z,15.4,,turkiye.gov.tr,1
17460,ÜNYE BALIKÇI BARINAĞI ANA MENDİREK FENERİ,Ordu,Ünye,Karadeniz,41.116448,37.348722,2025-12-07T06:00:00.000Z,13.6,,turkiye.gov.tr,1
17464,TRABZON LİMANI ANA MENDİREK FENERİ,Trabzon,Ortahisar,Karadeniz,41.006776,39.750108,2025-12-07T06:00:00.000Z,14.7,,turkiye.gov.tr,1
17465,ARAKLI BALIKÇI BARINAĞI TALİ MENDİREK FENERİ,Trabzon,Araklı,Karadeniz,40.945081,40.053776,2025-12-07T06:00:00.000Z,13.5,,turkiye.gov.tr,1
17466,ÇAYELİ BALIKÇI BARINAĞI TALİ MENDİREK FENERİ,Rize,Çayeli,Karadeniz,41.090095,40.722557,2025-12-07T06:00:00.000Z,13.1,,turkiye.gov.tr,1
17467,HOPA ANA MENDİREK FENERİ,Artvin,Hopa,Karadeniz,41.420291,41.429843,2025-12-07T06:00:00.000Z,16.1,,turkiye.gov.tr,1
17470,İNCEBURUN (YILDIZADASI) MARMARİS FENERİ,Muğla,Marmaris,Akdeniz,36.813936,28.265907,2025-12-07T06:00:00.000Z,20.7,,turkiye.gov.tr,1
17479,SİLİFKE/TAŞUCU SEKA ANA MENDİREK FENERİ,Mersin,Silifke,Akdeniz,36.309162,33.889845,2025-12-07T06:00:00.000Z,18.9,,turkiye.gov.tr,1
17480,KARATAŞ BALIKÇI BARINAĞI TALİ MENDİREK FENERİ,Adana,Karataş,Akdeniz,36.557986,35.383499,2025-12-07T06:00:00.000Z,18.8,,turkiye.gov.tr,1
17482,VAN LİMAN,Van,Tuşba,Van Gölü,38.51486,43.307362,2025-12-07T06:00:00.000Z,10.7,,turkiye.gov.tr,1
17483,TATVAN LİMAN,Bitlis,Tatvan,Van Gölü,38.512592,42.302103,2025-12-07T06:00:00.000Z,10.9,,turkiye.gov.tr,1
17484,ADİLCEVAZ LİMAN,Bitlis,Adilcevaz,Van Gölü,38.797236,42.729931,2025-12-07T06:00:00.000Z,8.4,,turkiye.gov.tr,1
17486,İSKENDERUN KÖRFEZİ,Hatay,Payas,Akdeniz,36.59159,36.17992,2025-12-07T06:00:00.000Z,21.9,,turkiye.gov.tr,1
17489,MUDANYA/GÜZELYALI BALIKÇI BARINAĞI,Bursa,Mudanya,Marmara,40.35612,28.934036,2025-12-07T06:00:00.000Z,14.3,,turkiye.gov.tr,1
17491,GEVAŞ AKDAMAR FENERİ,Van,Gevaş,Van Gölü,38.309988,43.041398,2025-12-07T06:00:00.000Z,7.9,,turkiye.gov.tr,1
17492,DİDİM MARİNA FENERİ,Aydın,Didim,Ege,37.3369,27.264,2025-12-07T06:00:00.000Z,20.1,,turkiye.gov.tr,1
17493,SEFERİHİSAR/SIĞACIK MARİNA FENERİ,İzmir,Seferihisar,Ege,38.195707,26.782742,2025-12-07T06:00:00.000Z,17.6,,turkiye.gov.tr,1
17494,İSTANBUL HAVALİMANI LİMAN FENERİ,İstanbul,Arnavutköy,Karadeniz,41.313998,28.788586,2025-12-07T06:00:00.000Z,14.0,,turkiye.gov.tr,1
17495,ARHAVİ BALIKÇI BARINAĞI TALİ MENDİREK FENERİ,Artvin,Arhavi,Karadeniz,41.351192,41.293756,2025-12-07T06:00:00.000Z,15.6,,turkiye.gov.tr,1
17496,AYANCIK ÇAYLIOĞLU BALIKÇI BARINAĞI FENERİ,Sinop,Merkez,Karadeniz,41.966,34.508711,2025-12-07T06:00:00.000Z,16.0,,turkiye.gov.tr,1
17497,GELİBOLU SÜTLÜCE LİMANI KURU İSKELE,Çanakkale,Gelibolu,Marmara,40.320952,26.590161,2025-12-07T06:00:00.000Z,15.8,,turkiye.gov.tr,1
17498,FİLYOS LİMAN FENERİ,Zonguldak,Çaycuma,Karadeniz,41.593083,32.066475,2025-12-07T06:00:00.000Z,16.2,,turkiye.gov.tr,1
17015,AKÇAKOCA,Düzce,Akçakoca,Karadeniz,41.089528,31.143039,2025-12-10T06:00:00.000Z,15.9,,turkiye.gov.tr,1
17024,İNEBOLU,Kastamonu,İnebolu,Karadeniz,41.978937,33.762945,2025-12-10T06:00:00.000Z,15.2,,turkiye.gov.tr,1
17026,SİNOP,Sinop,Merkez,Karadeniz,42.029821,35.154286,2025-12-10T06:00:00.000Z,15.5,,turkiye.gov.tr,1
17030,SAMSUN BÖLGE,Samsun,Atakum,Karadeniz,41.344286,36.255794,2025-12-10T06:00:00.000Z,13.5,,turkiye.gov.tr,1
17033,ORDU,Ordu,Altınordu,Karadeniz,40.983833,37.885833,2025-12-10T06:00:00.000Z,12.9,,turkiye.gov.tr,1
17034,GİRESUN,Giresun,Merkez,Karadeniz,40.922667,38.387833,2025-12-10T06:00:00.000Z,15.0,,turkiye.gov.tr,1
17038,TRABZON HAVALİMANI,Trabzon,Ortahisar,Karadeniz,40.999133,39.779248,2025-12-10T06:00:00.000Z,14.4,,turkiye.gov.tr,1
17040,RİZE,Rize,Merkez,Karadeniz,41.04,40.501333,2025-12-10T06:00:00.000Z,16.1,,turkiye.gov.tr,1
17042,HOPA,Artvin,Hopa,Karadeniz,41.4065,41.433,2025-12-10T06:00:00.000Z,16.0,,turkiye.gov.tr,1
17044,RİZE ARTVİN HAVALİMANI,Rize,Pazar,Karadeniz,41.177687,40.835223,2025-12-10T06:00:00.000Z,15.9,,turkiye.gov.tr,1
17056,TEKİRDAĞ,Tekirdağ,Süleymanpaşa,Marmara,40.957959,27.496181,2025-12-10T06:00:00.000Z,14.8,,turkiye.gov.tr,1
17112,ÇANAKKALE,Çanakkale,Merkez,Marmara,40.141428,26.399616,2025-12-10T06:00:00.000Z,16.2,,turkiye.gov.tr,1
17175,AYVALIK,Balıkesir,Ayvalık,Ege,39.311292,26.686445,2025-12-10T06:00:00.000Z,17.2,,turkiye.gov.tr,1
17180,DİKİLİ,İzmir,Dikili,Ege,39.073861,26.888093,2025-12-10T06:00:00.000Z,17.3,,turkiye.gov.tr,1
17220,İZMİR BÖLGE,İzmir,Konak,Ege,38.3945,27.0821,2025-12-10T06:00:00.000Z,15.6,,turkiye.gov.tr,1
17221,ÇEŞME,İzmir,Çeşme,Ege,38.303858,26.372882,2025-12-10T06:00:00.000Z,19.0,,turkiye.gov.tr,1
17232,KUŞADASI,Aydın,Kuşadası,Ege,37.859636,27.265115,2025-12-10T06:00:00.000Z,19.6,,turkiye.gov.tr,1
17290,BODRUM,Muğla,Bodrum,Ege,37.032611,27.439801,2025-12-10T06:00:00.000Z,21.8,,turkiye.gov.tr,1
17296,FETHİYE,Muğla,Fethiye,Akdeniz,36.626611,29.123804,2025-12-10T06:00:00.000Z,21.6,,turkiye.gov.tr,1
17297,DATÇA,Muğla,Datça,Ege,36.707945,27.691918,2025-12-10T06:00:00.000Z,20.7,,turkiye.gov.tr,1
17298,MARMARİS,Muğla,Marmaris,Akdeniz,36.83926,28.244995,2025-12-10T06:00:00.000Z,20.5,,turkiye.gov.tr,1
17310,ALANYA,Antalya,Alanya,Akdeniz,36.54999,31.979822,2025-12-10T06:00:00.000Z,21.0,,turkiye.gov.tr,1
17320,ANAMUR,Mersin,Anamur,Akdeniz,36.068614,32.864876,2025-12-10T06:00:00.000Z,20.0,,turkiye.gov.tr,1
17340,MERSİN,Mersin,Yenişehir,Akdeniz,36.780904,34.603125,2025-12-10T06:00:00.000Z,19.8,,turkiye.gov.tr,1
17370,İSKENDERUN,Hatay,İskenderun,Akdeniz,36.592358,36.158158,2025-12-10T06:00:00.000Z,21.4,,turkiye.gov.tr,1
17375,FİNİKE,Antalya,Finike,Akdeniz,36.3024,30.1458,2025-12-10T06:00:00.000Z,21.1,,turkiye.gov.tr,1
17380,KAŞ,Antalya,Kaş,Akdeniz,36.200579,29.649995,2025-12-10T06:00:00.000Z,21.4,,turkiye.gov.tr,1
17381,KUŞADASI 3. NOLU ŞAMANDIRA,Aydın,Kuşadası,Ege,37.8458,27.2194,2025-12-10T06:00:00.000Z,19.7,,turkiye.gov.tr,1
17383,NARLIDERE/İZMİR KÖRFEZİ A NOKTASI IŞIKLI ŞAMANDIRA,İzmir,Narlıdere,Ege,38.421203,26.917843,2025-12-10T06:00:00.000Z,18.1,,turkiye.gov.tr,1
17384,URLA/KUBİLAY SIĞLIĞI IŞIKLI ŞAMANDIRA,İzmir,Urla,Ege,38.4467,26.7175,2025-12-10T06:00:00.000Z,17.9,,turkiye.gov.tr,1
17385,MERSİN GÜNEY MENDİREK İSTİKAMET FENERİ,Mersin,Akdeniz,Akdeniz,36.784036,34.635222,2025-12-10T06:00:00.000Z,19.3,,turkiye.gov.tr,1
17386,BODRUM KARAADA SIĞLIK IŞIKLI ŞAMANDIRA,Muğla,Bodrum,Ege,37.0081,27.4142,2025-12-10T06:00:00.000Z,21.8,,turkiye.gov.tr,1
17387,GİRESUN PALAMUT KAYALIĞI MAHMUZ FENERİ,Giresun,Merkez,Karadeniz,40.9182,38.3783,2025-12-10T06:00:00.000Z,14.7,,turkiye.gov.tr,1
17388,SİLİVRİ TPAO ŞAMANDIRA,İstanbul,Silivri,Marmara,41.039565,28.187255,2025-12-10T06:00:00.000Z,14.9,,turkiye.gov.tr,1
17389,ADALAR ŞAMANDIRA,İstanbul,Adalar,Marmara,40.93278,28.94889,2025-12-10T06:00:00.000Z,15.2,,turkiye.gov.tr,1
17421,AYVALIK KANAL SANCAK A FENERİ,Balıkesir,Ayvalık,Ege,39.323394,26.640546,2025-12-10T06:00:00.000Z,17.8,,turkiye.gov.tr,1
17422,BANDIRMA KUZEY MENDİREK FENERİ,Balıkesir,Bandırma,Marmara,40.358554,27.958451,2025-12-10T06:00:00.000Z,14.7,,turkiye.gov.tr,1
17424,MARMARA/SARAYLAR KÖYÜ BARINAK (SANDAL BASENİ) FENERİ,Balıkesir,Marmara,Marmara,40.657488,27.662533,2025-12-10T06:00:00.000Z,15.8,,turkiye.gov.tr,1
17426,BARTIN GÜNEY MENDİREK FENERİ,Bartın,Merkez,Karadeniz,41.6864,32.2261,2025-12-10T06:00:00.000Z,15.3,,turkiye.gov.tr,1
17427,BOZCAADA LİMAN GİRİŞİ GÜNEY MENDİREK FENERİ,Çanakkale,Bozcaada,Ege,39.8341,26.0748,2025-12-10T06:00:00.000Z,17.9,,turkiye.gov.tr,1
17429,ECEABAT/KABATEPE GÜNEY MENDİREK FENERİ,Çanakkale,Eceabat,Ege,40.2019,26.2669,2025-12-10T06:00:00.000Z,16.1,,turkiye.gov.tr,1
17430,GÖKÇEADA KALEKÖY ANA MENDİREK FENERİ,Çanakkale,Gökçeada,Ege,40.2317,25.8914,2025-12-10T06:00:00.000Z,18.0,,turkiye.gov.tr,1
17431,BİGA/KARABİGA BAR. (B) NOKTASI GÜNEY MEN. FENERİ,Çanakkale,Biga,Marmara,40.399583,27.305591,2025-12-10T06:00:00.000Z,14.3,,turkiye.gov.tr,1
17432,EZİNE/GEYİKLİ ODUNLUK İSKELE FENERİ,Çanakkale,Ezine,Ege,39.818998,26.160008,2025-12-10T06:00:00.000Z,17.3,,turkiye.gov.tr,1
17433,GÖKÇEADA UĞURLU LİMAN FENERİ,Çanakkale,Gökçeada,Ege,40.1153,25.6989,2025-12-10T06:00:00.000Z,16.9,,turkiye.gov.tr,1
17434,EZİNE YENİKÖY BAL.BAR. ANA MENDİREK FENERİ,Çanakkale,Ezine,Ege,39.9447,26.1611,2025-12-10T06:00:00.000Z,18.2,,turkiye.gov.tr,1
17435,AKÇAKOCA FENERİ,Düzce,Akçakoca,Karadeniz,41.0922,31.1197,2025-12-10T06:00:00.000Z,15.2,,turkiye.gov.tr,1
17436,ENEZ TALİ MENDİREK FENERİ,Edirne,Enez,Ege,40.698218,26.051263,2025-12-10T06:00:00.000Z,15.8,,turkiye.gov.tr,1
17437,TUZLA AYDINLI LİMAN FENERİ,İstanbul,Tuzla,Marmara,40.850611,29.271174,2025-12-10T06:00:00.000Z,15.2,,turkiye.gov.tr,1
17438,SİLİVRİ ANA MENDİREK FENERİ,İstanbul,Silivri,Marmara,41.072866,28.238398,2025-12-10T06:00:00.000Z,14.2,,turkiye.gov.tr,1
17440,URLA BALIKÇI BARINAĞI MENDİREK FENERİ,İzmir,Urla,Ege,38.364761,26.772665,2025-12-10T06:00:00.000Z,20.1,,turkiye.gov.tr,1
17442,KONAK/İZMİR PASAPORT MENDİREK FENERİ,İzmir,Konak,Ege,38.429236,27.131698,2025-12-10T06:00:00.000Z,15.6,,turkiye.gov.tr,1
17443,ÇEŞME/KALE YERİ SIĞ.(DÖKÜNTÜTAŞI) FENERİ,İzmir,Çeşme,Ege,38.329226,26.267881,2025-12-10T06:00:00.000Z,18.9,,turkiye.gov.tr,1
17444,KARABURUN/MORDOĞAN ANA MENDİREK (KUZEY) FENERİ,İzmir,Karaburun,Ege,38.517845,26.627861,2025-12-10T06:00:00.000Z,18.0,,turkiye.gov.tr,1
17445,CİDE KUZEY MENDİREK FENERİ,Kastamonu,Cide,Karadeniz,41.9006,32.9778,2025-12-10T06:00:00.000Z,15.1,,turkiye.gov.tr,1
17447,VİZE/MİDYE KIYIKÖY BATI MENDİREK FENERİ (ANA),Kırklareli,Vize,Karadeniz,41.630847,28.101353,2025-12-10T06:00:00.000Z,13.7,,turkiye.gov.tr,1
17448,TUZLA İTÜ GÜNEY MENDİREK FENERİ,İstanbul,Tuzla,Marmara,40.811828,29.297373,2025-12-10T06:00:00.000Z,14.8,,turkiye.gov.tr,1
17449,KANDIRA/KEFKEN ADASI DOĞU MENDİREK FENERİ,Kocaeli,Kandıra,Karadeniz,41.211869,30.260694,2025-12-10T06:00:00.000Z,15.9,,turkiye.gov.tr,1
17451,MARMARA EREĞLİSİ BAL.BAR.ANA MENDİREK FENERİ,Tekirdağ,Marmaraereğlisi,Marmara,40.970825,27.959676,2025-12-10T06:00:00.000Z,14.5,,turkiye.gov.tr,1
17452,YALOVA SAMANLIDERE TALİ (DOĞU) MENDİREK FENERİ,Yalova,Merkez,Marmara,40.660597,29.246969,2025-12-10T06:00:00.000Z,15.4,,turkiye.gov.tr,1
17453,ZONGULDAK GÜNEY MENDİREK FENERİ,Zonguldak,Merkez,Karadeniz,41.458611,31.779166,2025-12-10T06:00:00.000Z,16.2,,turkiye.gov.tr,1
17454,FATİH/KUMKAPI FENERİ,İstanbul,Fatih,Marmara,41.000994,28.965432,2025-12-10T06:00:00.000Z,14.7,,turkiye.gov.tr,1
17455,SARIYER/RUMELİ FENERİ BAL. BAR. ANA MENDİREK FENERİ,İstanbul,Sarıyer,Karadeniz,41.229151,29.114919,2025-12-10T06:00:00.000Z,14.5,,turkiye.gov.tr,1
17459,İLKADIM/SAMSUN LİMAN KUZEY MENDİREK FENERİ,Samsun,İlkadım,Karadeniz,41.309587,36.355678,2025-12-10T06:00:00.000Z,15.3,,turkiye.gov.tr,1
17460,ÜNYE BALIKÇI BARINAĞI ANA MENDİREK FENERİ,Ordu,Ünye,Karadeniz,41.116448,37.348722,2025-12-10T06:00:00.000Z,13.1,,turkiye.gov.tr,1
17464,TRABZON LİMANI ANA MENDİREK FENERİ,Trabzon,Ortahisar,Karadeniz,41.006776,39.750108,2025-12-10T06:00:00.000Z,14.5,,turkiye.gov.tr,1
17465,ARAKLI BALIKÇI BARINAĞI TALİ MENDİREK FENERİ,Trabzon,Araklı,Karadeniz,40.945081,40.053776,2025-12-10T06:00:00.000Z,13.4,,turkiye.gov.tr,1
17466,ÇAYELİ BALIKÇI BARINAĞI TALİ MENDİREK FENERİ,Rize,Çayeli,Karadeniz,41.090095,40.722557,2025-12-10T06:00:00.000Z,13.5,,turkiye.gov.tr,1
17467,HOPA ANA MENDİREK FENERİ,Artvin,Hopa,Karadeniz,41.420291,41.429843,2025-12-10T06:00:00.000Z,15.9,,turkiye.gov.tr,1
17470,İNCEBURUN (YILDIZADASI) MARMARİS FENERİ,Muğla,Marmaris,Akdeniz,36.813936,28.265907,2025-12-10T06:00:00.000Z,20.8,,turkiye.gov.tr,1
17479,SİLİFKE/TAŞUCU SEKA ANA MENDİREK FENERİ,Mersin,Silifke,Akdeniz,36.309162,33.889845,2025-12-10T06:00:00.000Z,18.9,,turkiye.gov.tr,1
17480,KARATAŞ BALIKÇI BARINAĞI TALİ MENDİREK FENERİ,Adana,Karataş,Akdeniz,36.557986,35.383499,2025-12-10T06:00:00.000Z,18.7,,turkiye.gov.tr,1
17482,VAN LİMAN,Van,Tuşba,Van Gölü,38.51486,43.307362,2025-12-10T06:00:00.000Z,10.8,,turkiye.gov.tr,1
17483,TATVAN LİMAN,Bitlis,Tatvan,Van Gölü,38.512592,42.302103,2025-12-10T06:00:00.000Z,11.2,,turkiye.gov.tr,1
17484,ADİLCEVAZ LİMAN,Bitlis,Adilcevaz,Van Gölü,38.797236,42.729931,2025-12-10T06:00:00.000Z,6.2,,turkiye.gov.tr,1
17486,İSKENDERUN KÖRFEZİ,Hatay,Payas,Akdeniz,36.59159,36.17992,2025-12-10T06:00:00.000Z,20.7,,turkiye.gov.tr,1
17489,MUDANYA/GÜZELYALI BALIKÇI BARINAĞI,Bursa,Mudanya,Marmara,40.35612,28.934036,2025-12-10T06:00:00.000Z,13.9,,turkiye.gov.tr,1
17491,GEVAŞ AKDAMAR FENERİ,Van,Gevaş,Van Gölü,38.309988,43.041398,2025-12-10T06:00:00.000Z,11.2,,turkiye.gov.tr,1
17492,DİDİM MARİNA FENERİ,Aydın,Didim,Ege,37.3369,27.264,2025-12-10T06:00:00.000Z,19.5,,turkiye.gov.tr,1
17493,SEFERİHİSAR/SIĞACIK MARİNA FENERİ,İzmir,Seferihisar,Ege,38.195707,26.782742,2025-12-10T06:00:00.000Z,17.4,,turkiye.gov.tr,1
17494,İSTANBUL HAVALİMANI LİMAN FENERİ,İstanbul,Arnavutköy,Karadeniz,41.313998,28.788586,2025-12-10T06:00:00.000Z,14.8,,turkiye.gov.tr,1
17495,ARHAVİ BALIKÇI BARINAĞI TALİ MENDİREK FENERİ,Artvin,Arhavi,Karadeniz,41.351192,41.293756,2025-12-10T06:00:00.000Z,15.7,,turkiye.gov.tr,1
17496,AYANCIK ÇAYLIOĞLU BALIKÇI BARINAĞI FENERİ,Sinop,Merkez,Karadeniz,41.966,34.508711,2025-12-10T06:00:00.000Z,15.1,,turkiye.gov.tr,1
17015,AKÇAKOCA,Düzce,Akçakoca,Karadeniz,41.089528,31.143039,2025-12-30T06:00:00.000Z,13.0,,mgm,0
17024,İNEBOLU,Kastamonu,İnebolu,Karadeniz,41.978937,33.762945,2025-12-30T06:00:00.000Z,9.8,,mgm,0
17026,SİNOP,Sinop,Merkez,Karadeniz,42.029821,35.154286,2025-12-30T06:00:00.000Z,12.1,,mgm,0
17030,SAMSUN BÖLGE,Samsun,Atakum,Karadeniz,41.344286,36.255794,2025-12-30T06:00:00.000Z,12.7,,mgm,0
17033,ORDU,Ordu,Altınordu,Karadeniz,40.983833,37.885833,2025-12-30T06:00:00.000Z,11.0,,mgm,0
17034,GİRESUN,Giresun,Merkez,Karadeniz,40.922667,38.387833,2025-12-30T06:00:00.000Z,12.9,,mgm,0
17038,TRABZON HAVALİMANI,Trabzon,Ortahisar,Karadeniz,40.999133,39.779248,2025-12-30T06:00:00.000Z,12.1,,mgm,0
17040,RİZE,Rize,Merkez,Karadeniz,41.04,40.501333,2025-12-30T06:00:00.000Z,13.2,,mgm,0
17042,HOPA,Artvin,Hopa,Karadeniz,41.4065,41.433,2025-12-30T06:00:00.000Z,13.2,,mgm,0
17044,RİZE ARTVİN HAVALİMANI,Rize,Pazar,Karadeniz,41.177687,40.835223,2025-12-30T06:00:00.000Z,13.0,,mgm,0
17056,TEKİRDAĞ,Tekirdağ,Süleymanpaşa,Marmara,40.957959,27.496181,2025-12-30T06:00:00.000Z,12.7,,mgm,0
17112,ÇANAKKALE,Çanakkale,Merkez,Marmara,40.141428,26.399616,2025-12-30T06:00:00.000Z,12.6,,mgm,0
17175,AYVALIK,Balıkesir,Ayvalık,Ege,39.311292,26.686445,2025-12-30T06:00:00.000Z,15.2,,mgm,0
17180,DİKİLİ,İzmir,Dikili,Ege,39.073861,26.888093,2025-12-30T06:00:00.000Z,15.5,,mgm,0
17220,İZMİR BÖLGE,İzmir,Konak,Ege,38.3945,27.0821,2025-12-30T06:00:00.000Z,12.8,,mgm,0
17221,ÇEŞME,İzmir,Çeşme,Ege,38.303858,26.372882,2025-12-30T06:00:00.000Z,18.7,,mgm,0
17232,KUŞADASI,Aydın,Kuşadası,Ege,37.859636,27.265115,2025-12-30T06:00:00.000Z,18.9,,mgm,0
17290,BODRUM,Muğla,Bodrum,Ege,37.032611,27.439801,2025-12-30T06:00:00.000Z,21.0,,mgm,0
17296,FETHİYE,Muğla,Fethiye,Akdeniz,36.626611,29.123804,2025-12-30T06:00:00.000Z,19.9,,mgm,0
17297,DATÇA,Muğla,Datça,Ege,36.707945,27.691918,2025-12-30T06:00:00.000Z,19.4,,mgm,0
17298,MARMARİS,Muğla,Marmaris,Akdeniz,36.83926,28.244995,2025-12-30T06:00:00.000Z,19.6,,mgm,0
17310,ALANYA,Antalya,Alanya,Akdeniz,36.54999,31.979822,2025-12-30T06:00:00.000Z,19.8,,mgm,0
17320,ANAMUR,Mersin,Anamur,Akdeniz,36.068614,32.864876,2025-12-30T06:00:00.000Z,18.8,,mgm,0
17340,MERSİN,Mersin,Yenişehir,Akdeniz,36.780904,34.603125,2025-12-30T06:00:00.000Z,19.1,,mgm,0
17370,İSKENDERUN,Hatay,İskenderun,Akdeniz,36.592358,36.158158,2025-12-30T06:00:00.000Z,19.7,,mgm,0
17375,FİNİKE,Antalya,Finike,Akdeniz,36.3024,30.1458,2025-12-30T06:00:00.000Z,19.3,,mgm,0
17380,KAŞ,Antalya,Kaş,Akdeniz,36.200579,29.649995,2025-12-30T06:00:00.000Z,20.0,,mgm,0
17467,HOPA ANA MENDİREK FENERİ,Artvin,Hopa,Karadeniz,41.420291,41.429843,2025-12-30T07:08:00.000Z,12.7,,mgm,0
17496,AYANCIK ÇAYLIOĞLU BALIKÇI BARINAĞI FENERİ,Sinop,Merkez,Karadeniz,41.966,34.508711,2025-12-30T08:12:00.000Z,11.3,,mgm,0
17383,NARLIDERE/İZMİR KÖRFEZİ A NOKTASI IŞIKLI ŞAMANDIRA,İzmir,Narlıdere,Ege,38.421203,26.917843,2025-12-30T09:07:00.000Z,16.4,,mgm,0
17431,BİGA/KARABİGA BAR. (B) NOKTASI GÜNEY MEN. FENERİ,Çanakkale,Biga,Marmara,40.399583,27.305591,2025-12-30T09:07:00.000Z,11.4,,mgm,0
17498,FİLYOS LİMAN FENERİ,Zonguldak,Çaycuma,Karadeniz,41.593083,32.066475,2025-12-30T09:07:00.000Z,12.7,,mgm,0
17381,KUŞADASI 3. NOLU ŞAMANDIRA,Aydın,Kuşadası,Ege,37.8458,27.2194,2025-12-30T09:08:00.000Z,18.9,,mgm,0
17385,MERSİN GÜNEY MENDİREK İSTİKAMET FENERİ,Mersin,Akdeniz,Akdeniz,36.784036,34.635222,2025-12-30T09:08:00.000Z,15.0,,mgm,0
17386,BODRUM KARAADA SIĞLIK IŞIKLI ŞAMANDIRA,Muğla,Bodrum,Ege,37.0081,27.4142,2025-12-30T09:08:00.000Z,21.0,,mgm,0
17387,GİRESUN PALAMUT KAYALIĞI MAHMUZ FENERİ,Giresun,Merkez,Karadeniz,40.9182,38.3783,2025-12-30T09:08:00.000Z,13.0,,mgm,0
17388,SİLİVRİ TPAO ŞAMANDIRA,İstanbul,Silivri,Marmara,41.039565,28.187255,2025-12-30T09:08:00.000Z,13.7,,mgm,0
17389,ADALAR ŞAMANDIRA,İstanbul,Adalar,Marmara,40.93278,28.94889,2025-12-30T09:08:00.000Z,12.7,,mgm,0
17421,AYVALIK KANAL SANCAK A FENERİ,Balıkesir,Ayvalık,Ege,39.323394,26.640546,2025-12-30T09:08:00.000Z,16.7,,mgm,0
17422,BANDIRMA KUZEY MENDİREK FENERİ,Balıkesir,Bandırma,Marmara,40.358554,27.958451,2025-12-30T09:08:00.000Z,11.7,,mgm,0
17423,MARMARA BARINAK ANA MENDİREK FENERİ,Balıkesir,Marmara,Marmara,40.583839,27.560849,2025-12-30T09:08:00.000Z,12.7,,mgm,0
17424,MARMARA/SARAYLAR KÖYÜ BARINAK (SANDAL BASENİ) FENERİ,Balıkesir,Marmara,Marmara,40.657488,27.662533,2025-12-30T09:08:00.000Z,13.2,,mgm,0
17426,BARTIN GÜNEY MENDİREK FENERİ,Bartın,Merkez,Karadeniz,41.6864,32.2261,2025-12-30T09:08:00.000Z,12.3,,mgm,0
17427,BOZCAADA LİMAN GİRİŞİ GÜNEY MENDİREK FENERİ,Çanakkale,Bozcaada,Ege,39.8341,26.0748,2025-12-30T09:08:00.000Z,17.0,,mgm,0
17432,EZİNE/GEYİKLİ ODUNLUK İSKELE FENERİ,Çanakkale,Ezine,Ege,39.818998,26.160008,2025-12-30T09:08:00.000Z,16.1,,mgm,0
17433,GÖKÇEADA UĞURLU LİMAN FENERİ,Çanakkale,Gökçeada,Ege,40.1153,25.6989,2025-12-30T09:08:00.000Z,15.3,,mgm,0
17434,EZİNE YENİKÖY BAL.BAR. ANA MENDİREK FENERİ,Çanakkale,Ezine,Ege,39.9447,26.1611,2025-12-30T09:08:00.000Z,17.1,,mgm,0
17435,AKÇAKOCA FENERİ,Düzce,Akçakoca,Karadeniz,41.0922,31.1197,2025-12-30T09:08:00.000Z,12.9,,mgm,0
17436,ENEZ TALİ MENDİREK FENERİ,Edirne,Enez,Ege,40.698218,26.051263,2025-12-30T09:08:00.000Z,12.3,,mgm,0
17437,TUZLA AYDINLI LİMAN FENERİ,İstanbul,Tuzla,Marmara,40.850611,29.271174,2025-12-30T09:08:00.000Z,13.2,,mgm,0
17438,SİLİVRİ ANA MENDİREK FENERİ,İstanbul,Silivri,Marmara,41.072866,28.238398,2025-12-30T09:08:00.000Z,12.4,,mgm,0
17439,FOÇA/AZAPLAR (VENEDİK) KAYALIĞI FENERİ,İzmir,Foça,Ege,38.616562,26.744274,2025-12-30T09:08:00.000Z,17.1,,mgm,0
17440,URLA BALIKÇI BARINAĞI MENDİREK FENERİ,İzmir,Urla,Ege,38.364761,26.772665,2025-12-30T09:08:00.000Z,18.3,,mgm,0
17442,KONAK/İZMİR PASAPORT MENDİREK FENERİ,İzmir,Konak,Ege,38.429236,27.131698,2025-12-30T09:08:00.000Z,12.9,,mgm,0
17443,ÇEŞME/KALE YERİ SIĞ.(DÖKÜNTÜTAŞI) FENERİ,İzmir,Çeşme,Ege,38.329226,26.267881,2025-12-30T09:08:00.000Z,18.8,,mgm,0
17444,KARABURUN/MORDOĞAN ANA MENDİREK (KUZEY) FENERİ,İzmir,Karaburun,Ege,38.517845,26.627861,2025-12-30T09:08:00.000Z,17.1,,mgm,0
17447,VİZE/MİDYE KIYIKÖY BATI MENDİREK FENERİ (ANA),Kırklareli,Vize,Karadeniz,41.630847,28.101353,2025-12-30T09:08:00.000Z,10.2,,mgm,0
17448,TUZLA İTÜ GÜNEY MENDİREK FENERİ,İstanbul,Tuzla,Marmara,40.811828,29.297373,2025-12-30T09:08:00.000Z,13.6,,mgm,0
17449,KANDIRA/KEFKEN ADASI DOĞU MENDİREK FENERİ,Kocaeli,Kandıra,Karadeniz,41.211869,30.260694,2025-12-30T09:08:00.000Z,12.6,,mgm,0
17451,MARMARA EREĞLİSİ BAL.BAR.ANA MENDİREK FENERİ,Tekirdağ,Marmaraereğlisi,Marmara,40.970825,27.959676,2025-12-30T09:08:00.000Z,15.3,,mgm,0
17452,YALOVA SAMANLIDERE TALİ (DOĞU) MENDİREK FENERİ,Yalova,Merkez,Marmara,40.660597,29.246969,2025-12-30T09:08:00.000Z,12.4,,mgm,0
17453,ZONGULDAK GÜNEY MENDİREK FENERİ,Zonguldak,Merkez,Karadeniz,41.458611,31.779166,2025-12-30T09:08:00.000Z,13.2,,mgm,0
17454,FATİH/KUMKAPI FENERİ,İstanbul,Fatih,Marmara,41.000994,28.965432,2025-12-30T09:08:00.000Z,13.1,,mgm,0
17455,SARIYER/RUMELİ FENERİ BAL. BAR. ANA MENDİREK FENERİ,İstanbul,Sarıyer,Karadeniz,41.229151,29.114919,2025-12-30T09:08:00.000Z,11.7,,mgm,0
17459,İLKADIM/SAMSUN LİMAN KUZEY MENDİREK FENERİ,Samsun,İlkadım,Karadeniz,41.309587,36.355678,2025-12-30T09:08:00.000Z,10.8,,mgm,0
17470,İNCEBURUN (YILDIZADASI) MARMARİS FENERİ,Muğla,Marmaris,Akdeniz,36.813936,28.265907,2025-12-30T09:08:00.000Z,20.2,,mgm,0
17486,İSKENDERUN KÖRFEZİ,Hatay,Payas,Akdeniz,36.59159,36.17992,2025-12-30T09:08:00.000Z,19.7,,mgm,0
17491,GEVAŞ AKDAMAR FENERİ,Van,Gevaş,Van Gölü,38.309988,43.041398,2025-12-30T09:08:00.000Z,7.3,,mgm,0
17492,DİDİM MARİNA FENERİ,Aydın,Didim,Ege,37.3369,27.264,2025-12-30T09:08:00.000Z,18.6,,mgm,0
17493,SEFERİHİSAR/SIĞACIK MARİNA FENERİ,İzmir,Seferihisar,Ege,38.195707,26.782742,2025-12-30T09:08:00.000Z,16.5,,mgm,0
17494,İSTANBUL HAVALİMANI LİMAN FENERİ,İstanbul,Arnavutköy,Karadeniz,41.313998,28.788586,2025-12-30T09:08:00.000Z,12.3,,mgm,0
17495,ARHAVİ BALIKÇI BARINAĞI TALİ MENDİREK FENERİ,Artvin,Arhavi,Karadeniz,41.351192,41.293756,2025-12-30T09:08:00.000Z,12.1,,mgm,0
17497,GELİBOLU SÜTLÜCE LİMANI KURU İSKELE,Çanakkale,Gelibolu,Marmara,40.320952,26.590161,2025-12-30T09:08:00.000Z,12.9,,mgm,0
17460,ÜNYE BALIKÇI BARINAĞI ANA MENDİREK FENERİ,Ordu,Ünye,Karadeniz,41.116448,37.348722,2025-12-30T09:09:00.000Z,10.1,,mgm,0
17465,ARAKLI BALIKÇI BARINAĞI TALİ MENDİREK FENERİ,Trabzon,Araklı,Karadeniz,40.945081,40.053776,2025-12-30T09:09:00.000Z,10.0,,mgm,0
17466,ÇAYELİ BALIKÇI BARINAĞI TALİ MENDİREK FENERİ,Rize,Çayeli,Karadeniz,41.090095,40.722557,2025-12-30T09:09:00.000Z,10.6,,mgm,0
17479,SİLİFKE/TAŞUCU SEKA ANA MENDİREK FENERİ,Mersin,Silifke,Akdeniz,36.309162,33.889845,2025-12-30T09:09:00.000Z,17.3,,mgm,0
17482,VAN LİMAN,Van,Tuşba,Van Gölü,38.51486,43.307362,2025-12-30T09:09:00.000Z,5.7,,mgm,0
17483,TATVAN LİMAN,Bitlis,Tatvan,Van Gölü,38.512592,42.302103,2025-12-30T09:09:00.000Z,9.0,,mgm,0
17484,ADİLCEVAZ LİMAN,Bitlis,Adilcevaz,Van Gölü,38.797236,42.729931,2025-12-30T09:09:00.000Z,5.9,,mgm,0
17489,MUDANYA/GÜZELYALI BALIKÇI BARINAĞI,Bursa,Mudanya,Marmara,40.35612,28.934036,2025-12-30T09:09:00.000Z,11.4,,mgm,0
17464,TRABZON LİMANI ANA MENDİREK FENERİ,Trabzon,Ortahisar,Karadeniz,41.006776,39.750108,2025-12-30T09:11:00.000Z,12.1,,mgm,0
17480,KARATAŞ BALIKÇI BARINAĞI TALİ MENDİREK FENERİ,Adana,Karataş,Akdeniz,36.557986,35.383499,2025-12-30T09:13:00.000Z,14.4,,mgm,0
17015,AKÇAKOCA,Düzce,Akçakoca,Karadeniz,41.089528,31.143039,2026-02-19T06:00:00.000Z,9.7,,mgm,0
17024,İNEBOLU,Kastamonu,İnebolu,Karadeniz,41.978937,33.762945,2026-02-19T06:00:00.000Z,10.4,,mgm,0
17026,SİNOP,Sinop,Merkez,Karadeniz,42.029821,35.154286,2026-02-19T06:00:00.000Z,10.0,,mgm,0
17030,SAMSUN BÖLGE,Samsun,Atakum,Karadeniz,41.344286,36.255794,2026-02-19T06:00:00.000Z,9.6,,mgm,0
17033,ORDU,Ordu,Altınordu,Karadeniz,40.983833,37.885833,2026-02-19T06:00:00.000Z,9.8,,mgm,0
17034,GİRESUN,Giresun,Merkez,Karadeniz,40.922667,38.387833,2026-02-19T06:00:00.000Z,10.4,,mgm,0
17038,TRABZON HAVALİMANI,Trabzon,Ortahisar,Karadeniz,40.999133,39.779248,2026-02-19T06:00:00.000Z,9.4,,mgm,0
17040,RİZE,Rize,Merkez,Karadeniz,41.04,40.501333,2026-02-19T06:00:00.000Z,10.8,,mgm,0
17042,HOPA,Artvin,Hopa,Karadeniz,41.4065,41.433,2026-02-19T06:00:00.000Z,11.2,,mgm,0
17044,RİZE ARTVİN HAVALİMANI,Rize,Pazar,Karadeniz,41.177687,40.835223,2026-02-19T06:00:00.000Z,11.0,,mgm,0
17056,TEKİRDAĞ,Tekirdağ,Süleymanpaşa,Marmara,40.957959,27.496181,2026-02-19T06:00:00.000Z,10.0,,mgm,0
17112,ÇANAKKALE,Çanakkale,Merkez,Marmara,40.141428,26.399616,2026-02-19T06:00:00.000Z,12.3,,mgm,0
17175,AYVALIK,Balıkesir,Ayvalık,Ege,39.311292,26.686445,2026-02-19T06:00:00.000Z,13.2,,mgm,0
17180,DİKİLİ,İzmir,Dikili,Ege,39.073861,26.888093,2026-02-19T06:00:00.000Z,14.6,,mgm,0
17220,İZMİR BÖLGE,İzmir,Konak,Ege,38.3945,27.0821,2026-02-19T06:00:00.000Z,13.9,,mgm,0
17221,ÇEŞME,İzmir,Çeşme,Ege,38.303858,26.372882,2026-02-19T06:00:00.000Z,16.0,,mgm,0
17232,KUŞADASI,Aydın,Kuşadası,Ege,37.859636,27.265115,2026-02-19T06:00:00.000Z,16.9,,mgm,0
17290,BODRUM,Muğla,Bodrum,Ege,37.032611,27.439801,2026-02-19T06:00:00.000Z,18.6,,mgm,0
17296,FETHİYE,Muğla,Fethiye,Akdeniz,36.626611,29.123804,2026-02-19T06:00:00.000Z,17.4,,mgm,0
17297,DATÇA,Muğla,Datça,Ege,36.707945,27.691918,2026-02-19T06:00:00.000Z,17.2,,mgm,0
17298,MARMARİS,Muğla,Marmaris,Akdeniz,36.83926,28.244995,2026-02-19T06:00:00.000Z,15.8,,mgm,0
17310,ALANYA,Antalya,Alanya,Akdeniz,36.54999,31.979822,2026-02-19T06:00:00.000Z,16.9,,mgm,0
17320,ANAMUR,Mersin,Anamur,Akdeniz,36.068614,32.864876,2026-02-19T06:00:00.000Z,16.0,,mgm,0
17340,MERSİN,Mersin,Yenişehir,Akdeniz,36.780904,34.603125,2026-02-19T06:00:00.000Z,17.4,,mgm,0
17370,İSKENDERUN,Hatay,İskenderun,Akdeniz,36.592358,36.158158,2026-02-19T06:00:00.000Z,16.7,,mgm,0
17380,KAŞ,Antalya,Kaş,Akdeniz,36.200579,29.649995,2026-02-19T06:00:00.000Z,17.1,,mgm,0
17385,MERSİN GÜNEY MENDİREK İSTİKAMET FENERİ,Mersin,Akdeniz,Akdeniz,36.784036,34.635222,2026-02-19T10:24:00.000Z,13.1,,mgm,0
17440,URLA BALIKÇI BARINAĞI MENDİREK FENERİ,İzmir,Urla,Ege,38.364761,26.772665,2026-02-19T10:42:00.000Z,17.6,,mgm,0
17492,DİDİM MARİNA FENERİ,Aydın,Didim,Ege,37.3369,27.264,2026-02-19T10:55:00.000Z,16.9,,mgm,0
17421,AYVALIK KANAL SANCAK A FENERİ,Balıkesir,Ayvalık,Ege,39.323394,26.640546,2026-02-19T11:00:00.000Z,15.1,,mgm,0
17436,ENEZ TALİ MENDİREK FENERİ,Edirne,Enez,Ege,40.698218,26.051263,2026-02-19T11:00:00.000Z,13.4,,mgm,0
17493,SEFERİHİSAR/SIĞACIK MARİNA FENERİ,İzmir,Seferihisar,Ege,38.195707,26.782742,2026-02-19T11:00:00.000Z,16.9,,mgm,0
17381,KUŞADASI 3. NOLU ŞAMANDIRA,Aydın,Kuşadası,Ege,37.8458,27.2194,2026-02-19T11:01:00.000Z,17.0,,mgm,0
17383,NARLIDERE/İZMİR KÖRFEZİ A NOKTASI IŞIKLI ŞAMANDIRA,İzmir,Narlıdere,Ege,38.421203,26.917843,2026-02-19T11:01:00.000Z,14.1,,mgm,0
17387,GİRESUN PALAMUT KAYALIĞI MAHMUZ FENERİ,Giresun,Merkez,Karadeniz,40.9182,38.3783,2026-02-19T11:01:00.000Z,10.6,,mgm,0
17388,SİLİVRİ TPAO ŞAMANDIRA,İstanbul,Silivri,Marmara,41.039565,28.187255,2026-02-19T11:01:00.000Z,10.8,,mgm,0
17389,ADALAR ŞAMANDIRA,İstanbul,Adalar,Marmara,40.93278,28.94889,2026-02-19T11:01:00.000Z,9.8,,mgm,0
17423,MARMARA BARINAK ANA MENDİREK FENERİ,Balıkesir,Marmara,Marmara,40.583839,27.560849,2026-02-19T11:01:00.000Z,11.0,,mgm,0
17426,BARTIN GÜNEY MENDİREK FENERİ,Bartın,Merkez,Karadeniz,41.6864,32.2261,2026-02-19T11:01:00.000Z,9.6,,mgm,0
17430,GÖKÇEADA KALEKÖY ANA MENDİREK FENERİ,Çanakkale,Gökçeada,Ege,40.2317,25.8914,2026-02-19T11:01:00.000Z,15.4,,mgm,0
17431,BİGA/KARABİGA BAR. (B) NOKTASI GÜNEY MEN. FENERİ,Çanakkale,Biga,Marmara,40.399583,27.305591,2026-02-19T11:01:00.000Z,11.2,,mgm,0
17432,EZİNE/GEYİKLİ ODUNLUK İSKELE FENERİ,Çanakkale,Ezine,Ege,39.818998,26.160008,2026-02-19T11:01:00.000Z,15.9,,mgm,0
17434,EZİNE YENİKÖY BAL.BAR. ANA MENDİREK FENERİ,Çanakkale,Ezine,Ege,39.9447,26.1611,2026-02-19T11:01:00.000Z,15.6,,mgm,0
17437,TUZLA AYDINLI LİMAN FENERİ,İstanbul,Tuzla,Marmara,40.850611,29.271174,2026-02-19T11:01:00.000Z,11.0,,mgm,0
17438,SİLİVRİ ANA MENDİREK FENERİ,İstanbul,Silivri,Marmara,41.072866,28.238398,2026-02-19T11:01:00.000Z,10.9,,mgm,0
17439,FOÇA/AZAPLAR (VENEDİK) KAYALIĞI FENERİ,İzmir,Foça,Ege,38.616562,26.744274,2026-02-19T11:01:00.000Z,15.9,,mgm,0
17442,KONAK/İZMİR PASAPORT MENDİREK FENERİ,İzmir,Konak,Ege,38.429236,27.131698,2026-02-19T11:01:00.000Z,14.1,,mgm,0
17445,CİDE KUZEY MENDİREK FENERİ,Kastamonu,Cide,Karadeniz,41.9006,32.9778,2026-02-19T11:01:00.000Z,9.0,,mgm,0
17446,İNEBOLU KUZEY MENDİREK FENERİ,Kastamonu,İnebolu,Karadeniz,41.9817,33.7769,2026-02-19T11:01:00.000Z,10.2,,mgm,0
17447,VİZE/MİDYE KIYIKÖY BATI MENDİREK FENERİ (ANA),Kırklareli,Vize,Karadeniz,41.630847,28.101353,2026-02-19T11:01:00.000Z,7.6,,mgm,0
17448,TUZLA İTÜ GÜNEY MENDİREK FENERİ,İstanbul,Tuzla,Marmara,40.811828,29.297373,2026-02-19T11:01:00.000Z,11.2,,mgm,0
17449,KANDIRA/KEFKEN ADASI DOĞU MENDİREK FENERİ,Kocaeli,Kandıra,Karadeniz,41.211869,30.260694,2026-02-19T11:01:00.000Z,8.4,,mgm,0
17451,MARMARA EREĞLİSİ BAL.BAR.ANA MENDİREK FENERİ,Tekirdağ,Marmaraereğlisi,Marmara,40.970825,27.959676,2026-02-19T11:01:00.000Z,10.4,,mgm,0
17452,YALOVA SAMANLIDERE TALİ (DOĞU) MENDİREK FENERİ,Yalova,Merkez,Marmara,40.660597,29.246969,2026-02-19T11:01:00.000Z,11.4,,mgm,0
17453,ZONGULDAK GÜNEY MENDİREK FENERİ,Zonguldak,Merkez,Karadeniz,41.458611,31.779166,2026-02-19T11:01:00.000Z,9.9,,mgm,0
17454,FATİH/KUMKAPI FENERİ,İstanbul,Fatih,Marmara,41.000994,28.965432,2026-02-19T11:01:00.000Z,9.6,,mgm,0
17455,SARIYER/RUMELİ FENERİ BAL. BAR. ANA MENDİREK FENERİ,İstanbul,Sarıyer,Karadeniz,41.229151,29.114919,2026-02-19T11:01:00.000Z,8.2,,mgm,0
17459,İLKADIM/SAMSUN LİMAN KUZEY MENDİREK FENERİ,Samsun,İlkadım,Karadeniz,41.309587,36.355678,2026-02-19T11:01:00.000Z,9.9,,mgm,0
17467,HOPA ANA MENDİREK FENERİ,Artvin,Hopa,Karadeniz,41.420291,41.429843,2026-02-19T11:01:00.000Z,11.1,,mgm,0
17470,İNCEBURUN (YILDIZADASI) MARMARİS FENERİ,Muğla,Marmaris,Akdeniz,36.813936,28.265907,2026-02-19T11:01:00.000Z,17.1,,mgm,0
17486,İSKENDERUN KÖRFEZİ,Hatay,Payas,Akdeniz,36.59159,36.17992,2026-02-19T11:01:00.000Z,17.4,,mgm,0
17491,GEVAŞ AKDAMAR FENERİ,Van,Gevaş,Van Gölü,38.309988,43.041398,2026-02-19T11:01:00.000Z,5.8,,mgm,0
17494,İSTANBUL HAVALİMANI LİMAN FENERİ,İstanbul,Arnavutköy,Karadeniz,41.313998,28.788586,2026-02-19T11:01:00.000Z,6.5,,mgm,0
17495,ARHAVİ BALIKÇI BARINAĞI TALİ MENDİREK FENERİ,Artvin,Arhavi,Karadeniz,41.351192,41.293756,2026-02-19T11:01:00.000Z,9.8,,mgm,0
17496,AYANCIK ÇAYLIOĞLU BALIKÇI BARINAĞI FENERİ,Sinop,Merkez,Karadeniz,41.966,34.508711,2026-02-19T11:01:00.000Z,10.2,,mgm,0
17497,GELİBOLU SÜTLÜCE LİMANI KURU İSKELE,Çanakkale,Gelibolu,Marmara,40.320952,26.590161,2026-02-19T11:01:00.000Z,10.9,,mgm,0
17498,FİLYOS LİMAN FENERİ,Zonguldak,Çaycuma,Karadeniz,41.593083,32.066475,2026-02-19T11:01:00.000Z,9.8,,mgm,0
17460,ÜNYE BALIKÇI BARINAĞI ANA MENDİREK FENERİ,Ordu,Ünye,Karadeniz,41.116448,37.348722,2026-02-19T11:02:00.000Z,8.2,,mgm,0
17465,ARAKLI BALIKÇI BARINAĞI TALİ MENDİREK FENERİ,Trabzon,Araklı,Karadeniz,40.945081,40.053776,2026-02-19T11:02:00.000Z,8.3,,mgm,0
17466,ÇAYELİ BALIKÇI BARINAĞI TALİ MENDİREK FENERİ,Rize,Çayeli,Karadeniz,41.090095,40.722557,2026-02-19T11:02:00.000Z,8.8,,mgm,0
17480,KARATAŞ BALIKÇI BARINAĞI TALİ MENDİREK FENERİ,Adana,Karataş,Akdeniz,36.557986,35.383499,2026-02-19T11:02:00.000Z,16.7,,mgm,0
17482,VAN LİMAN,Van,Tuşba,Van Gölü,38.51486,43.307362,2026-02-19T11:02:00.000Z,6.7,,mgm,0
17483,TATVAN LİMAN,Bitlis,Tatvan,Van Gölü,38.512592,42.302103,2026-02-19T11:02:00.000Z,7.2,,mgm,0
17484,ADİLCEVAZ LİMAN,Bitlis,Adilcevaz,Van Gölü,38.797236,42.729931,2026-02-19T11:02:00.000Z,6.8,,mgm,0
17489,MUDANYA/GÜZELYALI BALIKÇI BARINAĞI,Bursa,Mudanya,Marmara,40.35612,28.934036,2026-02-19T11:02:00.000Z,10.2,,mgm,0
17464,TRABZON LİMANI ANA MENDİREK FENERİ,Trabzon,Ortahisar,Karadeniz,41.006776,39.750108,2026-02-19T11:04:00.000Z,9.5,,mgm,0
17015,AKÇAKOCA,Düzce,Akçakoca,Karadeniz,41.089528,31.143039,2026-03-09T06:00:00.000Z,7.8,,turkiye.gov.tr,1
17024,İNEBOLU,Kastamonu,İnebolu,Karadeniz,41.978937,33.762945,2026-03-09T06:00:00.000Z,8.8,,turkiye.gov.tr,1
17026,SİNOP,Sinop,Merkez,Karadeniz,42.029821,35.154286,2026-03-09T06:00:00.000Z,8.6,,turkiye.gov.tr,1
17030,SAMSUN BÖLGE,Samsun,Atakum,Karadeniz,41.344286,36.255794,2026-03-09T06:00:00.000Z,8.7,,turkiye.gov.tr,1
17033,ORDU,Ordu,Altınordu,Karadeniz,40.983833,37.885833,2026-03-09T06:00:00.000Z,9.0,,turkiye.gov.tr,1
17034,GİRESUN,Giresun,Merkez,Karadeniz,40.922667,38.387833,2026-03-09T06:00:00.000Z,8.9,,turkiye.gov.tr,1
17038,TRABZON HAVALİMANI,Trabzon,Ortahisar,Karadeniz,40.999133,39.779248,2026-03-09T06:00:00.000Z,8.1,,turkiye.gov.tr,1
17040,RİZE,Rize,Merkez,Karadeniz,41.04,40.501333,2026-03-09T06:00:00.000Z,9.5,,turkiye.gov.tr,1
17042,HOPA,Artvin,Hopa,Karadeniz,41.4065,41.433,2026-03-09T06:00:00.000Z,9.6,,turkiye.gov.tr,1
17044,RİZE ARTVİN HAVALİMANI,Rize,Pazar,Karadeniz,41.177687,40.835223,2026-03-09T06:00:00.000Z,9.6,,turkiye.gov.tr,1
17056,TEKİRDAĞ,Tekirdağ,Süleymanpaşa,Marmara,40.957959,27.496181,2026-03-09T06:00:00.000Z,10.0,,turkiye.gov.tr,1
17112,ÇANAKKALE,Çanakkale,Merkez,Marmara,40.141428,26.399616,2026-03-09T06:00:00.000Z,12.6,,turkiye.gov.tr,1
17175,AYVALIK,Balıkesir,Ayvalık,Ege,39.311292,26.686445,2026-03-09T06:00:00.000Z,13.4,,turkiye.gov.tr,1
17180,DİKİLİ,İzmir,Dikili,Ege,39.073861,26.888093,2026-03-09T06:00:00.000Z,14.8,,turkiye.gov.tr,1
17220,İZMİR BÖLGE,İzmir,Konak,Ege,38.3945,27.0821,2026-03-09T06:00:00.000Z,13.9,,turkiye.gov.tr,1
17221,ÇEŞME,İzmir,Çeşme,Ege,38.303858,26.372882,2026-03-09T06:00:00.000Z,15.8,,turkiye.gov.tr,1
17232,KUŞADASI,Aydın,Kuşadası,Ege,37.859636,27.265115,2026-03-09T06:00:00.000Z,16.6,,turkiye.gov.tr,1
17290,BODRUM,Muğla,Bodrum,Ege,37.032611,27.439801,2026-03-09T06:00:00.000Z,17.5,,turkiye.gov.tr,1
17296,FETHİYE,Muğla,Fethiye,Akdeniz,36.626611,29.123804,2026-03-09T06:00:00.000Z,17.4,,turkiye.gov.tr,1
17297,DATÇA,Muğla,Datça,Ege,36.707945,27.691918,2026-03-09T06:00:00.000Z,16.9,,turkiye.gov.tr,1
17298,MARMARİS,Muğla,Marmaris,Akdeniz,36.83926,28.244995,2026-03-09T06:00:00.000Z,17.3,,turkiye.gov.tr,1
17310,ALANYA,Antalya,Alanya,Akdeniz,36.54999,31.979822,2026-03-09T06:00:00.000Z,17.1,,turkiye.gov.tr,1
17320,ANAMUR,Mersin,Anamur,Akdeniz,36.068614,32.864876,2026-03-09T06:00:00.000Z,16.5,,turkiye.gov.tr,1
17340,MERSİN,Mersin,Yenişehir,Akdeniz,36.780904,34.603125,2026-03-09T06:00:00.000Z,14.7,,turkiye.gov.tr,1
17370,İSKENDERUN,Hatay,İskenderun,Akdeniz,36.592358,36.158158,2026-03-09T06:00:00.000Z,15.8,,turkiye.gov.tr,1
17375,FİNİKE,Antalya,Finike,Akdeniz,36.3024,30.1458,2026-03-09T06:00:00.000Z,18.1,,turkiye.gov.tr,1
17380,KAŞ,Antalya,Kaş,Akdeniz,36.200579,29.649995,2026-03-09T06:00:00.000Z,17.6,,turkiye.gov.tr,1
17381,KUŞADASI 3. NOLU ŞAMANDIRA,Aydın,Kuşadası,Ege,37.8458,27.2194,2026-03-09T06:00:00.000Z,16.8,,turkiye.gov.tr,1
17383,NARLIDERE/İZMİR KÖRFEZİ A NOKTASI IŞIKLI ŞAMANDIRA,İzmir,Narlıdere,Ege,38.421203,26.917843,2026-03-09T06:00:00.000Z,14.6,,turkiye.gov.tr,1
17385,MERSİN GÜNEY MENDİREK İSTİKAMET FENERİ,Mersin,Akdeniz,Akdeniz,36.784036,34.635222,2026-03-09T06:00:00.000Z,14.2,,turkiye.gov.tr,1
17387,GİRESUN PALAMUT KAYALIĞI MAHMUZ FENERİ,Giresun,Merkez,Karadeniz,40.9182,38.3783,2026-03-09T06:00:00.000Z,8.9,,turkiye.gov.tr,1
17388,SİLİVRİ TPAO ŞAMANDIRA,İstanbul,Silivri,Marmara,41.039565,28.187255,2026-03-09T06:00:00.000Z,10.1,,turkiye.gov.tr,1
17389,ADALAR ŞAMANDIRA,İstanbul,Adalar,Marmara,40.93278,28.94889,2026-03-09T06:00:00.000Z,8.8,,turkiye.gov.tr,1
17421,AYVALIK KANAL SANCAK A FENERİ,Balıkesir,Ayvalık,Ege,39.323394,26.640546,2026-03-09T06:00:00.000Z,13.4,,turkiye.gov.tr,1
17423,MARMARA BARINAK ANA MENDİREK FENERİ,Balıkesir,Marmara,Marmara,40.583839,27.560849,2026-03-09T06:00:00.000Z,10.8,,turkiye.gov.tr,1
17426,BARTIN GÜNEY MENDİREK FENERİ,Bartın,Merkez,Karadeniz,41.6864,32.2261,2026-03-09T06:00:00.000Z,8.1,,turkiye.gov.tr,1
17431,BİGA/KARABİGA BAR. (B) NOKTASI GÜNEY MEN. FENERİ,Çanakkale,Biga,Marmara,40.399583,27.305591,2026-03-09T06:00:00.000Z,10.6,,turkiye.gov.tr,1
17432,EZİNE/GEYİKLİ ODUNLUK İSKELE FENERİ,Çanakkale,Ezine,Ege,39.818998,26.160008,2026-03-09T06:00:00.000Z,14.8,,turkiye.gov.tr,1
17434,EZİNE YENİKÖY BAL.BAR. ANA MENDİREK FENERİ,Çanakkale,Ezine,Ege,39.9447,26.1611,2026-03-09T06:00:00.000Z,14.5,,turkiye.gov.tr,1
17436,ENEZ TALİ MENDİREK FENERİ,Edirne,Enez,Ege,40.698218,26.051263,2026-03-09T06:00:00.000Z,9.5,,turkiye.gov.tr,1
17437,TUZLA AYDINLI LİMAN FENERİ,İstanbul,Tuzla,Marmara,40.850611,29.271174,2026-03-09T06:00:00.000Z,9.9,,turkiye.gov.tr,1
17438,SİLİVRİ ANA MENDİREK FENERİ,İstanbul,Silivri,Marmara,41.072866,28.238398,2026-03-09T06:00:00.000Z,10.2,,turkiye.gov.tr,1
17439,FOÇA/AZAPLAR (VENEDİK) KAYALIĞI FENERİ,İzmir,Foça,Ege,38.616562,26.744274,2026-03-09T06:00:00.000Z,15.3,,turkiye.gov.tr,1
17440,URLA BALIKÇI BARINAĞI MENDİREK FENERİ,İzmir,Urla,Ege,38.364761,26.772665,2026-03-09T06:00:00.000Z,15.9,,turkiye.gov.tr,1
17442,KONAK/İZMİR PASAPORT MENDİREK FENERİ,İzmir,Konak,Ege,38.429236,27.131698,2026-03-09T06:00:00.000Z,13.6,,turkiye.gov.tr,1
17445,CİDE KUZEY MENDİREK FENERİ,Kastamonu,Cide,Karadeniz,41.9006,32.9778,2026-03-09T06:00:00.000Z,8.0,,turkiye.gov.tr,1
17446,İNEBOLU KUZEY MENDİREK FENERİ,Kastamonu,İnebolu,Karadeniz,41.9817,33.7769,2026-03-09T06:00:00.000Z,9.0,,turkiye.gov.tr,1
17447,VİZE/MİDYE KIYIKÖY BATI MENDİREK FENERİ (ANA),Kırklareli,Vize,Karadeniz,41.630847,28.101353,2026-03-09T06:00:00.000Z,7.3,,turkiye.gov.tr,1
17448,TUZLA İTÜ GÜNEY MENDİREK FENERİ,İstanbul,Tuzla,Marmara,40.811828,29.297373,2026-03-09T06:00:00.000Z,10.6,,turkiye.gov.tr,1
17449,KANDIRA/KEFKEN ADASI DOĞU MENDİREK FENERİ,Kocaeli,Kandıra,Karadeniz,41.211869,30.260694,2026-03-09T06:00:00.000Z,7.9,,turkiye.gov.tr,1
17451,MARMARA EREĞLİSİ BAL.BAR.ANA MENDİREK FENERİ,Tekirdağ,Marmaraereğlisi,Marmara,40.970825,27.959676,2026-03-09T06:00:00.000Z,9.5,,turkiye.gov.tr,1
17452,YALOVA SAMANLIDERE TALİ (DOĞU) MENDİREK FENERİ,Yalova,Merkez,Marmara,40.660597,29.246969,2026-03-09T06:00:00.000Z,11.9,,turkiye.gov.tr,1
17453,ZONGULDAK GÜNEY MENDİREK FENERİ,Zonguldak,Merkez,Karadeniz,41.458611,31.779166,2026-03-09T06:00:00.000Z,8.1,,turkiye.gov.tr,1
17454,FATİH/KUMKAPI FENERİ,İstanbul,Fatih,Marmara,41.000994,28.965432,2026-03-09T06:00:00.000Z,7.9,,turkiye.gov.tr,1
17455,SARIYER/RUMELİ FENERİ BAL. BAR. ANA MENDİREK FENERİ,İstanbul,Sarıyer,Karadeniz,41.229151,29.114919,2026-03-09T06:00:00.000Z,7.2,,turkiye.gov.tr,1
17459,İLKADIM/SAMSUN LİMAN KUZEY MENDİREK FENERİ,Samsun,İlkadım,Karadeniz,41.309587,36.355678,2026-03-09T06:00:00.000Z,8.7,,turkiye.gov.tr,1
17460,ÜNYE BALIKÇI BARINAĞI ANA MENDİREK FENERİ,Ordu,Ünye,Karadeniz,41.116448,37.348722,2026-03-09T06:00:00.000Z,6.9,,turkiye.gov.tr,1
17464,TRABZON LİMANI ANA MENDİREK FENERİ,Trabzon,Ortahisar,Karadeniz,41.006776,39.750108,2026-03-09T06:00:00.000Z,7.9,,turkiye.gov.tr,1
17465,ARAKLI BALIKÇI BARINAĞI TALİ MENDİREK FENERİ,Trabzon,Araklı,Karadeniz,40.945081,40.053776,2026-03-09T06:00:00.000Z,7.6,,turkiye.gov.tr,1
17466,ÇAYELİ BALIKÇI BARINAĞI TALİ MENDİREK FENERİ,Rize,Çayeli,Karadeniz,41.090095,40.722557,2026-03-09T06:00:00.000Z,7.8,,turkiye.gov.tr,1
17467,HOPA ANA MENDİREK FENERİ,Artvin,Hopa,Karadeniz,41.420291,41.429843,2026-03-09T06:00:00.000Z,9.5,,turkiye.gov.tr,1
17470,İNCEBURUN (YILDIZADASI) MARMARİS FENERİ,Muğla,Marmaris,Akdeniz,36.813936,28.265907,2026-03-09T06:00:00.000Z,17.3,,turkiye.gov.tr,1
17473,KAŞ BAYINDIR ANA MENDİREK FENERİ,Antalya,Kaş,Akdeniz,36.183225,29.642011,2026-03-09T06:00:00.000Z,17.8,,turkiye.gov.tr,1
17475,KEMER SIĞLIK FENERİ,Antalya,Kemer,Akdeniz,36.612395,30.574242,2026-03-09T06:00:00.000Z,17.1,,turkiye.gov.tr,1
17476,KONYAALTI/ANTALYA YENİ LİMAN ANA MENDİREK FENERİ,Antalya,Konyaaltı,Akdeniz,36.834011,30.616572,2026-03-09T06:00:00.000Z,17.4,,turkiye.gov.tr,1
17480,KARATAŞ BALIKÇI BARINAĞI TALİ MENDİREK FENERİ,Adana,Karataş,Akdeniz,36.557986,35.383499,2026-03-09T06:00:00.000Z,14.8,,turkiye.gov.tr,1
17482,VAN LİMAN,Van,Tuşba,Van Gölü,38.51486,43.307362,2026-03-09T06:00:00.000Z,5.5,,turkiye.gov.tr,1
17483,TATVAN LİMAN,Bitlis,Tatvan,Van Gölü,38.512592,42.302103,2026-03-09T06:00:00.000Z,5.1,,turkiye.gov.tr,1
17484,ADİLCEVAZ LİMAN,Bitlis,Adilcevaz,Van Gölü,38.797236,42.729931,2026-03-09T06:00:00.000Z,5.4,,turkiye.gov.tr,1
17486,İSKENDERUN KÖRFEZİ,Hatay,Payas,Akdeniz,36.59159,36.17992,2026-03-09T06:00:00.000Z,16.6,,turkiye.gov.tr,1
17489,MUDANYA/GÜZELYALI BALIKÇI BARINAĞI,Bursa,Mudanya,Marmara,40.35612,28.934036,2026-03-09T06:00:00.000Z,9.9,,turkiye.gov.tr,1
17492,DİDİM MARİNA FENERİ,Aydın,Didim,Ege,37.3369,27.264,2026-03-09T06:00:00.000Z,16.5,,turkiye.gov.tr,1
17493,SEFERİHİSAR/SIĞACIK MARİNA FENERİ,İzmir,Seferihisar,Ege,38.195707,26.782742,2026-03-09T06:00:00.000Z,14.1,,turkiye.gov.tr,1
17494,İSTANBUL HAVALİMANI LİMAN FENERİ,İstanbul,Arnavutköy,Karadeniz,41.313998,28.788586,2026-03-09T06:00:00.000Z,7.1,,turkiye.gov.tr,1
17495,ARHAVİ BALIKÇI BARINAĞI TALİ MENDİREK FENERİ,Artvin,Arhavi,Karadeniz,41.351192,41.293756,2026-03-09T06:00:00.000Z,10.2,,turkiye.gov.tr,1
17496,AYANCIK ÇAYLIOĞLU BALIKÇI BARINAĞI FENERİ,Sinop,Merkez,Karadeniz,41.966,34.508711,2026-03-09T06:00:00.000Z,8.9,,turkiye.gov.tr,1
17497,GELİBOLU SÜTLÜCE LİMANI KURU İSKELE,Çanakkale,Gelibolu,Marmara,40.320952,26.590161,2026-03-09T06:00:00.000Z,10.6,,turkiye.gov.tr,1
17498,FİLYOS LİMAN FENERİ,Zonguldak,Çaycuma,Karadeniz,41.593083,32.066475,2026-03-09T06:00:00.000Z,8.0,,turkiye.gov.tr,1
17015,AKÇAKOCA,Düzce,Akçakoca,Karadeniz,41.089528,31.143039,2026-04-16T06:00:00.000Z,10.4,,mgm,0
17024,İNEBOLU,Kastamonu,İnebolu,Karadeniz,41.978937,33.762945,2026-04-16T06:00:00.000Z,9.5,,mgm,0
17026,SİNOP,Sinop,Merkez,Karadeniz,42.029821,35.154286,2026-04-16T06:00:00.000Z,10.6,,mgm,0
17030,SAMSUN BÖLGE,Samsun,Atakum,Karadeniz,41.344286,36.255794,2026-04-16T06:00:00.000Z,11.6,,mgm,0
17033,ORDU,Ordu,Altınordu,Karadeniz,40.983833,37.885833,2026-04-16T06:00:00.000Z,10.9,,mgm,0
17034,GİRESUN,Giresun,Merkez,Karadeniz,40.922667,38.387833,2026-04-16T06:00:00.000Z,11.4,,mgm,0
17038,TRABZON HAVALİMANI,Trabzon,Ortahisar,Karadeniz,40.999133,39.779248,2026-04-16T06:00:00.000Z,9.7,,mgm,0
17040,RİZE,Rize,Merkez,Karadeniz,41.04,40.501333,2026-04-16T06:00:00.000Z,11.0,,mgm,0
17042,HOPA,Artvin,Hopa,Karadeniz,41.4065,41.433,2026-04-16T06:00:00.000Z,11.7,,mgm,0
17044,RİZE ARTVİN HAVALİMANI,Rize,Pazar,Karadeniz,41.177687,40.835223,2026-04-16T06:00:00.000Z,11.0,,mgm,0
17056,TEKİRDAĞ,Tekirdağ,Süleymanpaşa,Marmara,40.957959,27.496181,2026-04-16T06:00:00.000Z,13.0,,mgm,0
17059,SARIYER/KUMKÖY-KİLYOS,İstanbul,Sarıyer,Karadeniz,41.25047,29.038367,2026-04-16T06:00:00.000Z,10.6,,mgm,0
17112,ÇANAKKALE,Çanakkale,Merkez,Marmara,40.141428,26.399616,2026-04-16T06:00:00.000Z,13.2,,mgm,0
17175,AYVALIK,Balıkesir,Ayvalık,Ege,39.311292,26.686445,2026-04-16T06:00:00.000Z,15.0,,mgm,0
17180,DİKİLİ,İzmir,Dikili,Ege,39.073861,26.888093,2026-04-16T06:00:00.000Z,15.8,,mgm,0
17220,İZMİR BÖLGE,İzmir,Konak,Ege,38.3945,27.0821,2026-04-16T06:00:00.000Z,16.2,,mgm,0
17221,ÇEŞME,İzmir,Çeşme,Ege,38.303858,26.372882,2026-04-16T06:00:00.000Z,16.5,,mgm,0
17232,KUŞADASI,Aydın,Kuşadası,Ege,37.859636,27.265115,2026-04-16T06:00:00.000Z,17.6,,mgm,0
17290,BODRUM,Muğla,Bodrum,Ege,37.032611,27.439801,2026-04-16T06:00:00.000Z,17.8,,mgm,0
17296,FETHİYE,Muğla,Fethiye,Akdeniz,36.626611,29.123804,2026-04-16T06:00:00.000Z,18.6,,mgm,0
17297,DATÇA,Muğla,Datça,Ege,36.707945,27.691918,2026-04-16T06:00:00.000Z,17.7,,mgm,0
17298,MARMARİS,Muğla,Marmaris,Akdeniz,36.83926,28.244995,2026-04-16T06:00:00.000Z,17.8,,mgm,0
17310,ALANYA,Antalya,Alanya,Akdeniz,36.54999,31.979822,2026-04-16T06:00:00.000Z,19.6,,mgm,0
17320,ANAMUR,Mersin,Anamur,Akdeniz,36.068614,32.864876,2026-04-16T06:00:00.000Z,17.5,,mgm,0
17340,MERSİN,Mersin,Yenişehir,Akdeniz,36.780904,34.603125,2026-04-16T06:00:00.000Z,17.7,,mgm,0
17370,İSKENDERUN,Hatay,İskenderun,Akdeniz,36.592358,36.158158,2026-04-16T06:00:00.000Z,19.0,,mgm,0
17375,FİNİKE,Antalya,Finike,Akdeniz,36.3024,30.1458,2026-04-16T06:00:00.000Z,19.1,,mgm,0
17380,KAŞ,Antalya,Kaş,Akdeniz,36.200579,29.649995,2026-04-16T06:00:00.000Z,17.9,,mgm,0
17434,EZİNE YENİKÖY BAL.BAR. ANA MENDİREK FENERİ,Çanakkale,Ezine,Ege,39.9447,26.1611,2026-04-16T10:45:00.000Z,15.7,,mgm,0
17455,SARIYER/RUMELİ FENERİ BAL. BAR. ANA MENDİREK FENERİ,İstanbul,Sarıyer,Karadeniz,41.229151,29.114919,2026-04-16T11:50:00.000Z,10.8,,mgm,0
17436,ENEZ TALİ MENDİREK FENERİ,Edirne,Enez,Ege,40.698218,26.051263,2026-04-16T11:51:00.000Z,12.6,,mgm,0
17442,KONAK/İZMİR PASAPORT MENDİREK FENERİ,İzmir,Konak,Ege,38.429236,27.131698,2026-04-16T11:51:00.000Z,16.5,,mgm,0
17495,ARHAVİ BALIKÇI BARINAĞI TALİ MENDİREK FENERİ,Artvin,Arhavi,Karadeniz,41.351192,41.293756,2026-04-16T11:51:00.000Z,14.2,,mgm,0
17381,KUŞADASI 3. NOLU ŞAMANDIRA,Aydın,Kuşadası,Ege,37.8458,27.2194,2026-04-16T11:52:00.000Z,17.6,,mgm,0
17383,NARLIDERE/İZMİR KÖRFEZİ A NOKTASI IŞIKLI ŞAMANDIRA,İzmir,Narlıdere,Ege,38.421203,26.917843,2026-04-16T11:52:00.000Z,17.5,,mgm,0
17385,MERSİN GÜNEY MENDİREK İSTİKAMET FENERİ,Mersin,Akdeniz,Akdeniz,36.784036,34.635222,2026-04-16T11:52:00.000Z,15.7,,mgm,0
17387,GİRESUN PALAMUT KAYALIĞI MAHMUZ FENERİ,Giresun,Merkez,Karadeniz,40.9182,38.3783,2026-04-16T11:52:00.000Z,12.3,,mgm,0
17388,SİLİVRİ TPAO ŞAMANDIRA,İstanbul,Silivri,Marmara,41.039565,28.187255,2026-04-16T11:52:00.000Z,12.8,,mgm,0
17389,ADALAR ŞAMANDIRA,İstanbul,Adalar,Marmara,40.93278,28.94889,2026-04-16T11:52:00.000Z,11.6,,mgm,0
17421,AYVALIK KANAL SANCAK A FENERİ,Balıkesir,Ayvalık,Ege,39.323394,26.640546,2026-04-16T11:52:00.000Z,16.7,,mgm,0
17423,MARMARA BARINAK ANA MENDİREK FENERİ,Balıkesir,Marmara,Marmara,40.583839,27.560849,2026-04-16T11:52:00.000Z,13.2,,mgm,0
17426,BARTIN GÜNEY MENDİREK FENERİ,Bartın,Merkez,Karadeniz,41.6864,32.2261,2026-04-16T11:52:00.000Z,9.7,,mgm,0
17432,EZİNE/GEYİKLİ ODUNLUK İSKELE FENERİ,Çanakkale,Ezine,Ege,39.818998,26.160008,2026-04-16T11:52:00.000Z,16.3,,mgm,0
17437,TUZLA AYDINLI LİMAN FENERİ,İstanbul,Tuzla,Marmara,40.850611,29.271174,2026-04-16T11:52:00.000Z,12.3,,mgm,0
17438,SİLİVRİ ANA MENDİREK FENERİ,İstanbul,Silivri,Marmara,41.072866,28.238398,2026-04-16T11:52:00.000Z,13.9,,mgm,0
17439,FOÇA/AZAPLAR (VENEDİK) KAYALIĞI FENERİ,İzmir,Foça,Ege,38.616562,26.744274,2026-04-16T11:52:00.000Z,17.3,,mgm,0
17445,CİDE KUZEY MENDİREK FENERİ,Kastamonu,Cide,Karadeniz,41.9006,32.9778,2026-04-16T11:52:00.000Z,10.5,,mgm,0
17446,İNEBOLU KUZEY MENDİREK FENERİ,Kastamonu,İnebolu,Karadeniz,41.9817,33.7769,2026-04-16T11:52:00.000Z,9.6,,mgm,0
17447,VİZE/MİDYE KIYIKÖY BATI MENDİREK FENERİ (ANA),Kırklareli,Vize,Karadeniz,41.630847,28.101353,2026-04-16T11:52:00.000Z,12.0,,mgm,0
17448,TUZLA İTÜ GÜNEY MENDİREK FENERİ,İstanbul,Tuzla,Marmara,40.811828,29.297373,2026-04-16T11:52:00.000Z,13.1,,mgm,0
17449,KANDIRA/KEFKEN ADASI DOĞU MENDİREK FENERİ,Kocaeli,Kandıra,Karadeniz,41.211869,30.260694,2026-04-16T11:52:00.000Z,10.6,,mgm,0
17451,MARMARA EREĞLİSİ BAL.BAR.ANA MENDİREK FENERİ,Tekirdağ,Marmaraereğlisi,Marmara,40.970825,27.959676,2026-04-16T11:52:00.000Z,13.9,,mgm,0
17452,YALOVA SAMANLIDERE TALİ (DOĞU) MENDİREK FENERİ,Yalova,Merkez,Marmara,40.660597,29.246969,2026-04-16T11:52:00.000Z,15.6,,mgm,0
17453,ZONGULDAK GÜNEY MENDİREK FENERİ,Zonguldak,Merkez,Karadeniz,41.458611,31.779166,2026-04-16T11:52:00.000Z,10.8,,mgm,0
17454,FATİH/KUMKAPI FENERİ,İstanbul,Fatih,Marmara,41.000994,28.965432,2026-04-16T11:52:00.000Z,11.8,,mgm,0
17459,İLKADIM/SAMSUN LİMAN KUZEY MENDİREK FENERİ,Samsun,İlkadım,Karadeniz,41.309587,36.355678,2026-04-16T11:52:00.000Z,12.0,,mgm,0
17467,HOPA ANA MENDİREK FENERİ,Artvin,Hopa,Karadeniz,41.420291,41.429843,2026-04-16T11:52:00.000Z,13.3,,mgm,0
17470,İNCEBURUN (YILDIZADASI) MARMARİS FENERİ,Muğla,Marmaris,Akdeniz,36.813936,28.265907,2026-04-16T11:52:00.000Z,19.0,,mgm,0
17473,KAŞ BAYINDIR ANA MENDİREK FENERİ,Antalya,Kaş,Akdeniz,36.183225,29.642011,2026-04-16T11:52:00.000Z,18.1,,mgm,0
17475,KEMER SIĞLIK FENERİ,Antalya,Kemer,Akdeniz,36.612395,30.574242,2026-04-16T11:52:00.000Z,19.2,,mgm,0
17476,KONYAALTI/ANTALYA YENİ LİMAN ANA MENDİREK FENERİ,Antalya,Konyaaltı,Akdeniz,36.834011,30.616572,2026-04-16T11:52:00.000Z,20.2,,mgm,0
17480,KARATAŞ BALIKÇI BARINAĞI TALİ MENDİREK FENERİ,Adana,Karataş,Akdeniz,36.557986,35.383499,2026-04-16T11:52:00.000Z,20.4,,mgm,0
17482,VAN LİMAN,Van,Tuşba,Van Gölü,38.51486,43.307362,2026-04-16T11:52:00.000Z,9.5,,mgm,0
17483,TATVAN LİMAN,Bitlis,Tatvan,Van Gölü,38.512592,42.302103,2026-04-16T11:52:00.000Z,8.7,,mgm,0
17484,ADİLCEVAZ LİMAN,Bitlis,Adilcevaz,Van Gölü,38.797236,42.729931,2026-04-16T11:52:00.000Z,7.5,,mgm,0
17486,İSKENDERUN KÖRFEZİ,Hatay,Payas,Akdeniz,36.59159,36.17992,2026-04-16T11:52:00.000Z,23.4,,mgm,0
17491,GEVAŞ AKDAMAR FENERİ,Van,Gevaş,Van Gölü,38.309988,43.041398,2026-04-16T11:52:00.000Z,13.6,,mgm,0
17492,DİDİM MARİNA FENERİ,Aydın,Didim,Ege,37.3369,27.264,2026-04-16T11:52:00.000Z,17.7,,mgm,0
17493,SEFERİHİSAR/SIĞACIK MARİNA FENERİ,İzmir,Seferihisar,Ege,38.195707,26.782742,2026-04-16T11:52:00.000Z,16.2,,mgm,0
17494,İSTANBUL HAVALİMANI LİMAN FENERİ,İstanbul,Arnavutköy,Karadeniz,41.313998,28.788586,2026-04-16T11:52:00.000Z,10.1,,mgm,0
17496,AYANCIK ÇAYLIOĞLU BALIKÇI BARINAĞI FENERİ,Sinop,Merkez,Karadeniz,41.966,34.508711,2026-04-16T11:52:00.000Z,11.2,,mgm,0
17497,GELİBOLU SÜTLÜCE LİMANI KURU İSKELE,Çanakkale,Gelibolu,Marmara,40.320952,26.590161,2026-04-16T11:52:00.000Z,12.5,,mgm,0
17498,FİLYOS LİMAN FENERİ,Zonguldak,Çaycuma,Karadeniz,41.593083,32.066475,2026-04-16T11:52:00.000Z,9.8,,mgm,0
17460,ÜNYE BALIKÇI BARINAĞI ANA MENDİREK FENERİ,Ordu,Ünye,Karadeniz,41.116448,37.348722,2026-04-16T11:53:00.000Z,9.4,,mgm,0
17464,TRABZON LİMANI ANA MENDİREK FENERİ,Trabzon,Ortahisar,Karadeniz,41.006776,39.750108,2026-04-16T11:53:00.000Z,10.2,,mgm,0
17465,ARAKLI BALIKÇI BARINAĞI TALİ MENDİREK FENERİ,Trabzon,Araklı,Karadeniz,40.945081,40.053776,2026-04-16T11:53:00.000Z,9.6,,mgm,0
17466,ÇAYELİ BALIKÇI BARINAĞI TALİ MENDİREK FENERİ,Rize,Çayeli,Karadeniz,41.090095,40.722557,2026-04-16T11:53:00.000Z,9.8,,mgm,0
17489,MUDANYA/GÜZELYALI BALIKÇI BARINAĞI,Bursa,Mudanya,Marmara,40.35612,28.934036,2026-04-16T11:53:00.000Z,13.1,,mgm,0
17440,URLA BALIKÇI BARINAĞI MENDİREK FENERİ,İzmir,Urla,Ege,38.364761,26.772665,2026-04-16T11:54:00.000Z,19.2,,mgm,0
17015,AKÇAKOCA,Düzce,Akçakoca,Karadeniz,41.089528,31.143039,2026-04-19T06:00:00.000Z,11.0,,turkiye.gov.tr,1
17024,İNEBOLU,Kastamonu,İnebolu,Karadeniz,41.978937,33.762945,2026-04-19T06:00:00.000Z,9.0,,turkiye.gov.tr,1
17026,SİNOP,Sinop,Merkez,Karadeniz,42.029821,35.154286,2026-04-19T06:00:00.000Z,10.2,,turkiye.gov.tr,1
17030,SAMSUN BÖLGE,Samsun,Atakum,Karadeniz,41.344286,36.255794,2026-04-19T06:00:00.000Z,12.2,,turkiye.gov.tr,1
17033,ORDU,Ordu,Altınordu,Karadeniz,40.983833,37.885833,2026-04-19T06:00:00.000Z,11.1,,turkiye.gov.tr,1
17034,GİRESUN,Giresun,Merkez,Karadeniz,40.922667,38.387833,2026-04-19T06:00:00.000Z,11.3,,turkiye.gov.tr,1
17038,TRABZON HAVALİMANI,Trabzon,Ortahisar,Karadeniz,40.999133,39.779248,2026-04-19T06:00:00.000Z,9.7,,turkiye.gov.tr,1
17040,RİZE,Rize,Merkez,Karadeniz,41.04,40.501333,2026-04-19T06:00:00.000Z,11.1,,turkiye.gov.tr,1
17042,HOPA,Artvin,Hopa,Karadeniz,41.4065,41.433,2026-04-19T06:00:00.000Z,12.1,,turkiye.gov.tr,1
17044,RİZE ARTVİN HAVALİMANI,Rize,Pazar,Karadeniz,41.177687,40.835223,2026-04-19T06:00:00.000Z,11.0,,turkiye.gov.tr,1
17056,TEKİRDAĞ,Tekirdağ,Süleymanpaşa,Marmara,40.957959,27.496181,2026-04-19T06:00:00.000Z,13.1,,turkiye.gov.tr,1
17059,SARIYER/KUMKÖY-KİLYOS,İstanbul,Sarıyer,Karadeniz,41.25047,29.038367,2026-04-19T06:00:00.000Z,10.6,,turkiye.gov.tr,1
17112,ÇANAKKALE,Çanakkale,Merkez,Marmara,40.141428,26.399616,2026-04-19T06:00:00.000Z,13.4,,turkiye.gov.tr,1
17175,AYVALIK,Balıkesir,Ayvalık,Ege,39.311292,26.686445,2026-04-19T06:00:00.000Z,15.1,,turkiye.gov.tr,1
17180,DİKİLİ,İzmir,Dikili,Ege,39.073861,26.888093,2026-04-19T06:00:00.000Z,15.8,,turkiye.gov.tr,1
17220,İZMİR BÖLGE,İzmir,Konak,Ege,38.3945,27.0821,2026-04-19T06:00:00.000Z,16.6,,turkiye.gov.tr,1
17221,ÇEŞME,İzmir,Çeşme,Ege,38.303858,26.372882,2026-04-19T06:00:00.000Z,16.7,,turkiye.gov.tr,1
17232,KUŞADASI,Aydın,Kuşadası,Ege,37.859636,27.265115,2026-04-19T06:00:00.000Z,17.6,,turkiye.gov.tr,1
17290,BODRUM,Muğla,Bodrum,Ege,37.032611,27.439801,2026-04-19T06:00:00.000Z,17.7,,turkiye.gov.tr,1
17296,FETHİYE,Muğla,Fethiye,Akdeniz,36.626611,29.123804,2026-04-19T06:00:00.000Z,18.6,,turkiye.gov.tr,1
17297,DATÇA,Muğla,Datça,Ege,36.707945,27.691918,2026-04-19T06:00:00.000Z,18.0,,turkiye.gov.tr,1
17298,MARMARİS,Muğla,Marmaris,Akdeniz,36.83926,28.244995,2026-04-19T06:00:00.000Z,18.1,,turkiye.gov.tr,1
17310,ALANYA,Antalya,Alanya,Akdeniz,36.54999,31.979822,2026-04-19T06:00:00.000Z,19.6,,turkiye.gov.tr,1
17320,ANAMUR,Mersin,Anamur,Akdeniz,36.068614,32.864876,2026-04-19T06:00:00.000Z,18.5,,turkiye.gov.tr,1
17340,MERSİN,Mersin,Yenişehir,Akdeniz,36.780904,34.603125,2026-04-19T06:00:00.000Z,18.5,,turkiye.gov.tr,1
17370,İSKENDERUN,Hatay,İskenderun,Akdeniz,36.592358,36.158158,2026-04-19T06:00:00.000Z,22.5,,turkiye.gov.tr,1
17375,FİNİKE,Antalya,Finike,Akdeniz,36.3024,30.1458,2026-04-19T06:00:00.000Z,19.2,,turkiye.gov.tr,1
17380,KAŞ,Antalya,Kaş,Akdeniz,36.200579,29.649995,2026-04-19T06:00:00.000Z,18.1,,turkiye.gov.tr,1
17381,KUŞADASI 3. NOLU ŞAMANDIRA,Aydın,Kuşadası,Ege,37.8458,27.2194,2026-04-19T06:00:00.000Z,17.3,,turkiye.gov.tr,1
17383,NARLIDERE/İZMİR KÖRFEZİ A NOKTASI IŞIKLI ŞAMANDIRA,İzmir,Narlıdere,Ege,38.421203,26.917843,2026-04-19T06:00:00.000Z,16.7,,turkiye.gov.tr,1
17385,MERSİN GÜNEY MENDİREK İSTİKAMET FENERİ,Mersin,Akdeniz,Akdeniz,36.784036,34.635222,2026-04-19T06:00:00.000Z,18.5,,turkiye.gov.tr,1
17387,GİRESUN PALAMUT KAYALIĞI MAHMUZ FENERİ,Giresun,Merkez,Karadeniz,40.9182,38.3783,2026-04-19T06:00:00.000Z,12.1,,turkiye.gov.tr,1
17388,SİLİVRİ TPAO ŞAMANDIRA,İstanbul,Silivri,Marmara,41.039565,28.187255,2026-04-19T06:00:00.000Z,12.3,,turkiye.gov.tr,1
17389,ADALAR ŞAMANDIRA,İstanbul,Adalar,Marmara,40.93278,28.94889,2026-04-19T06:00:00.000Z,11.3,,turkiye.gov.tr,1
17421,AYVALIK KANAL SANCAK A FENERİ,Balıkesir,Ayvalık,Ege,39.323394,26.640546,2026-04-19T06:00:00.000Z,16.2,,turkiye.gov.tr,1
17423,MARMARA BARINAK ANA MENDİREK FENERİ,Balıkesir,Marmara,Marmara,40.583839,27.560849,2026-04-19T06:00:00.000Z,13.4,,turkiye.gov.tr,1
17426,BARTIN GÜNEY MENDİREK FENERİ,Bartın,Merkez,Karadeniz,41.6864,32.2261,2026-04-19T06:00:00.000Z,10.9,,turkiye.gov.tr,1
17432,EZİNE/GEYİKLİ ODUNLUK İSKELE FENERİ,Çanakkale,Ezine,Ege,39.818998,26.160008,2026-04-19T06:00:00.000Z,16.2,,turkiye.gov.tr,1
17434,EZİNE YENİKÖY BAL.BAR. ANA MENDİREK FENERİ,Çanakkale,Ezine,Ege,39.9447,26.1611,2026-04-19T06:00:00.000Z,15.0,,turkiye.gov.tr,1
17436,ENEZ TALİ MENDİREK FENERİ,Edirne,Enez,Ege,40.698218,26.051263,2026-04-19T06:00:00.000Z,12.3,,turkiye.gov.tr,1
17437,TUZLA AYDINLI LİMAN FENERİ,İstanbul,Tuzla,Marmara,40.850611,29.271174,2026-04-19T06:00:00.000Z,12.1,,turkiye.gov.tr,1
17439,FOÇA/AZAPLAR (VENEDİK) KAYALIĞI FENERİ,İzmir,Foça,Ege,38.616562,26.744274,2026-04-19T06:00:00.000Z,16.5,,turkiye.gov.tr,1
17440,URLA BALIKÇI BARINAĞI MENDİREK FENERİ,İzmir,Urla,Ege,38.364761,26.772665,2026-04-19T06:00:00.000Z,17.8,,turkiye.gov.tr,1
17442,KONAK/İZMİR PASAPORT MENDİREK FENERİ,İzmir,Konak,Ege,38.429236,27.131698,2026-04-19T06:00:00.000Z,16.3,,turkiye.gov.tr,1
17445,CİDE KUZEY MENDİREK FENERİ,Kastamonu,Cide,Karadeniz,41.9006,32.9778,2026-04-19T06:00:00.000Z,9.9,,turkiye.gov.tr,1
17446,İNEBOLU KUZEY MENDİREK FENERİ,Kastamonu,İnebolu,Karadeniz,41.9817,33.7769,2026-04-19T06:00:00.000Z,9.6,,turkiye.gov.tr,1
17447,VİZE/MİDYE KIYIKÖY BATI MENDİREK FENERİ (ANA),Kırklareli,Vize,Karadeniz,41.630847,28.101353,2026-04-19T06:00:00.000Z,11.7,,turkiye.gov.tr,1
17448,TUZLA İTÜ GÜNEY MENDİREK FENERİ,İstanbul,Tuzla,Marmara,40.811828,29.297373,2026-04-19T06:00:00.000Z,12.0,,turkiye.gov.tr,1
17449,KANDIRA/KEFKEN ADASI DOĞU MENDİREK FENERİ,Kocaeli,Kandıra,Karadeniz,41.211869,30.260694,2026-04-19T06:00:00.000Z,10.2,,turkiye.gov.tr,1
17451,MARMARA EREĞLİSİ BAL.BAR.ANA MENDİREK FENERİ,Tekirdağ,Marmaraereğlisi,Marmara,40.970825,27.959676,2026-04-19T06:00:00.000Z,13.4,,turkiye.gov.tr,1
17452,YALOVA SAMANLIDERE TALİ (DOĞU) MENDİREK FENERİ,Yalova,Merkez,Marmara,40.660597,29.246969,2026-04-19T06:00:00.000Z,12.8,,turkiye.gov.tr,1
17453,ZONGULDAK GÜNEY MENDİREK FENERİ,Zonguldak,Merkez,Karadeniz,41.458611,31.779166,2026-04-19T06:00:00.000Z,11.2,,turkiye.gov.tr,1
17454,FATİH/KUMKAPI FENERİ,İstanbul,Fatih,Marmara,41.000994,28.965432,2026-04-19T06:00:00.000Z,11.8,,turkiye.gov.tr,1
17455,SARIYER/RUMELİ FENERİ BAL. BAR. ANA MENDİREK FENERİ,İstanbul,Sarıyer,Karadeniz,41.229151,29.114919,2026-04-19T06:00:00.000Z,10.6,,turkiye.gov.tr,1
17459,İLKADIM/SAMSUN LİMAN KUZEY MENDİREK FENERİ,Samsun,İlkadım,Karadeniz,41.309587,36.355678,2026-04-19T06:00:00.000Z,10.8,,turkiye.gov.tr,1
17464,TRABZON LİMANI ANA MENDİREK FENERİ,Trabzon,Ortahisar,Karadeniz,41.006776,39.750108,2026-04-19T06:00:00.000Z,9.7,,turkiye.gov.tr,1
17465,ARAKLI BALIKÇI BARINAĞI TALİ MENDİREK FENERİ,Trabzon,Araklı,Karadeniz,40.945081,40.053776,2026-04-19T06:00:00.000Z,8.8,,turkiye.gov.tr,1
17467,HOPA ANA MENDİREK FENERİ,Artvin,Hopa,Karadeniz,41.420291,41.429843,2026-04-19T06:00:00.000Z,12.3,,turkiye.gov.tr,1
17470,İNCEBURUN (YILDIZADASI) MARMARİS FENERİ,Muğla,Marmaris,Akdeniz,36.813936,28.265907,2026-04-19T06:00:00.000Z,18.1,,turkiye.gov.tr,1
17473,KAŞ BAYINDIR ANA MENDİREK FENERİ,Antalya,Kaş,Akdeniz,36.183225,29.642011,2026-04-19T06:00:00.000Z,18.1,,turkiye.gov.tr,1
17475,KEMER SIĞLIK FENERİ,Antalya,Kemer,Akdeniz,36.612395,30.574242,2026-04-19T06:00:00.000Z,18.4,,turkiye.gov.tr,1
17480,KARATAŞ BALIKÇI BARINAĞI TALİ MENDİREK FENERİ,Adana,Karataş,Akdeniz,36.557986,35.383499,2026-04-19T06:00:00.000Z,19.9,,turkiye.gov.tr,1
17482,VAN LİMAN,Van,Tuşba,Van Gölü,38.51486,43.307362,2026-04-19T06:00:00.000Z,11.0,,turkiye.gov.tr,1
17483,TATVAN LİMAN,Bitlis,Tatvan,Van Gölü,38.512592,42.302103,2026-04-19T06:00:00.000Z,9.1,,turkiye.gov.tr,1
17484,ADİLCEVAZ LİMAN,Bitlis,Adilcevaz,Van Gölü,38.797236,42.729931,2026-04-19T06:00:00.000Z,8.0,,turkiye.gov.tr,1
17486,İSKENDERUN KÖRFEZİ,Hatay,Payas,Akdeniz,36.59159,36.17992,2026-04-19T06:00:00.000Z,22.6,,turkiye.gov.tr,1
17491,GEVAŞ AKDAMAR FENERİ,Van,Gevaş,Van Gölü,38.309988,43.041398,2026-04-19T06:00:00.000Z,8.8,,turkiye.gov.tr,1
17492,DİDİM MARİNA FENERİ,Aydın,Didim,Ege,37.3369,27.264,2026-04-19T06:00:00.000Z,17.9,,turkiye.gov.tr,1
17493,SEFERİHİSAR/SIĞACIK MARİNA FENERİ,İzmir,Seferihisar,Ege,38.195707,26.782742,2026-04-19T06:00:00.000Z,15.3,,turkiye.gov.tr,1
17494,İSTANBUL HAVALİMANI LİMAN FENERİ,İstanbul,Arnavutköy,Karadeniz,41.313998,28.788586,2026-04-19T06:00:00.000Z,12.9,,turkiye.gov.tr,1
17495,ARHAVİ BALIKÇI BARINAĞI TALİ MENDİREK FENERİ,Artvin,Arhavi,Karadeniz,41.351192,41.293756,2026-04-19T06:00:00.000Z,11.8,,turkiye.gov.tr,1
17496,AYANCIK ÇAYLIOĞLU BALIKÇI BARINAĞI FENERİ,Sinop,Merkez,Karadeniz,41.966,34.508711,2026-04-19T06:00:00.000Z,9.7,,turkiye.gov.tr,1
17497,GELİBOLU SÜTLÜCE LİMANI KURU İSKELE,Çanakkale,Gelibolu,Marmara,40.320952,26.590161,2026-04-19T06:00:00.000Z,12.8,,turkiye.gov.tr,1
17498,FİLYOS LİMAN FENERİ,Zonguldak,Çaycuma,Karadeniz,41.593083,32.066475,2026-04-19T06:00:00.000Z,11.4,,turkiye.gov.tr,1
17015,AKÇAKOCA,Düzce,Akçakoca,Karadeniz,41.089528,31.143039,2026-05-13T06:00:00.000Z,12.8,,turkiye.gov.tr,1
17024,İNEBOLU,Kastamonu,İnebolu,Karadeniz,41.978937,33.762945,2026-05-13T06:00:00.000Z,13.4,,turkiye.gov.tr,1
17026,SİNOP,Sinop,Merkez,Karadeniz,42.029821,35.154286,2026-05-13T06:00:00.000Z,13.5,,turkiye.gov.tr,1
17030,SAMSUN BÖLGE,Samsun,Atakum,Karadeniz,41.344286,36.255794,2026-05-13T06:00:00.000Z,15.1,,turkiye.gov.tr,1
17033,ORDU,Ordu,Altınordu,Karadeniz,40.983833,37.885833,2026-05-13T06:00:00.000Z,13.1,,turkiye.gov.tr,1
17034,GİRESUN,Giresun,Merkez,Karadeniz,40.922667,38.387833,2026-05-13T06:00:00.000Z,16.2,,turkiye.gov.tr,1
17038,TRABZON HAVALİMANI,Trabzon,Ortahisar,Karadeniz,40.999133,39.779248,2026-05-13T06:00:00.000Z,13.8,,turkiye.gov.tr,1
17040,RİZE,Rize,Merkez,Karadeniz,41.04,40.501333,2026-05-13T06:00:00.000Z,15.8,,turkiye.gov.tr,1
17042,HOPA,Artvin,Hopa,Karadeniz,41.4065,41.433,2026-05-13T06:00:00.000Z,15.4,,turkiye.gov.tr,1
17044,RİZE ARTVİN HAVALİMANI,Rize,Pazar,Karadeniz,41.177687,40.835223,2026-05-13T06:00:00.000Z,17.0,,turkiye.gov.tr,1
17056,TEKİRDAĞ,Tekirdağ,Süleymanpaşa,Marmara,40.957959,27.496181,2026-05-13T06:00:00.000Z,15.3,,turkiye.gov.tr,1
17059,SARIYER/KUMKÖY-KİLYOS,İstanbul,Sarıyer,Karadeniz,41.25047,29.038367,2026-05-13T06:00:00.000Z,15.2,,turkiye.gov.tr,1
17112,ÇANAKKALE,Çanakkale,Merkez,Marmara,40.141428,26.399616,2026-05-13T06:00:00.000Z,15.7,,turkiye.gov.tr,1
17175,AYVALIK,Balıkesir,Ayvalık,Ege,39.311292,26.686445,2026-05-13T06:00:00.000Z,17.3,,turkiye.gov.tr,1
17180,DİKİLİ,İzmir,Dikili,Ege,39.073861,26.888093,2026-05-13T06:00:00.000Z,18.3,,turkiye.gov.tr,1
17220,İZMİR BÖLGE,İzmir,Konak,Ege,38.3945,27.0821,2026-05-13T06:00:00.000Z,19.3,,turkiye.gov.tr,1
17221,ÇEŞME,İzmir,Çeşme,Ege,38.303858,26.372882,2026-05-13T06:00:00.000Z,18.5,,turkiye.gov.tr,1
17232,KUŞADASI,Aydın,Kuşadası,Ege,37.859636,27.265115,2026-05-13T06:00:00.000Z,20.0,,turkiye.gov.tr,1
17290,BODRUM,Muğla,Bodrum,Ege,37.032611,27.439801,2026-05-13T06:00:00.000Z,18.7,,turkiye.gov.tr,1
17296,FETHİYE,Muğla,Fethiye,Akdeniz,36.626611,29.123804,2026-05-13T06:00:00.000Z,21.2,,turkiye.gov.tr,1
17297,DATÇA,Muğla,Datça,Ege,36.707945,27.691918,2026-05-13T06:00:00.000Z,20.5,,turkiye.gov.tr,1
17298,MARMARİS,Muğla,Marmaris,Akdeniz,36.83926,28.244995,2026-05-13T06:00:00.000Z,20.8,,turkiye.gov.tr,1
17310,ALANYA,Antalya,Alanya,Akdeniz,36.54999,31.979822,2026-05-13T06:00:00.000Z,20.3,,turkiye.gov.tr,1
17320,ANAMUR,Mersin,Anamur,Akdeniz,36.068614,32.864876,2026-05-13T06:00:00.000Z,19.5,,turkiye.gov.tr,1
17340,MERSİN,Mersin,Yenişehir,Akdeniz,36.780904,34.603125,2026-05-13T06:00:00.000Z,21.9,,turkiye.gov.tr,1
17370,İSKENDERUN,Hatay,İskenderun,Akdeniz,36.592358,36.158158,2026-05-13T06:00:00.000Z,24.0,,turkiye.gov.tr,1
17375,FİNİKE,Antalya,Finike,Akdeniz,36.3024,30.1458,2026-05-13T06:00:00.000Z,20.4,,turkiye.gov.tr,1
17380,KAŞ,Antalya,Kaş,Akdeniz,36.200579,29.649995,2026-05-13T06:00:00.000Z,19.8,,turkiye.gov.tr,1
17381,KUŞADASI 3. NOLU ŞAMANDIRA,Aydın,Kuşadası,Ege,37.8458,27.2194,2026-05-13T06:00:00.000Z,20.2,,turkiye.gov.tr,1
17383,NARLIDERE/İZMİR KÖRFEZİ A NOKTASI IŞIKLI ŞAMANDIRA,İzmir,Narlıdere,Ege,38.421203,26.917843,2026-05-13T06:00:00.000Z,20.2,,turkiye.gov.tr,1
17384,URLA/KUBİLAY SIĞLIĞI IŞIKLI ŞAMANDIRA,İzmir,Urla,Ege,38.4467,26.7175,2026-05-13T06:00:00.000Z,20.3,,turkiye.gov.tr,1
17385,MERSİN GÜNEY MENDİREK İSTİKAMET FENERİ,Mersin,Akdeniz,Akdeniz,36.784036,34.635222,2026-05-13T06:00:00.000Z,23.0,,turkiye.gov.tr,1
17387,GİRESUN PALAMUT KAYALIĞI MAHMUZ FENERİ,Giresun,Merkez,Karadeniz,40.9182,38.3783,2026-05-13T06:00:00.000Z,17.5,,turkiye.gov.tr,1
17388,SİLİVRİ TPAO ŞAMANDIRA,İstanbul,Silivri,Marmara,41.039565,28.187255,2026-05-13T06:00:00.000Z,17.9,,turkiye.gov.tr,1
17389,ADALAR ŞAMANDIRA,İstanbul,Adalar,Marmara,40.93278,28.94889,2026-05-13T06:00:00.000Z,13.3,,turkiye.gov.tr,1
17393,ANTALYA KÖRFEZİ ŞAMANDIRA,Antalya,Serik,Akdeniz,36.73874,31.00718,2026-05-13T06:00:00.000Z,23.2,,turkiye.gov.tr,1
17421,AYVALIK KANAL SANCAK A FENERİ,Balıkesir,Ayvalık,Ege,39.323394,26.640546,2026-05-13T06:00:00.000Z,21.7,,turkiye.gov.tr,1
17423,MARMARA BARINAK ANA MENDİREK FENERİ,Balıkesir,Marmara,Marmara,40.583839,27.560849,2026-05-13T06:00:00.000Z,15.5,,turkiye.gov.tr,1
17426,BARTIN GÜNEY MENDİREK FENERİ,Bartın,Merkez,Karadeniz,41.6864,32.2261,2026-05-13T06:00:00.000Z,13.8,,turkiye.gov.tr,1
17432,EZİNE/GEYİKLİ ODUNLUK İSKELE FENERİ,Çanakkale,Ezine,Ege,39.818998,26.160008,2026-05-13T06:00:00.000Z,20.0,,turkiye.gov.tr,1
17436,ENEZ TALİ MENDİREK FENERİ,Edirne,Enez,Ege,40.698218,26.051263,2026-05-13T06:00:00.000Z,18.0,,turkiye.gov.tr,1
17437,TUZLA AYDINLI LİMAN FENERİ,İstanbul,Tuzla,Marmara,40.850611,29.271174,2026-05-13T06:00:00.000Z,17.3,,turkiye.gov.tr,1
17438,SİLİVRİ ANA MENDİREK FENERİ,İstanbul,Silivri,Marmara,41.072866,28.238398,2026-05-13T06:00:00.000Z,15.8,,turkiye.gov.tr,1
17439,FOÇA/AZAPLAR (VENEDİK) KAYALIĞI FENERİ,İzmir,Foça,Ege,38.616562,26.744274,2026-05-13T06:00:00.000Z,21.5,,turkiye.gov.tr,1
17440,URLA BALIKÇI BARINAĞI MENDİREK FENERİ,İzmir,Urla,Ege,38.364761,26.772665,2026-05-13T06:00:00.000Z,18.8,,turkiye.gov.tr,1
17442,KONAK/İZMİR PASAPORT MENDİREK FENERİ,İzmir,Konak,Ege,38.429236,27.131698,2026-05-13T06:00:00.000Z,20.9,,turkiye.gov.tr,1
17443,ÇEŞME/KALE YERİ SIĞ.(DÖKÜNTÜTAŞI) FENERİ,İzmir,Çeşme,Ege,38.329226,26.267881,2026-05-13T06:00:00.000Z,18.8,,turkiye.gov.tr,1
17445,CİDE KUZEY MENDİREK FENERİ,Kastamonu,Cide,Karadeniz,41.9006,32.9778,2026-05-13T06:00:00.000Z,16.0,,turkiye.gov.tr,1
17447,VİZE/MİDYE KIYIKÖY BATI MENDİREK FENERİ (ANA),Kırklareli,Vize,Karadeniz,41.630847,28.101353,2026-05-13T06:00:00.000Z,15.7,,turkiye.gov.tr,1
17448,TUZLA İTÜ GÜNEY MENDİREK FENERİ,İstanbul,Tuzla,Marmara,40.811828,29.297373,2026-05-13T06:00:00.000Z,18.5,,turkiye.gov.tr,1
17449,KANDIRA/KEFKEN ADASI DOĞU MENDİREK FENERİ,Kocaeli,Kandıra,Karadeniz,41.211869,30.260694,2026-05-13T06:00:00.000Z,12.9,,turkiye.gov.tr,1
17451,MARMARA EREĞLİSİ BAL.BAR.ANA MENDİREK FENERİ,Tekirdağ,Marmaraereğlisi,Marmara,40.970825,27.959676,2026-05-13T06:00:00.000Z,16.0,,turkiye.gov.tr,1
17452,YALOVA SAMANLIDERE TALİ (DOĞU) MENDİREK FENERİ,Yalova,Merkez,Marmara,40.660597,29.246969,2026-05-13T06:00:00.000Z,20.1,,turkiye.gov.tr,1
17454,FATİH/KUMKAPI FENERİ,İstanbul,Fatih,Marmara,41.000994,28.965432,2026-05-13T06:00:00.000Z,16.4,,turkiye.gov.tr,1
17455,SARIYER/RUMELİ FENERİ BAL. BAR. ANA MENDİREK FENERİ,İstanbul,Sarıyer,Karadeniz,41.229151,29.114919,2026-05-13T06:00:00.000Z,15.6,,turkiye.gov.tr,1
17459,İLKADIM/SAMSUN LİMAN KUZEY MENDİREK FENERİ,Samsun,İlkadım,Karadeniz,41.309587,36.355678,2026-05-13T06:00:00.000Z,16.7,,turkiye.gov.tr,1
17460,ÜNYE BALIKÇI BARINAĞI ANA MENDİREK FENERİ,Ordu,Ünye,Karadeniz,41.116448,37.348722,2026-05-13T06:00:00.000Z,14.2,,turkiye.gov.tr,1
17464,TRABZON LİMANI ANA MENDİREK FENERİ,Trabzon,Ortahisar,Karadeniz,41.006776,39.750108,2026-05-13T06:00:00.000Z,14.5,,turkiye.gov.tr,1
17465,ARAKLI BALIKÇI BARINAĞI TALİ MENDİREK FENERİ,Trabzon,Araklı,Karadeniz,40.945081,40.053776,2026-05-13T06:00:00.000Z,14.2,,turkiye.gov.tr,1
17466,ÇAYELİ BALIKÇI BARINAĞI TALİ MENDİREK FENERİ,Rize,Çayeli,Karadeniz,41.090095,40.722557,2026-05-13T06:00:00.000Z,14.0,,turkiye.gov.tr,1
17467,HOPA ANA MENDİREK FENERİ,Artvin,Hopa,Karadeniz,41.420291,41.429843,2026-05-13T06:00:00.000Z,18.4,,turkiye.gov.tr,1
17470,İNCEBURUN (YILDIZADASI) MARMARİS FENERİ,Muğla,Marmaris,Akdeniz,36.813936,28.265907,2026-05-13T06:00:00.000Z,21.5,,turkiye.gov.tr,1
17473,KAŞ BAYINDIR ANA MENDİREK FENERİ,Antalya,Kaş,Akdeniz,36.183225,29.642011,2026-05-13T06:00:00.000Z,20.8,,turkiye.gov.tr,1
17475,KEMER SIĞLIK FENERİ,Antalya,Kemer,Akdeniz,36.612395,30.574242,2026-05-13T06:00:00.000Z,21.5,,turkiye.gov.tr,1
17476,KONYAALTI/ANTALYA YENİ LİMAN ANA MENDİREK FENERİ,Antalya,Konyaaltı,Akdeniz,36.834011,30.616572,2026-05-13T06:00:00.000Z,22.5,,turkiye.gov.tr,1
17480,KARATAŞ BALIKÇI BARINAĞI TALİ MENDİREK FENERİ,Adana,Karataş,Akdeniz,36.557986,35.383499,2026-05-13T06:00:00.000Z,22.1,,turkiye.gov.tr,1
17482,VAN LİMAN,Van,Tuşba,Van Gölü,38.51486,43.307362,2026-05-13T06:00:00.000Z,17.2,,turkiye.gov.tr,1
17483,TATVAN LİMAN,Bitlis,Tatvan,Van Gölü,38.512592,42.302103,2026-05-13T06:00:00.000Z,12.8,,turkiye.gov.tr,1
17484,ADİLCEVAZ LİMAN,Bitlis,Adilcevaz,Van Gölü,38.797236,42.729931,2026-05-13T06:00:00.000Z,15.1,,turkiye.gov.tr,1
17489,MUDANYA/GÜZELYALI BALIKÇI BARINAĞI,Bursa,Mudanya,Marmara,40.35612,28.934036,2026-05-13T06:00:00.000Z,15.9,,turkiye.gov.tr,1
17491,GEVAŞ AKDAMAR FENERİ,Van,Gevaş,Van Gölü,38.309988,43.041398,2026-05-13T06:00:00.000Z,15.6,,turkiye.gov.tr,1
17492,DİDİM MARİNA FENERİ,Aydın,Didim,Ege,37.3369,27.264,2026-05-13T06:00:00.000Z,20.5,,turkiye.gov.tr,1
17493,SEFERİHİSAR/SIĞACIK MARİNA FENERİ,İzmir,Seferihisar,Ege,38.195707,26.782742,2026-05-13T06:00:00.000Z,18.9,,turkiye.gov.tr,1
17494,İSTANBUL HAVALİMANI LİMAN FENERİ,İstanbul,Arnavutköy,Karadeniz,41.313998,28.788586,2026-05-13T06:00:00.000Z,16.3,,turkiye.gov.tr,1
17495,ARHAVİ BALIKÇI BARINAĞI TALİ MENDİREK FENERİ,Artvin,Arhavi,Karadeniz,41.351192,41.293756,2026-05-13T06:00:00.000Z,19.8,,turkiye.gov.tr,1
17496,AYANCIK ÇAYLIOĞLU BALIKÇI BARINAĞI FENERİ,Sinop,Merkez,Karadeniz,41.966,34.508711,2026-05-13T06:00:00.000Z,13.9,,turkiye.gov.tr,1
17497,GELİBOLU SÜTLÜCE LİMANI KURU İSKELE,Çanakkale,Gelibolu,Marmara,40.320952,26.590161,2026-05-13T06:00:00.000Z,16.0,,turkiye.gov.tr,1
17498,FİLYOS LİMAN FENERİ,Zonguldak,Çaycuma,Karadeniz,41.593083,32.066475,2026-05-13T06:00:00.000Z,13.6,,turkiye.gov.tr,1
17015,AKÇAKOCA,Düzce,Akçakoca,Karadeniz,41.089528,31.143039,2026-06-09T06:00:00.000Z,19.0,,turkiye.gov.tr,0
17024,İNEBOLU,Kastamonu,İnebolu,Karadeniz,41.978937,33.762945,2026-06-09T06:00:00.000Z,14.8,,turkiye.gov.tr,0
17026,SİNOP,Sinop,Merkez,Karadeniz,42.029821,35.154286,2026-06-09T06:00:00.000Z,19.5,,turkiye.gov.tr,0
17030,SAMSUN BÖLGE,Samsun,Atakum,Karadeniz,41.344286,36.255794,2026-06-09T06:00:00.000Z,21.8,,turkiye.gov.tr,0
17033,ORDU,Ordu,Altınordu,Karadeniz,40.983833,37.885833,2026-06-09T06:00:00.000Z,16.9,,turkiye.gov.tr,0
17034,GİRESUN,Giresun,Merkez,Karadeniz,40.922667,38.387833,2026-06-09T06:00:00.000Z,22.1,,turkiye.gov.tr,0
17038,TRABZON HAVALİMANI,Trabzon,Ortahisar,Karadeniz,40.999133,39.779248,2026-06-09T06:00:00.000Z,19.2,,turkiye.gov.tr,0
17040,RİZE,Rize,Merkez,Karadeniz,41.04,40.501333,2026-06-09T06:00:00.000Z,22.0,,turkiye.gov.tr,0
17042,HOPA,Artvin,Hopa,Karadeniz,41.4065,41.433,2026-06-09T06:00:00.000Z,19.7,,turkiye.gov.tr,0
17044,RİZE ARTVİN HAVALİMANI,Rize,Pazar,Karadeniz,41.177687,40.835223,2026-06-09T06:00:00.000Z,22.4,,turkiye.gov.tr,0
17056,TEKİRDAĞ,Tekirdağ,Süleymanpaşa,Marmara,40.957959,27.496181,2026-06-09T06:00:00.000Z,21.8,,turkiye.gov.tr,0
17059,SARIYER/KUMKÖY-KİLYOS,İstanbul,Sarıyer,Karadeniz,41.25047,29.038367,2026-06-09T06:00:00.000Z,21.8,,turkiye.gov.tr,0
17112,ÇANAKKALE,Çanakkale,Merkez,Marmara,40.141428,26.399616,2026-06-09T06:00:00.000Z,20.9,,turkiye.gov.tr,0
17175,AYVALIK,Balıkesir,Ayvalık,Ege,39.311292,26.686445,2026-06-09T06:00:00.000Z,19.9,,turkiye.gov.tr,0
17180,DİKİLİ,İzmir,Dikili,Ege,39.073861,26.888093,2026-06-09T06:00:00.000Z,21.5,,turkiye.gov.tr,0
17220,İZMİR BÖLGE,İzmir,Konak,Ege,38.3945,27.0821,2026-06-09T06:00:00.000Z,25.7,,turkiye.gov.tr,0
17221,ÇEŞME,İzmir,Çeşme,Ege,38.303858,26.372882,2026-06-09T06:00:00.000Z,21.4,,turkiye.gov.tr,0
17232,KUŞADASI,Aydın,Kuşadası,Ege,37.859636,27.265115,2026-06-09T06:00:00.000Z,22.0,,turkiye.gov.tr,0
17290,BODRUM,Muğla,Bodrum,Ege,37.032611,27.439801,2026-06-09T06:00:00.000Z,23.0,,turkiye.gov.tr,0
17296,FETHİYE,Muğla,Fethiye,Akdeniz,36.626611,29.123804,2026-06-09T06:00:00.000Z,24.2,,turkiye.gov.tr,0
17297,DATÇA,Muğla,Datça,Ege,36.707945,27.691918,2026-06-09T06:00:00.000Z,23.5,,turkiye.gov.tr,0
17298,MARMARİS,Muğla,Marmaris,Akdeniz,36.83926,28.244995,2026-06-09T06:00:00.000Z,24.0,,turkiye.gov.tr,0
17310,ALANYA,Antalya,Alanya,Akdeniz,36.54999,31.979822,2026-06-09T06:00:00.000Z,23.4,,turkiye.gov.tr,0
17320,ANAMUR,Mersin,Anamur,Akdeniz,36.068614,32.864876,2026-06-09T06:00:00.000Z,22.5,,turkiye.gov.tr,0
17340,MERSİN,Mersin,Yenişehir,Akdeniz,36.780904,34.603125,2026-06-09T06:00:00.000Z,26.0,,turkiye.gov.tr,0
17370,İSKENDERUN,Hatay,İskenderun,Akdeniz,36.592358,36.158158,2026-06-09T06:00:00.000Z,25.0,,turkiye.gov.tr,0
17375,FİNİKE,Antalya,Finike,Akdeniz,36.3024,30.1458,2026-06-09T06:00:00.000Z,23.3,,turkiye.gov.tr,0
17380,KAŞ,Antalya,Kaş,Akdeniz,36.200579,29.649995,2026-06-09T06:00:00.000Z,23.6,,turkiye.gov.tr,0
17381,KUŞADASI 3. NOLU ŞAMANDIRA,Aydın,Kuşadası,Ege,37.8458,27.2194,2026-06-09T06:00:00.000Z,23.0,,turkiye.gov.tr,0
17387,GİRESUN PALAMUT KAYALIĞI MAHMUZ FENERİ,Giresun,Merkez,Karadeniz,40.9182,38.3783,2026-06-09T06:00:00.000Z,22.0,,turkiye.gov.tr,0
17388,SİLİVRİ TPAO ŞAMANDIRA,İstanbul,Silivri,Marmara,41.039565,28.187255,2026-06-09T06:00:00.000Z,21.8,,turkiye.gov.tr,0
17389,ADALAR ŞAMANDIRA,İstanbul,Adalar,Marmara,40.93278,28.94889,2026-06-09T06:00:00.000Z,20.3,,turkiye.gov.tr,0
17393,ANTALYA KÖRFEZİ ŞAMANDIRA,Antalya,Serik,Akdeniz,36.73874,31.00718,2026-06-09T06:00:00.000Z,26.8,,turkiye.gov.tr,0
17423,MARMARA BARINAK ANA MENDİREK FENERİ,Balıkesir,Marmara,Marmara,40.583839,27.560849,2026-06-09T06:00:00.000Z,23.5,,turkiye.gov.tr,0
17426,BARTIN GÜNEY MENDİREK FENERİ,Bartın,Merkez,Karadeniz,41.6864,32.2261,2026-06-09T06:00:00.000Z,15.6,,turkiye.gov.tr,0
17436,ENEZ TALİ MENDİREK FENERİ,Edirne,Enez,Ege,40.698218,26.051263,2026-06-09T06:00:00.000Z,22.2,,turkiye.gov.tr,0
17437,TUZLA AYDINLI LİMAN FENERİ,İstanbul,Tuzla,Marmara,40.850611,29.271174,2026-06-09T06:00:00.000Z,20.4,,turkiye.gov.tr,0
17438,SİLİVRİ ANA MENDİREK FENERİ,İstanbul,Silivri,Marmara,41.072866,28.238398,2026-06-09T06:00:00.000Z,18.9,,turkiye.gov.tr,0
17439,FOÇA/AZAPLAR (VENEDİK) KAYALIĞI FENERİ,İzmir,Foça,Ege,38.616562,26.744274,2026-06-09T06:00:00.000Z,21.7,,turkiye.gov.tr,0
17440,URLA BALIKÇI BARINAĞI MENDİREK FENERİ,İzmir,Urla,Ege,38.364761,26.772665,2026-06-09T06:00:00.000Z,26.5,,turkiye.gov.tr,0
17442,KONAK/İZMİR PASAPORT MENDİREK FENERİ,İzmir,Konak,Ege,38.429236,27.131698,2026-06-09T06:00:00.000Z,25.5,,turkiye.gov.tr,0
17443,ÇEŞME/KALE YERİ SIĞ.(DÖKÜNTÜTAŞI) FENERİ,İzmir,Çeşme,Ege,38.329226,26.267881,2026-06-09T06:00:00.000Z,21.8,,turkiye.gov.tr,0
17445,CİDE KUZEY MENDİREK FENERİ,Kastamonu,Cide,Karadeniz,41.9006,32.9778,2026-06-09T06:00:00.000Z,16.1,,turkiye.gov.tr,0
17446,İNEBOLU KUZEY MENDİREK FENERİ,Kastamonu,İnebolu,Karadeniz,41.9817,33.7769,2026-06-09T06:00:00.000Z,14.3,,turkiye.gov.tr,0
17447,VİZE/MİDYE KIYIKÖY BATI MENDİREK FENERİ (ANA),Kırklareli,Vize,Karadeniz,41.630847,28.101353,2026-06-09T06:00:00.000Z,23.1,,turkiye.gov.tr,0
17448,TUZLA İTÜ GÜNEY MENDİREK FENERİ,İstanbul,Tuzla,Marmara,40.811828,29.297373,2026-06-09T06:00:00.000Z,22.0,,turkiye.gov.tr,0
17449,KANDIRA/KEFKEN ADASI DOĞU MENDİREK FENERİ,Kocaeli,Kandıra,Karadeniz,41.211869,30.260694,2026-06-09T06:00:00.000Z,20.1,,turkiye.gov.tr,0
17451,MARMARA EREĞLİSİ BAL.BAR.ANA MENDİREK FENERİ,Tekirdağ,Marmaraereğlisi,Marmara,40.970825,27.959676,2026-06-09T06:00:00.000Z,24.6,,turkiye.gov.tr,0
17452,YALOVA SAMANLIDERE TALİ (DOĞU) MENDİREK FENERİ,Yalova,Merkez,Marmara,40.660597,29.246969,2026-06-09T06:00:00.000Z,18.1,,turkiye.gov.tr,0
17453,ZONGULDAK GÜNEY MENDİREK FENERİ,Zonguldak,Merkez,Karadeniz,41.458611,31.779166,2026-06-09T06:00:00.000Z,16.6,,turkiye.gov.tr,0
17454,FATİH/KUMKAPI FENERİ,İstanbul,Fatih,Marmara,41.000994,28.965432,2026-06-09T06:00:00.000Z,21.5,,turkiye.gov.tr,0
17455,SARIYER/RUMELİ FENERİ BAL. BAR. ANA MENDİREK FENERİ,İstanbul,Sarıyer,Karadeniz,41.229151,29.114919,2026-06-09T06:00:00.000Z,21.3,,turkiye.gov.tr,0
17459,İLKADIM/SAMSUN LİMAN KUZEY MENDİREK FENERİ,Samsun,İlkadım,Karadeniz,41.309587,36.355678,2026-06-09T06:00:00.000Z,22.1,,turkiye.gov.tr,0
17460,ÜNYE BALIKÇI BARINAĞI ANA MENDİREK FENERİ,Ordu,Ünye,Karadeniz,41.116448,37.348722,2026-06-09T06:00:00.000Z,19.9,,turkiye.gov.tr,0
17464,TRABZON LİMANI ANA MENDİREK FENERİ,Trabzon,Ortahisar,Karadeniz,41.006776,39.750108,2026-06-09T06:00:00.000Z,19.6,,turkiye.gov.tr,0
17465,ARAKLI BALIKÇI BARINAĞI TALİ MENDİREK FENERİ,Trabzon,Araklı,Karadeniz,40.945081,40.053776,2026-06-09T06:00:00.000Z,18.7,,turkiye.gov.tr,0
17466,ÇAYELİ BALIKÇI BARINAĞI TALİ MENDİREK FENERİ,Rize,Çayeli,Karadeniz,41.090095,40.722557,2026-06-09T06:00:00.000Z,19.2,,turkiye.gov.tr,0
17467,HOPA ANA MENDİREK FENERİ,Artvin,Hopa,Karadeniz,41.420291,41.429843,2026-06-09T06:00:00.000Z,24.6,,turkiye.gov.tr,0
17470,İNCEBURUN (YILDIZADASI) MARMARİS FENERİ,Muğla,Marmaris,Akdeniz,36.813936,28.265907,2026-06-09T06:00:00.000Z,24.5,,turkiye.gov.tr,0
17473,KAŞ BAYINDIR ANA MENDİREK FENERİ,Antalya,Kaş,Akdeniz,36.183225,29.642011,2026-06-09T06:00:00.000Z,24.6,,turkiye.gov.tr,0
17475,KEMER SIĞLIK FENERİ,Antalya,Kemer,Akdeniz,36.612395,30.574242,2026-06-09T06:00:00.000Z,26.4,,turkiye.gov.tr,0
17476,KONYAALTI/ANTALYA YENİ LİMAN ANA MENDİREK FENERİ,Antalya,Konyaaltı,Akdeniz,36.834011,30.616572,2026-06-09T06:00:00.000Z,25.0,,turkiye.gov.tr,0
17480,KARATAŞ BALIKÇI BARINAĞI TALİ MENDİREK FENERİ,Adana,Karataş,Akdeniz,36.557986,35.383499,2026-06-09T06:00:00.000Z,25.5,,turkiye.gov.tr,0
17482,VAN LİMAN,Van,Tuşba,Van Gölü,38.51486,43.307362,2026-06-09T06:00:00.000Z,20.3,,turkiye.gov.tr,0
17483,TATVAN LİMAN,Bitlis,Tatvan,Van Gölü,38.512592,42.302103,2026-06-09T06:00:00.000Z,16.1,,turkiye.gov.tr,0
17484,ADİLCEVAZ LİMAN,Bitlis,Adilcevaz,Van Gölü,38.797236,42.729931,2026-06-09T06:00:00.000Z,17.4,,turkiye.gov.tr,0
17489,MUDANYA/GÜZELYALI BALIKÇI BARINAĞI,Bursa,Mudanya,Marmara,40.35612,28.934036,2026-06-09T06:00:00.000Z,21.1,,turkiye.gov.tr,0
17492,DİDİM MARİNA FENERİ,Aydın,Didim,Ege,37.3369,27.264,2026-06-09T06:00:00.000Z,24.1,,turkiye.gov.tr,0
17493,SEFERİHİSAR/SIĞACIK MARİNA FENERİ,İzmir,Seferihisar,Ege,38.195707,26.782742,2026-06-09T06:00:00.000Z,22.2,,turkiye.gov.tr,0
17494,İSTANBUL HAVALİMANI LİMAN FENERİ,İstanbul,Arnavutköy,Karadeniz,41.313998,28.788586,2026-06-09T06:00:00.000Z,21.9,,turkiye.gov.tr,0
17495,ARHAVİ BALIKÇI BARINAĞI TALİ MENDİREK FENERİ,Artvin,Arhavi,Karadeniz,41.351192,41.293756,2026-06-09T06:00:00.000Z,19.3,,turkiye.gov.tr,0
17496,AYANCIK ÇAYLIOĞLU BALIKÇI BARINAĞI FENERİ,Sinop,Merkez,Karadeniz,41.966,34.508711,2026-06-09T06:00:00.000Z,21.6,,turkiye.gov.tr,0
17497,GELİBOLU SÜTLÜCE LİMANI KURU İSKELE,Çanakkale,Gelibolu,Marmara,40.320952,26.590161,2026-06-09T06:00:00.000Z,23.4,,turkiye.gov.tr,0
17498,FİLYOS LİMAN FENERİ,Zonguldak,Çaycuma,Karadeniz,41.593083,32.066475,2026-06-09T06:00:00.000Z,17.9,,turkiye.gov.tr,0
17015,AKÇAKOCA,Düzce,Akçakoca,Karadeniz,41.089528,31.143039,2026-07-17T06:00:00.000Z,22.6,,mgm,0
17024,İNEBOLU,Kastamonu,İnebolu,Karadeniz,41.978937,33.762945,2026-07-17T06:00:00.000Z,20.9,,mgm,0
17026,SİNOP,Sinop,Merkez,Karadeniz,42.029821,35.154286,2026-07-17T06:00:00.000Z,25.4,,mgm,0
17030,SAMSUN BÖLGE,Samsun,Atakum,Karadeniz,41.344286,36.255794,2026-07-17T06:00:00.000Z,25.5,,mgm,0
17033,ORDU,Ordu,Altınordu,Karadeniz,40.983833,37.885833,2026-07-17T06:00:00.000Z,24.4,,mgm,0
17034,GİRESUN,Giresun,Merkez,Karadeniz,40.922667,38.387833,2026-07-17T06:00:00.000Z,25.6,,mgm,0
17038,TRABZON HAVALİMANI,Trabzon,Ortahisar,Karadeniz,40.999133,39.779248,2026-07-17T06:00:00.000Z,23.2,,mgm,0
17040,RİZE,Rize,Merkez,Karadeniz,41.04,40.501333,2026-07-17T06:00:00.000Z,25.5,,mgm,0
17042,HOPA,Artvin,Hopa,Karadeniz,41.4065,41.433,2026-07-17T06:00:00.000Z,25.4,,mgm,0
17044,RİZE ARTVİN HAVALİMANI,Rize,Pazar,Karadeniz,41.177687,40.835223,2026-07-17T06:00:00.000Z,25.4,,mgm,0
17056,TEKİRDAĞ,Tekirdağ,Süleymanpaşa,Marmara,40.957959,27.496181,2026-07-17T06:00:00.000Z,25.2,,mgm,0
17059,SARIYER/KUMKÖY-KİLYOS,İstanbul,Sarıyer,Karadeniz,41.25047,29.038367,2026-07-17T06:00:00.000Z,25.4,,mgm,0
17112,ÇANAKKALE,Çanakkale,Merkez,Marmara,40.141428,26.399616,2026-07-17T06:00:00.000Z,24.6,,mgm,0
17175,AYVALIK,Balıkesir,Ayvalık,Ege,39.311292,26.686445,2026-07-17T06:00:00.000Z,24.8,,mgm,0
17180,DİKİLİ,İzmir,Dikili,Ege,39.073861,26.888093,2026-07-17T06:00:00.000Z,23.6,,mgm,0
17220,İZMİR BÖLGE,İzmir,Konak,Ege,38.3945,27.0821,2026-07-17T06:00:00.000Z,27.0,,mgm,0
17221,ÇEŞME,İzmir,Çeşme,Ege,38.303858,26.372882,2026-07-17T06:00:00.000Z,22.6,,mgm,0
17232,KUŞADASI,Aydın,Kuşadası,Ege,37.859636,27.265115,2026-07-17T06:00:00.000Z,24.4,,mgm,0
17290,BODRUM,Muğla,Bodrum,Ege,37.032611,27.439801,2026-07-17T06:00:00.000Z,24.9,,mgm,0
17296,FETHİYE,Muğla,Fethiye,Akdeniz,36.626611,29.123804,2026-07-17T06:00:00.000Z,29.2,,mgm,0
17297,DATÇA,Muğla,Datça,Ege,36.707945,27.691918,2026-07-17T06:00:00.000Z,23.4,,mgm,0
17298,MARMARİS,Muğla,Marmaris,Akdeniz,36.83926,28.244995,2026-07-17T06:00:00.000Z,24.6,,mgm,0
17310,ALANYA,Antalya,Alanya,Akdeniz,36.54999,31.979822,2026-07-17T06:00:00.000Z,29.4,,mgm,0
17320,ANAMUR,Mersin,Anamur,Akdeniz,36.068614,32.864876,2026-07-17T06:00:00.000Z,28.2,,mgm,0
17340,MERSİN,Mersin,Yenişehir,Akdeniz,36.780904,34.603125,2026-07-17T06:00:00.000Z,29.7,,mgm,0
17370,İSKENDERUN,Hatay,İskenderun,Akdeniz,36.592358,36.158158,2026-07-17T06:00:00.000Z,30.0,,mgm,0
17375,FİNİKE,Antalya,Finike,Akdeniz,36.3024,30.1458,2026-07-17T06:00:00.000Z,28.3,,mgm,0
17380,KAŞ,Antalya,Kaş,Akdeniz,36.200579,29.649995,2026-07-17T06:00:00.000Z,27.9,,mgm,0
17436,ENEZ TALİ MENDİREK FENERİ,Edirne,Enez,Ege,40.698218,26.051263,2026-07-17T23:35:00.000Z,24.8,,mgm,0
17381,KUŞADASI 3. NOLU ŞAMANDIRA,Aydın,Kuşadası,Ege,37.8458,27.2194,2026-07-17T23:38:00.000Z,25.1,,mgm,0
17383,NARLIDERE/İZMİR KÖRFEZİ A NOKTASI IŞIKLI ŞAMANDIRA,İzmir,Narlıdere,Ege,38.421203,26.917843,2026-07-17T23:38:00.000Z,25.9,,mgm,0
17387,GİRESUN PALAMUT KAYALIĞI MAHMUZ FENERİ,Giresun,Merkez,Karadeniz,40.9182,38.3783,2026-07-17T23:38:00.000Z,26.1,,mgm,0
17388,SİLİVRİ TPAO ŞAMANDIRA,İstanbul,Silivri,Marmara,41.039565,28.187255,2026-07-17T23:38:00.000Z,26.1,,mgm,0
17423,MARMARA BARINAK ANA MENDİREK FENERİ,Balıkesir,Marmara,Marmara,40.583839,27.560849,2026-07-17T23:38:00.000Z,26.1,,mgm,0
17426,BARTIN GÜNEY MENDİREK FENERİ,Bartın,Merkez,Karadeniz,41.6864,32.2261,2026-07-17T23:38:00.000Z,24.4,,mgm,0
17432,EZİNE/GEYİKLİ ODUNLUK İSKELE FENERİ,Çanakkale,Ezine,Ege,39.818998,26.160008,2026-07-17T23:38:00.000Z,21.6,,mgm,0
17437,TUZLA AYDINLI LİMAN FENERİ,İstanbul,Tuzla,Marmara,40.850611,29.271174,2026-07-17T23:38:00.000Z,23.5,,mgm,0
17439,FOÇA/AZAPLAR (VENEDİK) KAYALIĞI FENERİ,İzmir,Foça,Ege,38.616562,26.744274,2026-07-17T23:38:00.000Z,22.8,,mgm,0
17443,ÇEŞME/KALE YERİ SIĞ.(DÖKÜNTÜTAŞI) FENERİ,İzmir,Çeşme,Ege,38.329226,26.267881,2026-07-17T23:38:00.000Z,22.4,,mgm,0
17445,CİDE KUZEY MENDİREK FENERİ,Kastamonu,Cide,Karadeniz,41.9006,32.9778,2026-07-17T23:38:00.000Z,23.9,,mgm,0
17446,İNEBOLU KUZEY MENDİREK FENERİ,Kastamonu,İnebolu,Karadeniz,41.9817,33.7769,2026-07-17T23:38:00.000Z,23.7,,mgm,0
17448,TUZLA İTÜ GÜNEY MENDİREK FENERİ,İstanbul,Tuzla,Marmara,40.811828,29.297373,2026-07-17T23:38:00.000Z,24.0,,mgm,0
17449,KANDIRA/KEFKEN ADASI DOĞU MENDİREK FENERİ,Kocaeli,Kandıra,Karadeniz,41.211869,30.260694,2026-07-17T23:38:00.000Z,25.0,,mgm,0
17451,MARMARA EREĞLİSİ BAL.BAR.ANA MENDİREK FENERİ,Tekirdağ,Marmaraereğlisi,Marmara,40.970825,27.959676,2026-07-17T23:38:00.000Z,27.2,,mgm,0
17452,YALOVA SAMANLIDERE TALİ (DOĞU) MENDİREK FENERİ,Yalova,Merkez,Marmara,40.660597,29.246969,2026-07-17T23:38:00.000Z,24.3,,mgm,0
17454,FATİH/KUMKAPI FENERİ,İstanbul,Fatih,Marmara,41.000994,28.965432,2026-07-17T23:38:00.000Z,23.9,,mgm,0
17455,SARIYER/RUMELİ FENERİ BAL. BAR. ANA MENDİREK FENERİ,İstanbul,Sarıyer,Karadeniz,41.229151,29.114919,2026-07-17T23:38:00.000Z,25.8,,mgm,0
17459,İLKADIM/SAMSUN LİMAN KUZEY MENDİREK FENERİ,Samsun,İlkadım,Karadeniz,41.309587,36.355678,2026-07-17T23:38:00.000Z,25.7,,mgm,0
17467,HOPA ANA MENDİREK FENERİ,Artvin,Hopa,Karadeniz,41.420291,41.429843,2026-07-17T23:38:00.000Z,25.7,,mgm,0
17470,İNCEBURUN (YILDIZADASI) MARMARİS FENERİ,Muğla,Marmaris,Akdeniz,36.813936,28.265907,2026-07-17T23:38:00.000Z,25.6,,mgm,0
17473,KAŞ BAYINDIR ANA MENDİREK FENERİ,Antalya,Kaş,Akdeniz,36.183225,29.642011,2026-07-17T23:38:00.000Z,28.0,,mgm,0
17476,KONYAALTI/ANTALYA YENİ LİMAN ANA MENDİREK FENERİ,Antalya,Konyaaltı,Akdeniz,36.834011,30.616572,2026-07-17T23:38:00.000Z,29.4,,mgm,0
17491,GEVAŞ AKDAMAR FENERİ,Van,Gevaş,Van Gölü,38.309988,43.041398,2026-07-17T23:38:00.000Z,25.3,,mgm,0
17492,DİDİM MARİNA FENERİ,Aydın,Didim,Ege,37.3369,27.264,2026-07-17T23:38:00.000Z,23.1,,mgm,0
17494,İSTANBUL HAVALİMANI LİMAN FENERİ,İstanbul,Arnavutköy,Karadeniz,41.313998,28.788586,2026-07-17T23:38:00.000Z,26.5,,mgm,0
17495,ARHAVİ BALIKÇI BARINAĞI TALİ MENDİREK FENERİ,Artvin,Arhavi,Karadeniz,41.351192,41.293756,2026-07-17T23:38:00.000Z,24.0,,mgm,0
17496,AYANCIK ÇAYLIOĞLU BALIKÇI BARINAĞI FENERİ,Sinop,Merkez,Karadeniz,41.966,34.508711,2026-07-17T23:38:00.000Z,23.2,,mgm,0
17497,GELİBOLU SÜTLÜCE LİMANI KURU İSKELE,Çanakkale,Gelibolu,Marmara,40.320952,26.590161,2026-07-17T23:38:00.000Z,25.9,,mgm,0
17498,FİLYOS LİMAN FENERİ,Zonguldak,Çaycuma,Karadeniz,41.593083,32.066475,2026-07-17T23:38:00.000Z,24.9,,mgm,0
17428,AYVACIK/GÜLPINAR ANA MENDİREK FENERİ,Çanakkale,Ayvacık,Ege,39.5658,26.0967,2026-07-17T23:39:00.000Z,22.1,,mgm,0
17434,EZİNE YENİKÖY BAL.BAR. ANA MENDİREK FENERİ,Çanakkale,Ezine,Ege,39.9447,26.1611,2026-07-17T23:39:00.000Z,24.3,,mgm,0
17438,SİLİVRİ ANA MENDİREK FENERİ,İstanbul,Silivri,Marmara,41.072866,28.238398,2026-07-17T23:39:00.000Z,21.0,,mgm,0
17453,ZONGULDAK GÜNEY MENDİREK FENERİ,Zonguldak,Merkez,Karadeniz,41.458611,31.779166,2026-07-17T23:39:00.000Z,20.8,,mgm,0
17460,ÜNYE BALIKÇI BARINAĞI ANA MENDİREK FENERİ,Ordu,Ünye,Karadeniz,41.116448,37.348722,2026-07-17T23:39:00.000Z,23.8,,mgm,0
17475,KEMER SIĞLIK FENERİ,Antalya,Kemer,Akdeniz,36.612395,30.574242,2026-07-17T23:39:00.000Z,29.2,,mgm,0
17480,KARATAŞ BALIKÇI BARINAĞI TALİ MENDİREK FENERİ,Adana,Karataş,Akdeniz,36.557986,35.383499,2026-07-17T23:39:00.000Z,30.0,,mgm,0
17482,VAN LİMAN,Van,Tuşba,Van Gölü,38.51486,43.307362,2026-07-17T23:39:00.000Z,25.9,,mgm,0
17483,TATVAN LİMAN,Bitlis,Tatvan,Van Gölü,38.512592,42.302103,2026-07-17T23:39:00.000Z,23.2,,mgm,0
17484,ADİLCEVAZ LİMAN,Bitlis,Adilcevaz,Van Gölü,38.797236,42.729931,2026-07-17T23:39:00.000Z,23.7,,mgm,0
17464,TRABZON LİMANI ANA MENDİREK FENERİ,Trabzon,Ortahisar,Karadeniz,41.006776,39.750108,2026-07-17T23:40:00.000Z,23.5,,mgm,0
17465,ARAKLI BALIKÇI BARINAĞI TALİ MENDİREK FENERİ,Trabzon,Araklı,Karadeniz,40.945081,40.053776,2026-07-17T23:40:00.000Z,22.4,,mgm,0
17466,ÇAYELİ BALIKÇI BARINAĞI TALİ MENDİREK FENERİ,Rize,Çayeli,Karadeniz,41.090095,40.722557,2026-07-17T23:40:00.000Z,21.4,,mgm,0
17489,MUDANYA/GÜZELYALI BALIKÇI BARINAĞI,Bursa,Mudanya,Marmara,40.35612,28.934036,2026-07-17T23:40:00.000Z,23.1,,mgm,0
17440,URLA BALIKÇI BARINAĞI MENDİREK FENERİ,İzmir,Urla,Ege,38.364761,26.772665,2026-07-17T23:41:00.000Z,26.9,,mgm,0
17015,AKÇAKOCA,Düzce,Akçakoca,Karadeniz,41.089528,31.143039,2026-07-26T06:00:00.000Z,22.4,,mgm,0
17024,İNEBOLU,Kastamonu,İnebolu,Karadeniz,41.978937,33.762945,2026-07-26T06:00:00.000Z,21.9,,mgm,0
17026,SİNOP,Sinop,Merkez,Karadeniz,42.029821,35.154286,2026-07-26T06:00:00.000Z,25.0,,mgm,0
17030,SAMSUN BÖLGE,Samsun,Atakum,Karadeniz,41.344286,36.255794,2026-07-26T06:00:00.000Z,20.0,,mgm,0
17033,ORDU,Ordu,Altınordu,Karadeniz,40.983833,37.885833,2026-07-26T06:00:00.000Z,25.2,,mgm,0
17034,GİRESUN,Giresun,Merkez,Karadeniz,40.922667,38.387833,2026-07-26T06:00:00.000Z,26.2,,mgm,0
17038,TRABZON HAVALİMANI,Trabzon,Ortahisar,Karadeniz,40.999133,39.779248,2026-07-26T06:00:00.000Z,24.9,,mgm,0
17040,RİZE,Rize,Merkez,Karadeniz,41.04,40.501333,2026-07-26T06:00:00.000Z,25.8,,mgm,0
17042,HOPA,Artvin,Hopa,Karadeniz,41.4065,41.433,2026-07-26T06:00:00.000Z,26.5,,mgm,0
17044,RİZE ARTVİN HAVALİMANI,Rize,Pazar,Karadeniz,41.177687,40.835223,2026-07-26T06:00:00.000Z,26.5,,mgm,0
17056,TEKİRDAĞ,Tekirdağ,Süleymanpaşa,Marmara,40.957959,27.496181,2026-07-26T06:00:00.000Z,24.0,,mgm,0
17059,SARIYER/KUMKÖY-KİLYOS,İstanbul,Sarıyer,Karadeniz,41.25047,29.038367,2026-07-26T06:00:00.000Z,24.0,,mgm,0
17112,ÇANAKKALE,Çanakkale,Merkez,Marmara,40.141428,26.399616,2026-07-26T06:00:00.000Z,24.7,,mgm,0
17175,AYVALIK,Balıkesir,Ayvalık,Ege,39.311292,26.686445,2026-07-26T06:00:00.000Z,25.4,,mgm,0
17180,DİKİLİ,İzmir,Dikili,Ege,39.073861,26.888093,2026-07-26T06:00:00.000Z,25.0,,mgm,0
17220,İZMİR BÖLGE,İzmir,Konak,Ege,38.3945,27.0821,2026-07-26T06:00:00.000Z,30.3,,mgm,0
17221,ÇEŞME,İzmir,Çeşme,Ege,38.303858,26.372882,2026-07-26T06:00:00.000Z,23.1,,mgm,0
17232,KUŞADASI,Aydın,Kuşadası,Ege,37.859636,27.265115,2026-07-26T06:00:00.000Z,23.0,,mgm,0
17290,BODRUM,Muğla,Bodrum,Ege,37.032611,27.439801,2026-07-26T06:00:00.000Z,24.4,,mgm,0
17296,FETHİYE,Muğla,Fethiye,Akdeniz,36.626611,29.123804,2026-07-26T06:00:00.000Z,29.9,,mgm,0
17297,DATÇA,Muğla,Datça,Ege,36.707945,27.691918,2026-07-26T06:00:00.000Z,22.5,,mgm,0
17298,MARMARİS,Muğla,Marmaris,Akdeniz,36.83926,28.244995,2026-07-26T06:00:00.000Z,24.8,,mgm,0
17310,ALANYA,Antalya,Alanya,Akdeniz,36.54999,31.979822,2026-07-26T06:00:00.000Z,29.5,,mgm,0
17320,ANAMUR,Mersin,Anamur,Akdeniz,36.068614,32.864876,2026-07-26T06:00:00.000Z,28.8,,mgm,0
17340,MERSİN,Mersin,Yenişehir,Akdeniz,36.780904,34.603125,2026-07-26T06:00:00.000Z,30.5,,mgm,0
17370,İSKENDERUN,Hatay,İskenderun,Akdeniz,36.592358,36.158158,2026-07-26T06:00:00.000Z,30.0,,mgm,0
17375,FİNİKE,Antalya,Finike,Akdeniz,36.3024,30.1458,2026-07-26T06:00:00.000Z,29.0,,mgm,0
17380,KAŞ,Antalya,Kaş,Akdeniz,36.200579,29.649995,2026-07-26T06:00:00.000Z,25.8,,mgm,0
17428,AYVACIK/GÜLPINAR ANA MENDİREK FENERİ,Çanakkale,Ayvacık,Ege,39.5658,26.0967,2026-07-26T17:40:00.000Z,22.5,,mgm,0
17436,ENEZ TALİ MENDİREK FENERİ,Edirne,Enez,Ege,40.698218,26.051263,2026-07-26T23:52:00.000Z,23.5,,mgm,0
17381,KUŞADASI 3. NOLU ŞAMANDIRA,Aydın,Kuşadası,Ege,37.8458,27.2194,2026-07-26T23:53:00.000Z,23.4,,mgm,0
17383,NARLIDERE/İZMİR KÖRFEZİ A NOKTASI IŞIKLI ŞAMANDIRA,İzmir,Narlıdere,Ege,38.421203,26.917843,2026-07-26T23:53:00.000Z,25.8,,mgm,0
17387,GİRESUN PALAMUT KAYALIĞI MAHMUZ FENERİ,Giresun,Merkez,Karadeniz,40.9182,38.3783,2026-07-26T23:53:00.000Z,26.1,,mgm,0
17388,SİLİVRİ TPAO ŞAMANDIRA,İstanbul,Silivri,Marmara,41.039565,28.187255,2026-07-26T23:53:00.000Z,24.6,,mgm,0
17393,ANTALYA KÖRFEZİ ŞAMANDIRA,Antalya,Serik,Akdeniz,36.73874,31.00718,2026-07-26T23:53:00.000Z,31.0,,mgm,0
17423,MARMARA BARINAK ANA MENDİREK FENERİ,Balıkesir,Marmara,Marmara,40.583839,27.560849,2026-07-26T23:53:00.000Z,25.3,,mgm,0
17426,BARTIN GÜNEY MENDİREK FENERİ,Bartın,Merkez,Karadeniz,41.6864,32.2261,2026-07-26T23:53:00.000Z,23.2,,mgm,0
17432,EZİNE/GEYİKLİ ODUNLUK İSKELE FENERİ,Çanakkale,Ezine,Ege,39.818998,26.160008,2026-07-26T23:53:00.000Z,20.1,,mgm,0
17437,TUZLA AYDINLI LİMAN FENERİ,İstanbul,Tuzla,Marmara,40.850611,29.271174,2026-07-26T23:53:00.000Z,22.7,,mgm,0
17439,FOÇA/AZAPLAR (VENEDİK) KAYALIĞI FENERİ,İzmir,Foça,Ege,38.616562,26.744274,2026-07-26T23:53:00.000Z,23.1,,mgm,0
17443,ÇEŞME/KALE YERİ SIĞ.(DÖKÜNTÜTAŞI) FENERİ,İzmir,Çeşme,Ege,38.329226,26.267881,2026-07-26T23:53:00.000Z,23.3,,mgm,0
17445,CİDE KUZEY MENDİREK FENERİ,Kastamonu,Cide,Karadeniz,41.9006,32.9778,2026-07-26T23:53:00.000Z,21.4,,mgm,0
17446,İNEBOLU KUZEY MENDİREK FENERİ,Kastamonu,İnebolu,Karadeniz,41.9817,33.7769,2026-07-26T23:53:00.000Z,22.0,,mgm,0
17448,TUZLA İTÜ GÜNEY MENDİREK FENERİ,İstanbul,Tuzla,Marmara,40.811828,29.297373,2026-07-26T23:53:00.000Z,22.8,,mgm,0
17449,KANDIRA/KEFKEN ADASI DOĞU MENDİREK FENERİ,Kocaeli,Kandıra,Karadeniz,41.211869,30.260694,2026-07-26T23:53:00.000Z,23.6,,mgm,0
17451,MARMARA EREĞLİSİ BAL.BAR.ANA MENDİREK FENERİ,Tekirdağ,Marmaraereğlisi,Marmara,40.970825,27.959676,2026-07-26T23:53:00.000Z,24.9,,mgm,0
17452,YALOVA SAMANLIDERE TALİ (DOĞU) MENDİREK FENERİ,Yalova,Merkez,Marmara,40.660597,29.246969,2026-07-26T23:53:00.000Z,21.1,,mgm,0
17454,FATİH/KUMKAPI FENERİ,İstanbul,Fatih,Marmara,41.000994,28.965432,2026-07-26T23:53:00.000Z,23.6,,mgm,0
17455,SARIYER/RUMELİ FENERİ BAL. BAR. ANA MENDİREK FENERİ,İstanbul,Sarıyer,Karadeniz,41.229151,29.114919,2026-07-26T23:53:00.000Z,24.6,,mgm,0
17459,İLKADIM/SAMSUN LİMAN KUZEY MENDİREK FENERİ,Samsun,İlkadım,Karadeniz,41.309587,36.355678,2026-07-26T23:53:00.000Z,25.0,,mgm,0
17467,HOPA ANA MENDİREK FENERİ,Artvin,Hopa,Karadeniz,41.420291,41.429843,2026-07-26T23:53:00.000Z,26.3,,mgm,0
17470,İNCEBURUN (YILDIZADASI) MARMARİS FENERİ,Muğla,Marmaris,Akdeniz,36.813936,28.265907,2026-07-26T23:53:00.000Z,20.3,,mgm,0
17473,KAŞ BAYINDIR ANA MENDİREK FENERİ,Antalya,Kaş,Akdeniz,36.183225,29.642011,2026-07-26T23:53:00.000Z,25.5,,mgm,0
17476,KONYAALTI/ANTALYA YENİ LİMAN ANA MENDİREK FENERİ,Antalya,Konyaaltı,Akdeniz,36.834011,30.616572,2026-07-26T23:53:00.000Z,29.2,,mgm,0
17491,GEVAŞ AKDAMAR FENERİ,Van,Gevaş,Van Gölü,38.309988,43.041398,2026-07-26T23:53:00.000Z,25.5,,mgm,0
17492,DİDİM MARİNA FENERİ,Aydın,Didim,Ege,37.3369,27.264,2026-07-26T23:53:00.000Z,21.8,,mgm,0
17494,İSTANBUL HAVALİMANI LİMAN FENERİ,İstanbul,Arnavutköy,Karadeniz,41.313998,28.788586,2026-07-26T23:53:00.000Z,26.7,,mgm,0
17495,ARHAVİ BALIKÇI BARINAĞI TALİ MENDİREK FENERİ,Artvin,Arhavi,Karadeniz,41.351192,41.293756,2026-07-26T23:53:00.000Z,23.3,,mgm,0
17496,AYANCIK ÇAYLIOĞLU BALIKÇI BARINAĞI FENERİ,Sinop,Merkez,Karadeniz,41.966,34.508711,2026-07-26T23:53:00.000Z,22.0,,mgm,0
17497,GELİBOLU SÜTLÜCE LİMANI KURU İSKELE,Çanakkale,Gelibolu,Marmara,40.320952,26.590161,2026-07-26T23:53:00.000Z,25.7,,mgm,0
17498,FİLYOS LİMAN FENERİ,Zonguldak,Çaycuma,Karadeniz,41.593083,32.066475,2026-07-26T23:53:00.000Z,22.8,,mgm,0
17434,EZİNE YENİKÖY BAL.BAR. ANA MENDİREK FENERİ,Çanakkale,Ezine,Ege,39.9447,26.1611,2026-07-26T23:54:00.000Z,25.3,,mgm,0
17438,SİLİVRİ ANA MENDİREK FENERİ,İstanbul,Silivri,Marmara,41.072866,28.238398,2026-07-26T23:54:00.000Z,20.2,,mgm,0
17442,KONAK/İZMİR PASAPORT MENDİREK FENERİ,İzmir,Konak,Ege,38.429236,27.131698,2026-07-26T23:54:00.000Z,30.0,,mgm,0
17453,ZONGULDAK GÜNEY MENDİREK FENERİ,Zonguldak,Merkez,Karadeniz,41.458611,31.779166,2026-07-26T23:54:00.000Z,20.4,,mgm,0
17460,ÜNYE BALIKÇI BARINAĞI ANA MENDİREK FENERİ,Ordu,Ünye,Karadeniz,41.116448,37.348722,2026-07-26T23:54:00.000Z,22.9,,mgm,0
17475,KEMER SIĞLIK FENERİ,Antalya,Kemer,Akdeniz,36.612395,30.574242,2026-07-26T23:54:00.000Z,29.0,,mgm,0
17480,KARATAŞ BALIKÇI BARINAĞI TALİ MENDİREK FENERİ,Adana,Karataş,Akdeniz,36.557986,35.383499,2026-07-26T23:54:00.000Z,29.2,,mgm,0
17482,VAN LİMAN,Van,Tuşba,Van Gölü,38.51486,43.307362,2026-07-26T23:54:00.000Z,26.7,,mgm,0
17483,TATVAN LİMAN,Bitlis,Tatvan,Van Gölü,38.512592,42.302103,2026-07-26T23:54:00.000Z,23.1,,mgm,0
17484,ADİLCEVAZ LİMAN,Bitlis,Adilcevaz,Van Gölü,38.797236,42.729931,2026-07-26T23:54:00.000Z,23.2,,mgm,0
17464,TRABZON LİMANI ANA MENDİREK FENERİ,Trabzon,Ortahisar,Karadeniz,41.006776,39.750108,2026-07-26T23:55:00.000Z,24.4,,mgm,0
17465,ARAKLI BALIKÇI BARINAĞI TALİ MENDİREK FENERİ,Trabzon,Araklı,Karadeniz,40.945081,40.053776,2026-07-26T23:55:00.000Z,23.1,,mgm,0
17466,ÇAYELİ BALIKÇI BARINAĞI TALİ MENDİREK FENERİ,Rize,Çayeli,Karadeniz,41.090095,40.722557,2026-07-26T23:55:00.000Z,22.1,,mgm,0
17489,MUDANYA/GÜZELYALI BALIKÇI BARINAĞI,Bursa,Mudanya,Marmara,40.35612,28.934036,2026-07-26T23:55:00.000Z,23.1,,mgm,0
17440,URLA BALIKÇI BARINAĞI MENDİREK FENERİ,İzmir,Urla,Ege,38.364761,26.772665,2026-07-26T23:56:00.000Z,27.7,,mgm,0
17387,GİRESUN PALAMUT KAYALIĞI MAHMUZ FENERİ,Giresun,Merkez,Karadeniz,40.9182,38.3783,2026-09-15T15:08:00.000Z,23.6,,mgm,0
17015,AKÇAKOCA,Düzce,Akçakoca,Karadeniz,41.089528,31.143039,2026-09-16T06:00:00.000Z,21.8,,mgm,0
17024,İNEBOLU,Kastamonu,İnebolu,Karadeniz,41.978937,33.762945,2026-09-16T06:00:00.000Z,23.1,,mgm,0
17026,SİNOP,Sinop,Merkez,Karadeniz,42.029821,35.154286,2026-09-16T06:00:00.000Z,22.8,,mgm,0
17030,SAMSUN BÖLGE,Samsun,Atakum,Karadeniz,41.344286,36.255794,2026-09-16T06:00:00.000Z,24.4,,mgm,0
17033,ORDU,Ordu,Altınordu,Karadeniz,40.983833,37.885833,2026-09-16T06:00:00.000Z,22.2,,mgm,0
17034,GİRESUN,Giresun,Merkez,Karadeniz,40.922667,38.387833,2026-09-16T06:00:00.000Z,23.1,,mgm,0
17038,TRABZON HAVALİMANI,Trabzon,Ortahisar,Karadeniz,40.999133,39.779248,2026-09-16T06:00:00.000Z,23.2,,mgm,0
17040,RİZE,Rize,Merkez,Karadeniz,41.04,40.501333,2026-09-16T06:00:00.000Z,25.2,,mgm,0
17042,HOPA,Artvin,Hopa,Karadeniz,41.4065,41.433,2026-09-16T06:00:00.000Z,25.6,,mgm,0
17044,RİZE ARTVİN HAVALİMANI,Rize,Pazar,Karadeniz,41.177687,40.835223,2026-09-16T06:00:00.000Z,25.0,,mgm,0
17056,TEKİRDAĞ,Tekirdağ,Süleymanpaşa,Marmara,40.957959,27.496181,2026-09-16T06:00:00.000Z,22.8,,mgm,0
17059,SARIYER/KUMKÖY-KİLYOS,İstanbul,Sarıyer,Karadeniz,41.25047,29.038367,2026-09-16T06:00:00.000Z,23.5,,mgm,0
17112,ÇANAKKALE,Çanakkale,Merkez,Marmara,40.141428,26.399616,2026-09-16T06:00:00.000Z,23.6,,mgm,0
17175,AYVALIK,Balıkesir,Ayvalık,Ege,39.311292,26.686445,2026-09-16T06:00:00.000Z,23.8,,mgm,0
17180,DİKİLİ,İzmir,Dikili,Ege,39.073861,26.888093,2026-09-16T06:00:00.000Z,24.2,,mgm,0
17220,İZMİR BÖLGE,İzmir,Konak,Ege,38.3945,27.0821,2026-09-16T06:00:00.000Z,26.0,,mgm,0
17221,ÇEŞME,İzmir,Çeşme,Ege,38.303858,26.372882,2026-09-16T06:00:00.000Z,22.2,,mgm,0
17232,KUŞADASI,Aydın,Kuşadası,Ege,37.859636,27.265115,2026-09-16T06:00:00.000Z,23.8,,mgm,0
17290,BODRUM,Muğla,Bodrum,Ege,37.032611,27.439801,2026-09-16T06:00:00.000Z,25.2,,mgm,0
17296,FETHİYE,Muğla,Fethiye,Akdeniz,36.626611,29.123804,2026-09-16T06:00:00.000Z,29.8,,mgm,0
17297,DATÇA,Muğla,Datça,Ege,36.707945,27.691918,2026-09-16T06:00:00.000Z,25.4,,mgm,0
17298,MARMARİS,Muğla,Marmaris,Akdeniz,36.83926,28.244995,2026-09-16T06:00:00.000Z,26.8,,mgm,0
17310,ALANYA,Antalya,Alanya,Akdeniz,36.54999,31.979822,2026-09-16T06:00:00.000Z,30.0,,mgm,0
17320,ANAMUR,Mersin,Anamur,Akdeniz,36.068614,32.864876,2026-09-16T06:00:00.000Z,28.9,,mgm,0
17340,MERSİN,Mersin,Yenişehir,Akdeniz,36.780904,34.603125,2026-09-16T06:00:00.000Z,30.1,,mgm,0
17370,İSKENDERUN,Hatay,İskenderun,Akdeniz,36.592358,36.158158,2026-09-16T06:00:00.000Z,31.0,,mgm,0
17375,FİNİKE,Antalya,Finike,Akdeniz,36.3024,30.1458,2026-09-16T06:00:00.000Z,27.8,,mgm,0
17380,KAŞ,Antalya,Kaş,Akdeniz,36.200579,29.649995,2026-09-16T06:00:00.000Z,27.8,,mgm,0
17394,SİLİFKE/TAŞUCU AÇIKLARI ŞAMANDIRA,Mersin,Silifke,Akdeniz,36.138023,33.863951,2026-09-16T06:54:00.000Z,31.6,,mgm,0
17442,KONAK/İZMİR PASAPORT MENDİREK FENERİ,İzmir,Konak,Ege,38.429236,27.131698,2026-09-16T08:57:00.000Z,26.1,,mgm,0
17436,ENEZ TALİ MENDİREK FENERİ,Edirne,Enez,Ege,40.698218,26.051263,2026-09-16T09:02:00.000Z,21.0,,mgm,0
17381,KUŞADASI 3. NOLU ŞAMANDIRA,Aydın,Kuşadası,Ege,37.8458,27.2194,2026-09-16T09:03:00.000Z,23.8,,mgm,0
17426,BARTIN GÜNEY MENDİREK FENERİ,Bartın,Merkez,Karadeniz,41.6864,32.2261,2026-09-16T09:03:00.000Z,23.2,,mgm,0
17437,TUZLA AYDINLI LİMAN FENERİ,İstanbul,Tuzla,Marmara,40.850611,29.271174,2026-09-16T09:03:00.000Z,22.3,,mgm,0
17439,FOÇA/AZAPLAR (VENEDİK) KAYALIĞI FENERİ,İzmir,Foça,Ege,38.616562,26.744274,2026-09-16T09:03:00.000Z,22.7,,mgm,0
17443,ÇEŞME/KALE YERİ SIĞ.(DÖKÜNTÜTAŞI) FENERİ,İzmir,Çeşme,Ege,38.329226,26.267881,2026-09-16T09:03:00.000Z,22.3,,mgm,0
17445,CİDE KUZEY MENDİREK FENERİ,Kastamonu,Cide,Karadeniz,41.9006,32.9778,2026-09-16T09:03:00.000Z,22.5,,mgm,0
17446,İNEBOLU KUZEY MENDİREK FENERİ,Kastamonu,İnebolu,Karadeniz,41.9817,33.7769,2026-09-16T09:03:00.000Z,23.3,,mgm,0
17449,KANDIRA/KEFKEN ADASI DOĞU MENDİREK FENERİ,Kocaeli,Kandıra,Karadeniz,41.211869,30.260694,2026-09-16T09:03:00.000Z,23.9,,mgm,0
17451,MARMARA EREĞLİSİ BAL.BAR.ANA MENDİREK FENERİ,Tekirdağ,Marmaraereğlisi,Marmara,40.970825,27.959676,2026-09-16T09:03:00.000Z,22.8,,mgm,0
17452,YALOVA SAMANLIDERE TALİ (DOĞU) MENDİREK FENERİ,Yalova,Merkez,Marmara,40.660597,29.246969,2026-09-16T09:03:00.000Z,20.1,,mgm,0
17454,FATİH/KUMKAPI FENERİ,İstanbul,Fatih,Marmara,41.000994,28.965432,2026-09-16T09:03:00.000Z,22.1,,mgm,0
17455,SARIYER/RUMELİ FENERİ BAL. BAR. ANA MENDİREK FENERİ,İstanbul,Sarıyer,Karadeniz,41.229151,29.114919,2026-09-16T09:03:00.000Z,23.4,,mgm,0
17467,HOPA ANA MENDİREK FENERİ,Artvin,Hopa,Karadeniz,41.420291,41.429843,2026-09-16T09:03:00.000Z,25.2,,mgm,0
17470,İNCEBURUN (YILDIZADASI) MARMARİS FENERİ,Muğla,Marmaris,Akdeniz,36.813936,28.265907,2026-09-16T09:03:00.000Z,26.8,,mgm,0
17473,KAŞ BAYINDIR ANA MENDİREK FENERİ,Antalya,Kaş,Akdeniz,36.183225,29.642011,2026-09-16T09:03:00.000Z,27.9,,mgm,0
17476,KONYAALTI/ANTALYA YENİ LİMAN ANA MENDİREK FENERİ,Antalya,Konyaaltı,Akdeniz,36.834011,30.616572,2026-09-16T09:03:00.000Z,29.0,,mgm,0
17477,ALANYA YENİ YAT LİMAN ANA MENDİREK FENERİ,Antalya,Alanya,Akdeniz,36.557404,31.951419,2026-09-16T09:03:00.000Z,31.1,,mgm,0
17491,GEVAŞ AKDAMAR FENERİ,Van,Gevaş,Van Gölü,38.309988,43.041398,2026-09-16T09:03:00.000Z,26.4,,mgm,0
17492,DİDİM MARİNA FENERİ,Aydın,Didim,Ege,37.3369,27.264,2026-09-16T09:03:00.000Z,24.8,,mgm,0
17494,İSTANBUL HAVALİMANI LİMAN FENERİ,İstanbul,Arnavutköy,Karadeniz,41.313998,28.788586,2026-09-16T09:03:00.000Z,27.1,,mgm,0
17495,ARHAVİ BALIKÇI BARINAĞI TALİ MENDİREK FENERİ,Artvin,Arhavi,Karadeniz,41.351192,41.293756,2026-09-16T09:03:00.000Z,22.5,,mgm,0
17497,GELİBOLU SÜTLÜCE LİMANI KURU İSKELE,Çanakkale,Gelibolu,Marmara,40.320952,26.590161,2026-09-16T09:03:00.000Z,23.8,,mgm,0
17498,FİLYOS LİMAN FENERİ,Zonguldak,Çaycuma,Karadeniz,41.593083,32.066475,2026-09-16T09:03:00.000Z,23.9,,mgm,0
17434,EZİNE YENİKÖY BAL.BAR. ANA MENDİREK FENERİ,Çanakkale,Ezine,Ege,39.9447,26.1611,2026-09-16T09:04:00.000Z,22.3,,mgm,0
17436,ENEZ TALİ MENDİREK FENERİ,Edirne,Enez,Ege,40.698218,26.051263,2026-09-16T09:04:00.000Z,21.0,,mgm,0
17450,BODRUM YALIKAVAK GEMİTAŞI FENERİ,Muğla,Bodrum,Ege,37.150133,27.263333,2026-09-16T09:04:00.000Z,22.0,,mgm,0
17453,ZONGULDAK GÜNEY MENDİREK FENERİ,Zonguldak,Merkez,Karadeniz,41.458611,31.779166,2026-09-16T09:04:00.000Z,19.6,,mgm,0
17460,ÜNYE BALIKÇI BARINAĞI ANA MENDİREK FENERİ,Ordu,Ünye,Karadeniz,41.116448,37.348722,2026-09-16T09:04:00.000Z,21.3,,mgm,0
17466,ÇAYELİ BALIKÇI BARINAĞI TALİ MENDİREK FENERİ,Rize,Çayeli,Karadeniz,41.090095,40.722557,2026-09-16T09:04:00.000Z,22.4,,mgm,0
17475,KEMER SIĞLIK FENERİ,Antalya,Kemer,Akdeniz,36.612395,30.574242,2026-09-16T09:04:00.000Z,29.0,,mgm,0
17480,KARATAŞ BALIKÇI BARINAĞI TALİ MENDİREK FENERİ,Adana,Karataş,Akdeniz,36.557986,35.383499,2026-09-16T09:04:00.000Z,30.8,,mgm,0
17482,VAN LİMAN,Van,Tuşba,Van Gölü,38.51486,43.307362,2026-09-16T09:04:00.000Z,22.6,,mgm,0
17483,TATVAN LİMAN,Bitlis,Tatvan,Van Gölü,38.512592,42.302103,2026-09-16T09:04:00.000Z,22.4,,mgm,0
17484,ADİLCEVAZ LİMAN,Bitlis,Adilcevaz,Van Gölü,38.797236,42.729931,2026-09-16T09:04:00.000Z,22.8,,mgm,0
17489,MUDANYA/GÜZELYALI BALIKÇI BARINAĞI,Bursa,Mudanya,Marmara,40.35612,28.934036,2026-09-16T09:04:00.000Z,21.7,,mgm,0
17464,TRABZON LİMANI ANA MENDİREK FENERİ,Trabzon,Ortahisar,Karadeniz,41.006776,39.750108,2026-09-16T09:05:00.000Z,23.3,,mgm,0
17465,ARAKLI BALIKÇI BARINAĞI TALİ MENDİREK FENERİ,Trabzon,Araklı,Karadeniz,40.945081,40.053776,2026-09-16T09:06:00.000Z,22.1,,mgm,0
17440,URLA BALIKÇI BARINAĞI MENDİREK FENERİ,İzmir,Urla,Ege,38.364761,26.772665,2026-09-16T09:07:00.000Z,25.9,,mgm,0
17470,İNCEBURUN (YILDIZADASI) MARMARİS FENERİ,Muğla,Marmaris,Akdeniz,36.813936,28.265907,2026-09-16T09:07:00.000Z,26.8,,mgm,0
17381,KUŞADASI 3. NOLU ŞAMANDIRA,Aydın,Kuşadası,Ege,37.8458,27.2194,2026-09-16T09:08:00.000Z,23.8,,mgm,0
17426,BARTIN GÜNEY MENDİREK FENERİ,Bartın,Merkez,Karadeniz,41.6864,32.2261,2026-09-16T09:08:00.000Z,23.2,,mgm,0
17437,TUZLA AYDINLI LİMAN FENERİ,İstanbul,Tuzla,Marmara,40.850611,29.271174,2026-09-16T09:08:00.000Z,22.3,,mgm,0
17439,FOÇA/AZAPLAR (VENEDİK) KAYALIĞI FENERİ,İzmir,Foça,Ege,38.616562,26.744274,2026-09-16T09:08:00.000Z,22.7,,mgm,0
17443,ÇEŞME/KALE YERİ SIĞ.(DÖKÜNTÜTAŞI) FENERİ,İzmir,Çeşme,Ege,38.329226,26.267881,2026-09-16T09:08:00.000Z,22.4,,mgm,0
17445,CİDE KUZEY MENDİREK FENERİ,Kastamonu,Cide,Karadeniz,41.9006,32.9778,2026-09-16T09:08:00.000Z,22.5,,mgm,0
17446,İNEBOLU KUZEY MENDİREK FENERİ,Kastamonu,İnebolu,Karadeniz,41.9817,33.7769,2026-09-16T09:08:00.000Z,23.3,,mgm,0
17449,KANDIRA/KEFKEN ADASI DOĞU MENDİREK FENERİ,Kocaeli,Kandıra,Karadeniz,41.211869,30.260694,2026-09-16T09:08:00.000Z,23.9,,mgm,0
17451,MARMARA EREĞLİSİ BAL.BAR.ANA MENDİREK FENERİ,Tekirdağ,Marmaraereğlisi,Marmara,40.970825,27.959676,2026-09-16T09:08:00.000Z,22.8,,mgm,0
17452,YALOVA SAMANLIDERE TALİ (DOĞU) MENDİREK FENERİ,Yalova,Merkez,Marmara,40.660597,29.246969,2026-09-16T09:08:00.000Z,20.1,,mgm,0
17454,FATİH/KUMKAPI FENERİ,İstanbul,Fatih,Marmara,41.000994,28.965432,2026-09-16T09:08:00.000Z,22.1,,mgm,0
17455,SARIYER/RUMELİ FENERİ BAL. BAR. ANA MENDİREK FENERİ,İstanbul,Sarıyer,Karadeniz,41.229151,29.114919,2026-09-16T09:08:00.000Z,23.4,,mgm,0
17467,HOPA ANA MENDİREK FENERİ,Artvin,Hopa,Karadeniz,41.420291,41.429843,2026-09-16T09:08:00.000Z,25.2,,mgm,0
17473,KAŞ BAYINDIR ANA MENDİREK FENERİ,Antalya,Kaş,Akdeniz,36.183225,29.642011,2026-09-16T09:08:00.000Z,27.9,,mgm,0
17476,KONYAALTI/ANTALYA YENİ LİMAN ANA MENDİREK FENERİ,Antalya,Konyaaltı,Akdeniz,36.834011,30.616572,2026-09-16T09:08:00.000Z,29.0,,mgm,0
17477,ALANYA YENİ YAT LİMAN ANA MENDİREK FENERİ,Antalya,Alanya,Akdeniz,36.557404,31.951419,2026-09-16T09:08:00.000Z,30.6,,mgm,0
17491,GEVAŞ AKDAMAR FENERİ,Van,Gevaş,Van Gölü,38.309988,43.041398,2026-09-16T09:08:00.000Z,26.3,,mgm,0
17492,DİDİM MARİNA FENERİ,Aydın,Didim,Ege,37.3369,27.264,2026-09-16T09:08:00.000Z,24.8,,mgm,0
17494,İSTANBUL HAVALİMANI LİMAN FENERİ,İstanbul,Arnavutköy,Karadeniz,41.313998,28.788586,2026-09-16T09:08:00.000Z,27.0,,mgm,0
17495,ARHAVİ BALIKÇI BARINAĞI TALİ MENDİREK FENERİ,Artvin,Arhavi,Karadeniz,41.351192,41.293756,2026-09-16T09:08:00.000Z,22.6,,mgm,0
17497,GELİBOLU SÜTLÜCE LİMANI KURU İSKELE,Çanakkale,Gelibolu,Marmara,40.320952,26.590161,2026-09-16T09:08:00.000Z,23.8,,mgm,0
17498,FİLYOS LİMAN FENERİ,Zonguldak,Çaycuma,Karadeniz,41.593083,32.066475,2026-09-16T09:08:00.000Z,23.9,,mgm,0
17434,EZİNE YENİKÖY BAL.BAR. ANA MENDİREK FENERİ,Çanakkale,Ezine,Ege,39.9447,26.1611,2026-09-16T09:09:00.000Z,22.4,,mgm,0
17442,KONAK/İZMİR PASAPORT MENDİREK FENERİ,İzmir,Konak,Ege,38.429236,27.131698,2026-09-16T09:09:00.000Z,26.1,,mgm,0
17450,BODRUM YALIKAVAK GEMİTAŞI FENERİ,Muğla,Bodrum,Ege,37.150133,27.263333,2026-09-16T09:09:00.000Z,21.9,,mgm,0
17453,ZONGULDAK GÜNEY MENDİREK FENERİ,Zonguldak,Merkez,Karadeniz,41.458611,31.779166,2026-09-16T09:09:00.000Z,19.6,,mgm,0
17460,ÜNYE BALIKÇI BARINAĞI ANA MENDİREK FENERİ,Ordu,Ünye,Karadeniz,41.116448,37.348722,2026-09-16T09:09:00.000Z,21.3,,mgm,0
17466,ÇAYELİ BALIKÇI BARINAĞI TALİ MENDİREK FENERİ,Rize,Çayeli,Karadeniz,41.090095,40.722557,2026-09-16T09:09:00.000Z,22.4,,mgm,0
17475,KEMER SIĞLIK FENERİ,Antalya,Kemer,Akdeniz,36.612395,30.574242,2026-09-16T09:09:00.000Z,29.0,,mgm,0
17480,KARATAŞ BALIKÇI BARINAĞI TALİ MENDİREK FENERİ,Adana,Karataş,Akdeniz,36.557986,35.383499,2026-09-16T09:09:00.000Z,30.6,,mgm,0
17482,VAN LİMAN,Van,Tuşba,Van Gölü,38.51486,43.307362,2026-09-16T09:09:00.000Z,22.4,,mgm,0
17483,TATVAN LİMAN,Bitlis,Tatvan,Van Gölü,38.512592,42.302103,2026-09-16T09:09:00.000Z,22.4,,mgm,0
17484,ADİLCEVAZ LİMAN,Bitlis,Adilcevaz,Van Gölü,38.797236,42.729931,2026-09-16T09:09:00.000Z,22.8,,mgm,0
17489,MUDANYA/GÜZELYALI BALIKÇI BARINAĞI,Bursa,Mudanya,Marmara,40.35612,28.934036,2026-09-16T09:09:00.000Z,21.8,,mgm,0
17464,TRABZON LİMANI ANA MENDİREK FENERİ,Trabzon,Ortahisar,Karadeniz,41.006776,39.750108,2026-09-16T09:10:00.000Z,23.3,,mgm,0
17465,ARAKLI BALIKÇI BARINAĞI TALİ MENDİREK FENERİ,Trabzon,Araklı,Karadeniz,40.945081,40.053776,2026-09-16T09:11:00.000Z,22.1,,mgm,0
17440,URLA BALIKÇI BARINAĞI MENDİREK FENERİ,İzmir,Urla,Ege,38.364761,26.772665,2026-09-16T09:12:00.000Z,26.0,,mgm,0
